r,coalition_key,active_gate_indices,included_gate_indices_total,n_active_gates,n_total_gates,value_accuracy,data_index,convention,svc_c,train_path,test_path,train_shape,test_shape,feature_columns,label_column,train_sha256,test_sha256
3,2-4-5-6-7-9-11-12-13-14-16-18-19-20-21,2-4-5-6-7-9-11-12-13-14-16-18-19-20-21,1-2-3-4-5-6-7-8-9-10-11-12-13-14-15-16-17-18-19-20-21,15,21,0.809,4,"cnot_0->1,cross_on_target,features_normal,sim_manual",1.0,/Users/iratimush/xqml-thesis/data/qsvm-traindata-4.csv,/Users/iratimush/xqml-thesis/data/qsvm-testdata-4.csv,40x2,1000x2,x0|x1,y,c6ab35d78e77b1d190dea52a7042c0a85b752b94ea37a8db325523310ecb2dc4,df762f19922720510b6a4c1239f010d677250801b83f88fef2e96d64b8a0769e
3,empty,,1-3-8-10-15-17,0,6,0.5,4,"cnot_0->1,cross_on_target,features_normal,sim_manual",1.0,/Users/iratimush/xqml-thesis/data/qsvm-traindata-4.csv,/Users/iratimush/xqml-thesis/data/qsvm-testdata-4.csv,40x2,1000x2,x0|x1,y,c6ab35d78e77b1d190dea52a7042c0a85b752b94ea37a8db325523310ecb2dc4,df762f19922720510b6a4c1239f010d677250801b83f88fef2e96d64b8a0769e
3,2,2,1-2-3-8-10-15-17,1,7,0.581,4,"cnot_0->1,cross_on_target,features_normal,sim_manual",1.0,/Users/iratimush/xqml-thesis/data/qsvm-traindata-4.csv,/Users/iratimush/xqml-thesis/data/qsvm-testdata-4.csv,40x2,1000x2,x0|x1,y,c6ab35d78e77b1d190dea52a7042c0a85b752b94ea37a8db325523310ecb2dc4,df762f19922720510b6a4c1239f010d677250801b83f88fef2e96d64b8a0769e
3,2-4,2-4,1-2-3-4-8-10-15-17,2,8,0.559,4,"cnot_0->1,cross_on_target,features_normal,sim_manual",1.0,/Users/iratimush/xqml-thesis/data/qsvm-traindata-4.csv,/Users/iratimush/xqml-thesis/data/qsvm-testdata-4.csv,40x2,1000x2,x0|x1,y,c6ab35d78e77b1d190dea52a7042c0a85b752b94ea37a8db325523310ecb2dc4,df762f19922720510b6a4c1239f010d677250801b83f88fef2e96d64b8a0769e
3,2-4-5-6-7-9-11-12-13-14-16-18-19-20,2-4-5-6-7-9-11-12-13-14-16-18-19-20,1-2-3-4-5-6-7-8-9-10-11-12-13-14-15-16-17-18-19-20,14,20,0.809,4,"cnot_0->1,cross_on_target,features_normal,sim_manual",1.0,/Users/iratimush/xqml-thesis/data/qsvm-traindata-4.csv,/Users/iratimush/xqml-thesis/data/qsvm-testdata-4.csv,40x2,1000x2,x0|x1,y,c6ab35d78e77b1d190dea52a7042c0a85b752b94ea37a8db325523310ecb2dc4,df762f19922720510b6a4c1239f010d677250801b83f88fef2e96d64b8a0769e
3,2-4-5-6-7-9-11-12-13-14-16-18-19-21,2-4-5-6-7-9-11-12-13-14-16-18-19-21,1-2-3-4-5-6-7-8-9-10-11-12-13-14-15-16-17-18-19-21,14,20,0.783,4,"cnot_0->1,cross_on_target,features_normal,sim_manual",1.0,/Users/iratimush/xqml-thesis/data/qsvm-traindata-4.csv,/Users/iratimush/xqml-thesis/data/qsvm-testdata-4.csv,40x2,1000x2,x0|x1,y,c6ab35d78e77b1d190dea52a7042c0a85b752b94ea37a8db325523310ecb2dc4,df762f19922720510b6a4c1239f010d677250801b83f88fef2e96d64b8a0769e
3,2-4-5-6-7-9-11-12-13-14-16-18-20,2-4-5-6-7-9-11-12-13-14-16-18-20,1-2-3-4-5-6-7-8-9-10-11-12-13-14-15-16-17-18-20,13,19,0.652,4,"cnot_0->1,cross_on_target,features_normal,sim_manual",1.0,/Users/iratimush/xqml-thesis/data/qsvm-traindata-4.csv,/Users/iratimush/xqml-thesis/data/qsvm-testdata-4.csv,40x2,1000x2,x0|x1,y,c6ab35d78e77b1d190dea52a7042c0a85b752b94ea37a8db325523310ecb2dc4,df762f19922720510b6a4c1239f010d677250801b83f88fef2e96d64b8a0769e
3,2-4-5-6-7-9-11-12-13-14-16-18-20-21,2-4-5-6-7-9-11-12-13-14-16-18-20-21,1-2-3-4-5-6-7-8-9-10-11-12-13-14-15-16-17-18-20-21,14,20,0.652,4,"cnot_0->1,cross_on_target,features_normal,sim_manual",1.0,/Users/iratimush/xqml-thesis/data/qsvm-traindata-4.csv,/Users/iratimush/xqml-thesis/data/qsvm-testdata-4.csv,40x2,1000x2,x0|x1,y,c6ab35d78e77b1d190dea52a7042c0a85b752b94ea37a8db325523310ecb2dc4,df762f19922720510b6a4c1239f010d677250801b83f88fef2e96d64b8a0769e
3,2-4-5-6-7-9-11-12-13-14-16-19-20-21,2-4-5-6-7-9-11-12-13-14-16-19-20-21,1-2-3-4-5-6-7-8-9-10-11-12-13-14-15-16-17-19-20-21,14,20,0.686,4,"cnot_0->1,cross_on_target,features_normal,sim_manual",1.0,/Users/iratimush/xqml-thesis/data/qsvm-traindata-4.csv,/Users/iratimush/xqml-thesis/data/qsvm-testdata-4.csv,40x2,1000x2,x0|x1,y,c6ab35d78e77b1d190dea52a7042c0a85b752b94ea37a8db325523310ecb2dc4,df762f19922720510b6a4c1239f010d677250801b83f88fef2e96d64b8a0769e
3,2-4-5-6-7-9-11-12-13-14-18-19-20-21,2-4-5-6-7-9-11-12-13-14-18-19-20-21,1-2-3-4-5-6-7-8-9-10-11-12-13-14-15-17-18-19-20-21,14,20,0.653,4,"cnot_0->1,cross_on_target,features_normal,sim_manual",1.0,/Users/iratimush/xqml-thesis/data/qsvm-traindata-4.csv,/Users/iratimush/xqml-thesis/data/qsvm-testdata-4.csv,40x2,1000x2,x0|x1,y,c6ab35d78e77b1d190dea52a7042c0a85b752b94ea37a8db325523310ecb2dc4,df762f19922720510b6a4c1239f010d677250801b83f88fef2e96d64b8a0769e
3,2-4-5-6-7-9-11-12-13-14-19-20-21,2-4-5-6-7-9-11-12-13-14-19-20-21,1-2-3-4-5-6-7-8-9-10-11-12-13-14-15-17-19-20-21,13,19,0.876,4,"cnot_0->1,cross_on_target,features_normal,sim_manual",1.0,/Users/iratimush/xqml-thesis/data/qsvm-traindata-4.csv,/Users/iratimush/xqml-thesis/data/qsvm-testdata-4.csv,40x2,1000x2,x0|x1,y,c6ab35d78e77b1d190dea52a7042c0a85b752b94ea37a8db325523310ecb2dc4,df762f19922720510b6a4c1239f010d677250801b83f88fef2e96d64b8a0769e
3,2-4-5-6-7-9-11-12-13-16-18-19-20,2-4-5-6-7-9-11-12-13-16-18-19-20,1-2-3-4-5-6-7-8-9-10-11-12-13-15-16-17-18-19-20,13,19,0.723,4,"cnot_0->1,cross_on_target,features_normal,sim_manual",1.0,/Users/iratimush/xqml-thesis/data/qsvm-traindata-4.csv,/Users/iratimush/xqml-thesis/data/qsvm-testdata-4.csv,40x2,1000x2,x0|x1,y,c6ab35d78e77b1d190dea52a7042c0a85b752b94ea37a8db325523310ecb2dc4,df762f19922720510b6a4c1239f010d677250801b83f88fef2e96d64b8a0769e
3,2-4-5-6-7-9-11-12-13-16-18-19-20-21,2-4-5-6-7-9-11-12-13-16-18-19-20-21,1-2-3-4-5-6-7-8-9-10-11-12-13-15-16-17-18-19-20-21,14,20,0.723,4,"cnot_0->1,cross_on_target,features_normal,sim_manual",1.0,/Users/iratimush/xqml-thesis/data/qsvm-traindata-4.csv,/Users/iratimush/xqml-thesis/data/qsvm-testdata-4.csv,40x2,1000x2,x0|x1,y,c6ab35d78e77b1d190dea52a7042c0a85b752b94ea37a8db325523310ecb2dc4,df762f19922720510b6a4c1239f010d677250801b83f88fef2e96d64b8a0769e
3,2-4-5-6-7-9-11-12-13-16-18-20,2-4-5-6-7-9-11-12-13-16-18-20,1-2-3-4-5-6-7-8-9-10-11-12-13-15-16-17-18-20,12,18,0.711,4,"cnot_0->1,cross_on_target,features_normal,sim_manual",1.0,/Users/iratimush/xqml-thesis/data/qsvm-traindata-4.csv,/Users/iratimush/xqml-thesis/data/qsvm-testdata-4.csv,40x2,1000x2,x0|x1,y,c6ab35d78e77b1d190dea52a7042c0a85b752b94ea37a8db325523310ecb2dc4,df762f19922720510b6a4c1239f010d677250801b83f88fef2e96d64b8a0769e
3,2-4-5-6-7-9-11-12-13-16-18-20-21,2-4-5-6-7-9-11-12-13-16-18-20-21,1-2-3-4-5-6-7-8-9-10-11-12-13-15-16-17-18-20-21,13,19,0.711,4,"cnot_0->1,cross_on_target,features_normal,sim_manual",1.0,/Users/iratimush/xqml-thesis/data/qsvm-traindata-4.csv,/Users/iratimush/xqml-thesis/data/qsvm-testdata-4.csv,40x2,1000x2,x0|x1,y,c6ab35d78e77b1d190dea52a7042c0a85b752b94ea37a8db325523310ecb2dc4,df762f19922720510b6a4c1239f010d677250801b83f88fef2e96d64b8a0769e
3,2-4-5-6-7-9-11-12-14-16-18-19-20-21,2-4-5-6-7-9-11-12-14-16-18-19-20-21,1-2-3-4-5-6-7-8-9-10-11-12-14-15-16-17-18-19-20-21,14,20,0.557,4,"cnot_0->1,cross_on_target,features_normal,sim_manual",1.0,/Users/iratimush/xqml-thesis/data/qsvm-traindata-4.csv,/Users/iratimush/xqml-thesis/data/qsvm-testdata-4.csv,40x2,1000x2,x0|x1,y,c6ab35d78e77b1d190dea52a7042c0a85b752b94ea37a8db325523310ecb2dc4,df762f19922720510b6a4c1239f010d677250801b83f88fef2e96d64b8a0769e
3,2-4-5-6-7-9-11-12-14-16-18-19-21,2-4-5-6-7-9-11-12-14-16-18-19-21,1-2-3-4-5-6-7-8-9-10-11-12-14-15-16-17-18-19-21,13,19,0.632,4,"cnot_0->1,cross_on_target,features_normal,sim_manual",1.0,/Users/iratimush/xqml-thesis/data/qsvm-traindata-4.csv,/Users/iratimush/xqml-thesis/data/qsvm-testdata-4.csv,40x2,1000x2,x0|x1,y,c6ab35d78e77b1d190dea52a7042c0a85b752b94ea37a8db325523310ecb2dc4,df762f19922720510b6a4c1239f010d677250801b83f88fef2e96d64b8a0769e
3,2-4-5-6-7-9-11-13-14-16-18-19-20,2-4-5-6-7-9-11-13-14-16-18-19-20,1-2-3-4-5-6-7-8-9-10-11-13-14-15-16-17-18-19-20,13,19,0.668,4,"cnot_0->1,cross_on_target,features_normal,sim_manual",1.0,/Users/iratimush/xqml-thesis/data/qsvm-traindata-4.csv,/Users/iratimush/xqml-thesis/data/qsvm-testdata-4.csv,40x2,1000x2,x0|x1,y,c6ab35d78e77b1d190dea52a7042c0a85b752b94ea37a8db325523310ecb2dc4,df762f19922720510b6a4c1239f010d677250801b83f88fef2e96d64b8a0769e
3,2-4-5-6-7-9-11-13-14-16-18-19-20-21,2-4-5-6-7-9-11-13-14-16-18-19-20-21,1-2-3-4-5-6-7-8-9-10-11-13-14-15-16-17-18-19-20-21,14,20,0.668,4,"cnot_0->1,cross_on_target,features_normal,sim_manual",1.0,/Users/iratimush/xqml-thesis/data/qsvm-traindata-4.csv,/Users/iratimush/xqml-thesis/data/qsvm-testdata-4.csv,40x2,1000x2,x0|x1,y,c6ab35d78e77b1d190dea52a7042c0a85b752b94ea37a8db325523310ecb2dc4,df762f19922720510b6a4c1239f010d677250801b83f88fef2e96d64b8a0769e
3,2-4-5-6-7-9-11-13-14-16-18-20,2-4-5-6-7-9-11-13-14-16-18-20,1-2-3-4-5-6-7-8-9-10-11-13-14-15-16-17-18-20,12,18,0.613,4,"cnot_0->1,cross_on_target,features_normal,sim_manual",1.0,/Users/iratimush/xqml-thesis/data/qsvm-traindata-4.csv,/Users/iratimush/xqml-thesis/data/qsvm-testdata-4.csv,40x2,1000x2,x0|x1,y,c6ab35d78e77b1d190dea52a7042c0a85b752b94ea37a8db325523310ecb2dc4,df762f19922720510b6a4c1239f010d677250801b83f88fef2e96d64b8a0769e
3,2-4-5-6-7-9-11-13-14-16-18-20-21,2-4-5-6-7-9-11-13-14-16-18-20-21,1-2-3-4-5-6-7-8-9-10-11-13-14-15-16-17-18-20-21,13,19,0.613,4,"cnot_0->1,cross_on_target,features_normal,sim_manual",1.0,/Users/iratimush/xqml-thesis/data/qsvm-traindata-4.csv,/Users/iratimush/xqml-thesis/data/qsvm-testdata-4.csv,40x2,1000x2,x0|x1,y,c6ab35d78e77b1d190dea52a7042c0a85b752b94ea37a8db325523310ecb2dc4,df762f19922720510b6a4c1239f010d677250801b83f88fef2e96d64b8a0769e
3,2-4-5-6-7-9-11-13-16-18-19-20,2-4-5-6-7-9-11-13-16-18-19-20,1-2-3-4-5-6-7-8-9-10-11-13-15-16-17-18-19-20,12,18,0.648,4,"cnot_0->1,cross_on_target,features_normal,sim_manual",1.0,/Users/iratimush/xqml-thesis/data/qsvm-traindata-4.csv,/Users/iratimush/xqml-thesis/data/qsvm-testdata-4.csv,40x2,1000x2,x0|x1,y,c6ab35d78e77b1d190dea52a7042c0a85b752b94ea37a8db325523310ecb2dc4,df762f19922720510b6a4c1239f010d677250801b83f88fef2e96d64b8a0769e
3,2-4-5-6-7-9-11-13-16-18-19-20-21,2-4-5-6-7-9-11-13-16-18-19-20-21,1-2-3-4-5-6-7-8-9-10-11-13-15-16-17-18-19-20-21,13,19,0.648,4,"cnot_0->1,cross_on_target,features_normal,sim_manual",1.0,/Users/iratimush/xqml-thesis/data/qsvm-traindata-4.csv,/Users/iratimush/xqml-thesis/data/qsvm-testdata-4.csv,40x2,1000x2,x0|x1,y,c6ab35d78e77b1d190dea52a7042c0a85b752b94ea37a8db325523310ecb2dc4,df762f19922720510b6a4c1239f010d677250801b83f88fef2e96d64b8a0769e
3,2-4-5-6-7-9-11-13-16-18-20,2-4-5-6-7-9-11-13-16-18-20,1-2-3-4-5-6-7-8-9-10-11-13-15-16-17-18-20,11,17,0.648,4,"cnot_0->1,cross_on_target,features_normal,sim_manual",1.0,/Users/iratimush/xqml-thesis/data/qsvm-traindata-4.csv,/Users/iratimush/xqml-thesis/data/qsvm-testdata-4.csv,40x2,1000x2,x0|x1,y,c6ab35d78e77b1d190dea52a7042c0a85b752b94ea37a8db325523310ecb2dc4,df762f19922720510b6a4c1239f010d677250801b83f88fef2e96d64b8a0769e
3,2-4-5-6-7-9-11-13-16-18-20-21,2-4-5-6-7-9-11-13-16-18-20-21,1-2-3-4-5-6-7-8-9-10-11-13-15-16-17-18-20-21,12,18,0.648,4,"cnot_0->1,cross_on_target,features_normal,sim_manual",1.0,/Users/iratimush/xqml-thesis/data/qsvm-traindata-4.csv,/Users/iratimush/xqml-thesis/data/qsvm-testdata-4.csv,40x2,1000x2,x0|x1,y,c6ab35d78e77b1d190dea52a7042c0a85b752b94ea37a8db325523310ecb2dc4,df762f19922720510b6a4c1239f010d677250801b83f88fef2e96d64b8a0769e
3,2-4-5-6-7-9-12-13-14-16-18-19-20-21,2-4-5-6-7-9-12-13-14-16-18-19-20-21,1-2-3-4-5-6-7-8-9-10-12-13-14-15-16-17-18-19-20-21,14,20,0.619,4,"cnot_0->1,cross_on_target,features_normal,sim_manual",1.0,/Users/iratimush/xqml-thesis/data/qsvm-traindata-4.csv,/Users/iratimush/xqml-thesis/data/qsvm-testdata-4.csv,40x2,1000x2,x0|x1,y,c6ab35d78e77b1d190dea52a7042c0a85b752b94ea37a8db325523310ecb2dc4,df762f19922720510b6a4c1239f010d677250801b83f88fef2e96d64b8a0769e
3,2-4-5-6-7-9-12-13-14-16-19-20-21,2-4-5-6-7-9-12-13-14-16-19-20-21,1-2-3-4-5-6-7-8-9-10-12-13-14-15-16-17-19-20-21,13,19,0.555,4,"cnot_0->1,cross_on_target,features_normal,sim_manual",1.0,/Users/iratimush/xqml-thesis/data/qsvm-traindata-4.csv,/Users/iratimush/xqml-thesis/data/qsvm-testdata-4.csv,40x2,1000x2,x0|x1,y,c6ab35d78e77b1d190dea52a7042c0a85b752b94ea37a8db325523310ecb2dc4,df762f19922720510b6a4c1239f010d677250801b83f88fef2e96d64b8a0769e
3,2-4-5-6-7-9-12-13-14-18-19-20-21,2-4-5-6-7-9-12-13-14-18-19-20-21,1-2-3-4-5-6-7-8-9-10-12-13-14-15-17-18-19-20-21,13,19,0.646,4,"cnot_0->1,cross_on_target,features_normal,sim_manual",1.0,/Users/iratimush/xqml-thesis/data/qsvm-traindata-4.csv,/Users/iratimush/xqml-thesis/data/qsvm-testdata-4.csv,40x2,1000x2,x0|x1,y,c6ab35d78e77b1d190dea52a7042c0a85b752b94ea37a8db325523310ecb2dc4,df762f19922720510b6a4c1239f010d677250801b83f88fef2e96d64b8a0769e
3,2-4-5-6-7-9-12-13-14-19-20-21,2-4-5-6-7-9-12-13-14-19-20-21,1-2-3-4-5-6-7-8-9-10-12-13-14-15-17-19-20-21,12,18,0.674,4,"cnot_0->1,cross_on_target,features_normal,sim_manual",1.0,/Users/iratimush/xqml-thesis/data/qsvm-traindata-4.csv,/Users/iratimush/xqml-thesis/data/qsvm-testdata-4.csv,40x2,1000x2,x0|x1,y,c6ab35d78e77b1d190dea52a7042c0a85b752b94ea37a8db325523310ecb2dc4,df762f19922720510b6a4c1239f010d677250801b83f88fef2e96d64b8a0769e
3,2-4-5-6-7-11-12-13-14-16-18-19-20-21,2-4-5-6-7-11-12-13-14-16-18-19-20-21,1-2-3-4-5-6-7-8-10-11-12-13-14-15-16-17-18-19-20-21,14,20,0.633,4,"cnot_0->1,cross_on_target,features_normal,sim_manual",1.0,/Users/iratimush/xqml-thesis/data/qsvm-traindata-4.csv,/Users/iratimush/xqml-thesis/data/qsvm-testdata-4.csv,40x2,1000x2,x0|x1,y,c6ab35d78e77b1d190dea52a7042c0a85b752b94ea37a8db325523310ecb2dc4,df762f19922720510b6a4c1239f010d677250801b83f88fef2e96d64b8a0769e
3,2-4-5-6-7-11-12-13-14-16-19-20-21,2-4-5-6-7-11-12-13-14-16-19-20-21,1-2-3-4-5-6-7-8-10-11-12-13-14-15-16-17-19-20-21,13,19,0.657,4,"cnot_0->1,cross_on_target,features_normal,sim_manual",1.0,/Users/iratimush/xqml-thesis/data/qsvm-traindata-4.csv,/Users/iratimush/xqml-thesis/data/qsvm-testdata-4.csv,40x2,1000x2,x0|x1,y,c6ab35d78e77b1d190dea52a7042c0a85b752b94ea37a8db325523310ecb2dc4,df762f19922720510b6a4c1239f010d677250801b83f88fef2e96d64b8a0769e
3,2-4-5-6-7-11-12-13-14-18-19-20-21,2-4-5-6-7-11-12-13-14-18-19-20-21,1-2-3-4-5-6-7-8-10-11-12-13-14-15-17-18-19-20-21,13,19,0.658,4,"cnot_0->1,cross_on_target,features_normal,sim_manual",1.0,/Users/iratimush/xqml-thesis/data/qsvm-traindata-4.csv,/Users/iratimush/xqml-thesis/data/qsvm-testdata-4.csv,40x2,1000x2,x0|x1,y,c6ab35d78e77b1d190dea52a7042c0a85b752b94ea37a8db325523310ecb2dc4,df762f19922720510b6a4c1239f010d677250801b83f88fef2e96d64b8a0769e
3,2-4-5-6-7-11-12-13-14-19-20-21,2-4-5-6-7-11-12-13-14-19-20-21,1-2-3-4-5-6-7-8-10-11-12-13-14-15-17-19-20-21,12,18,0.858,4,"cnot_0->1,cross_on_target,features_normal,sim_manual",1.0,/Users/iratimush/xqml-thesis/data/qsvm-traindata-4.csv,/Users/iratimush/xqml-thesis/data/qsvm-testdata-4.csv,40x2,1000x2,x0|x1,y,c6ab35d78e77b1d190dea52a7042c0a85b752b94ea37a8db325523310ecb2dc4,df762f19922720510b6a4c1239f010d677250801b83f88fef2e96d64b8a0769e
3,2-4-5-6-7-12-13-14-16-18-19-20-21,2-4-5-6-7-12-13-14-16-18-19-20-21,1-2-3-4-5-6-7-8-10-12-13-14-15-16-17-18-19-20-21,13,19,0.689,4,"cnot_0->1,cross_on_target,features_normal,sim_manual",1.0,/Users/iratimush/xqml-thesis/data/qsvm-traindata-4.csv,/Users/iratimush/xqml-thesis/data/qsvm-testdata-4.csv,40x2,1000x2,x0|x1,y,c6ab35d78e77b1d190dea52a7042c0a85b752b94ea37a8db325523310ecb2dc4,df762f19922720510b6a4c1239f010d677250801b83f88fef2e96d64b8a0769e
3,2-4-5-6-7-12-13-14-16-19-20-21,2-4-5-6-7-12-13-14-16-19-20-21,1-2-3-4-5-6-7-8-10-12-13-14-15-16-17-19-20-21,12,18,0.665,4,"cnot_0->1,cross_on_target,features_normal,sim_manual",1.0,/Users/iratimush/xqml-thesis/data/qsvm-traindata-4.csv,/Users/iratimush/xqml-thesis/data/qsvm-testdata-4.csv,40x2,1000x2,x0|x1,y,c6ab35d78e77b1d190dea52a7042c0a85b752b94ea37a8db325523310ecb2dc4,df762f19922720510b6a4c1239f010d677250801b83f88fef2e96d64b8a0769e
3,2-4-5-6-7-12-13-14-18-19-20-21,2-4-5-6-7-12-13-14-18-19-20-21,1-2-3-4-5-6-7-8-10-12-13-14-15-17-18-19-20-21,12,18,0.621,4,"cnot_0->1,cross_on_target,features_normal,sim_manual",1.0,/Users/iratimush/xqml-thesis/data/qsvm-traindata-4.csv,/Users/iratimush/xqml-thesis/data/qsvm-testdata-4.csv,40x2,1000x2,x0|x1,y,c6ab35d78e77b1d190dea52a7042c0a85b752b94ea37a8db325523310ecb2dc4,df762f19922720510b6a4c1239f010d677250801b83f88fef2e96d64b8a0769e
3,2-4-5-6-7-12-13-14-19-20-21,2-4-5-6-7-12-13-14-19-20-21,1-2-3-4-5-6-7-8-10-12-13-14-15-17-19-20-21,11,17,0.49,4,"cnot_0->1,cross_on_target,features_normal,sim_manual",1.0,/Users/iratimush/xqml-thesis/data/qsvm-traindata-4.csv,/Users/iratimush/xqml-thesis/data/qsvm-testdata-4.csv,40x2,1000x2,x0|x1,y,c6ab35d78e77b1d190dea52a7042c0a85b752b94ea37a8db325523310ecb2dc4,df762f19922720510b6a4c1239f010d677250801b83f88fef2e96d64b8a0769e
3,2-4-5-6-9-11-12-13-14-16-18-19-20,2-4-5-6-9-11-12-13-14-16-18-19-20,1-2-3-4-5-6-8-9-10-11-12-13-14-15-16-17-18-19-20,13,19,0.679,4,"cnot_0->1,cross_on_target,features_normal,sim_manual",1.0,/Users/iratimush/xqml-thesis/data/qsvm-traindata-4.csv,/Users/iratimush/xqml-thesis/data/qsvm-testdata-4.csv,40x2,1000x2,x0|x1,y,c6ab35d78e77b1d190dea52a7042c0a85b752b94ea37a8db325523310ecb2dc4,df762f19922720510b6a4c1239f010d677250801b83f88fef2e96d64b8a0769e
3,2-4-5-6-9-11-12-13-14-16-18-19-20-21,2-4-5-6-9-11-12-13-14-16-18-19-20-21,1-2-3-4-5-6-8-9-10-11-12-13-14-15-16-17-18-19-20-21,14,20,0.679,4,"cnot_0->1,cross_on_target,features_normal,sim_manual",1.0,/Users/iratimush/xqml-thesis/data/qsvm-traindata-4.csv,/Users/iratimush/xqml-thesis/data/qsvm-testdata-4.csv,40x2,1000x2,x0|x1,y,c6ab35d78e77b1d190dea52a7042c0a85b752b94ea37a8db325523310ecb2dc4,df762f19922720510b6a4c1239f010d677250801b83f88fef2e96d64b8a0769e
3,2-4-5-6-9-11-12-13-14-16-18-20,2-4-5-6-9-11-12-13-14-16-18-20,1-2-3-4-5-6-8-9-10-11-12-13-14-15-16-17-18-20,12,18,0.563,4,"cnot_0->1,cross_on_target,features_normal,sim_manual",1.0,/Users/iratimush/xqml-thesis/data/qsvm-traindata-4.csv,/Users/iratimush/xqml-thesis/data/qsvm-testdata-4.csv,40x2,1000x2,x0|x1,y,c6ab35d78e77b1d190dea52a7042c0a85b752b94ea37a8db325523310ecb2dc4,df762f19922720510b6a4c1239f010d677250801b83f88fef2e96d64b8a0769e
3,2-4-5-6-9-11-12-13-14-16-18-20-21,2-4-5-6-9-11-12-13-14-16-18-20-21,1-2-3-4-5-6-8-9-10-11-12-13-14-15-16-17-18-20-21,13,19,0.563,4,"cnot_0->1,cross_on_target,features_normal,sim_manual",1.0,/Users/iratimush/xqml-thesis/data/qsvm-traindata-4.csv,/Users/iratimush/xqml-thesis/data/qsvm-testdata-4.csv,40x2,1000x2,x0|x1,y,c6ab35d78e77b1d190dea52a7042c0a85b752b94ea37a8db325523310ecb2dc4,df762f19922720510b6a4c1239f010d677250801b83f88fef2e96d64b8a0769e
3,2-4-5-6-9-11-12-13-16-18-19-20,2-4-5-6-9-11-12-13-16-18-19-20,1-2-3-4-5-6-8-9-10-11-12-13-15-16-17-18-19-20,12,18,0.719,4,"cnot_0->1,cross_on_target,features_normal,sim_manual",1.0,/Users/iratimush/xqml-thesis/data/qsvm-traindata-4.csv,/Users/iratimush/xqml-thesis/data/qsvm-testdata-4.csv,40x2,1000x2,x0|x1,y,c6ab35d78e77b1d190dea52a7042c0a85b752b94ea37a8db325523310ecb2dc4,df762f19922720510b6a4c1239f010d677250801b83f88fef2e96d64b8a0769e
3,2-4-5-6-9-11-12-13-16-18-19-20-21,2-4-5-6-9-11-12-13-16-18-19-20-21,1-2-3-4-5-6-8-9-10-11-12-13-15-16-17-18-19-20-21,13,19,0.719,4,"cnot_0->1,cross_on_target,features_normal,sim_manual",1.0,/Users/iratimush/xqml-thesis/data/qsvm-traindata-4.csv,/Users/iratimush/xqml-thesis/data/qsvm-testdata-4.csv,40x2,1000x2,x0|x1,y,c6ab35d78e77b1d190dea52a7042c0a85b752b94ea37a8db325523310ecb2dc4,df762f19922720510b6a4c1239f010d677250801b83f88fef2e96d64b8a0769e
3,2-4-5-6-9-11-12-13-16-18-20,2-4-5-6-9-11-12-13-16-18-20,1-2-3-4-5-6-8-9-10-11-12-13-15-16-17-18-20,11,17,0.646,4,"cnot_0->1,cross_on_target,features_normal,sim_manual",1.0,/Users/iratimush/xqml-thesis/data/qsvm-traindata-4.csv,/Users/iratimush/xqml-thesis/data/qsvm-testdata-4.csv,40x2,1000x2,x0|x1,y,c6ab35d78e77b1d190dea52a7042c0a85b752b94ea37a8db325523310ecb2dc4,df762f19922720510b6a4c1239f010d677250801b83f88fef2e96d64b8a0769e
3,2-4-5-6-9-11-12-13-16-18-20-21,2-4-5-6-9-11-12-13-16-18-20-21,1-2-3-4-5-6-8-9-10-11-12-13-15-16-17-18-20-21,12,18,0.646,4,"cnot_0->1,cross_on_target,features_normal,sim_manual",1.0,/Users/iratimush/xqml-thesis/data/qsvm-traindata-4.csv,/Users/iratimush/xqml-thesis/data/qsvm-testdata-4.csv,40x2,1000x2,x0|x1,y,c6ab35d78e77b1d190dea52a7042c0a85b752b94ea37a8db325523310ecb2dc4,df762f19922720510b6a4c1239f010d677250801b83f88fef2e96d64b8a0769e
3,2-4-5-6-9-11-13-14-16-18-19-20,2-4-5-6-9-11-13-14-16-18-19-20,1-2-3-4-5-6-8-9-10-11-13-14-15-16-17-18-19-20,12,18,0.623,4,"cnot_0->1,cross_on_target,features_normal,sim_manual",1.0,/Users/iratimush/xqml-thesis/data/qsvm-traindata-4.csv,/Users/iratimush/xqml-thesis/data/qsvm-testdata-4.csv,40x2,1000x2,x0|x1,y,c6ab35d78e77b1d190dea52a7042c0a85b752b94ea37a8db325523310ecb2dc4,df762f19922720510b6a4c1239f010d677250801b83f88fef2e96d64b8a0769e
3,2-4-5-6-9-11-13-14-16-18-19-20-21,2-4-5-6-9-11-13-14-16-18-19-20-21,1-2-3-4-5-6-8-9-10-11-13-14-15-16-17-18-19-20-21,13,19,0.623,4,"cnot_0->1,cross_on_target,features_normal,sim_manual",1.0,/Users/iratimush/xqml-thesis/data/qsvm-traindata-4.csv,/Users/iratimush/xqml-thesis/data/qsvm-testdata-4.csv,40x2,1000x2,x0|x1,y,c6ab35d78e77b1d190dea52a7042c0a85b752b94ea37a8db325523310ecb2dc4,df762f19922720510b6a4c1239f010d677250801b83f88fef2e96d64b8a0769e
3,2-4-5-6-9-11-13-14-16-18-20,2-4-5-6-9-11-13-14-16-18-20,1-2-3-4-5-6-8-9-10-11-13-14-15-16-17-18-20,11,17,0.553,4,"cnot_0->1,cross_on_target,features_normal,sim_manual",1.0,/Users/iratimush/xqml-thesis/data/qsvm-traindata-4.csv,/Users/iratimush/xqml-thesis/data/qsvm-testdata-4.csv,40x2,1000x2,x0|x1,y,c6ab35d78e77b1d190dea52a7042c0a85b752b94ea37a8db325523310ecb2dc4,df762f19922720510b6a4c1239f010d677250801b83f88fef2e96d64b8a0769e
3,2-4-5-6-9-11-13-14-16-18-20-21,2-4-5-6-9-11-13-14-16-18-20-21,1-2-3-4-5-6-8-9-10-11-13-14-15-16-17-18-20-21,12,18,0.553,4,"cnot_0->1,cross_on_target,features_normal,sim_manual",1.0,/Users/iratimush/xqml-thesis/data/qsvm-traindata-4.csv,/Users/iratimush/xqml-thesis/data/qsvm-testdata-4.csv,40x2,1000x2,x0|x1,y,c6ab35d78e77b1d190dea52a7042c0a85b752b94ea37a8db325523310ecb2dc4,df762f19922720510b6a4c1239f010d677250801b83f88fef2e96d64b8a0769e
3,2-4-5-6-9-11-13-16-18-19-20,2-4-5-6-9-11-13-16-18-19-20,1-2-3-4-5-6-8-9-10-11-13-15-16-17-18-19-20,11,17,0.712,4,"cnot_0->1,cross_on_target,features_normal,sim_manual",1.0,/Users/iratimush/xqml-thesis/data/qsvm-traindata-4.csv,/Users/iratimush/xqml-thesis/data/qsvm-testdata-4.csv,40x2,1000x2,x0|x1,y,c6ab35d78e77b1d190dea52a7042c0a85b752b94ea37a8db325523310ecb2dc4,df762f19922720510b6a4c1239f010d677250801b83f88fef2e96d64b8a0769e
3,2-4-5-6-9-11-13-16-18-19-20-21,2-4-5-6-9-11-13-16-18-19-20-21,1-2-3-4-5-6-8-9-10-11-13-15-16-17-18-19-20-21,12,18,0.712,4,"cnot_0->1,cross_on_target,features_normal,sim_manual",1.0,/Users/iratimush/xqml-thesis/data/qsvm-traindata-4.csv,/Users/iratimush/xqml-thesis/data/qsvm-testdata-4.csv,40x2,1000x2,x0|x1,y,c6ab35d78e77b1d190dea52a7042c0a85b752b94ea37a8db325523310ecb2dc4,df762f19922720510b6a4c1239f010d677250801b83f88fef2e96d64b8a0769e
3,2-4-5-6-9-11-13-16-18-20,2-4-5-6-9-11-13-16-18-20,1-2-3-4-5-6-8-9-10-11-13-15-16-17-18-20,10,16,0.586,4,"cnot_0->1,cross_on_target,features_normal,sim_manual",1.0,/Users/iratimush/xqml-thesis/data/qsvm-traindata-4.csv,/Users/iratimush/xqml-thesis/data/qsvm-testdata-4.csv,40x2,1000x2,x0|x1,y,c6ab35d78e77b1d190dea52a7042c0a85b752b94ea37a8db325523310ecb2dc4,df762f19922720510b6a4c1239f010d677250801b83f88fef2e96d64b8a0769e
3,2-4-5-6-9-11-13-16-18-20-21,2-4-5-6-9-11-13-16-18-20-21,1-2-3-4-5-6-8-9-10-11-13-15-16-17-18-20-21,11,17,0.586,4,"cnot_0->1,cross_on_target,features_normal,sim_manual",1.0,/Users/iratimush/xqml-thesis/data/qsvm-traindata-4.csv,/Users/iratimush/xqml-thesis/data/qsvm-testdata-4.csv,40x2,1000x2,x0|x1,y,c6ab35d78e77b1d190dea52a7042c0a85b752b94ea37a8db325523310ecb2dc4,df762f19922720510b6a4c1239f010d677250801b83f88fef2e96d64b8a0769e
3,2-4-5-7-9-11-12-13-14-16-18-19-20-21,2-4-5-7-9-11-12-13-14-16-18-19-20-21,1-2-3-4-5-7-8-9-10-11-12-13-14-15-16-17-18-19-20-21,14,20,0.585,4,"cnot_0->1,cross_on_target,features_normal,sim_manual",1.0,/Users/iratimush/xqml-thesis/data/qsvm-traindata-4.csv,/Users/iratimush/xqml-thesis/data/qsvm-testdata-4.csv,40x2,1000x2,x0|x1,y,c6ab35d78e77b1d190dea52a7042c0a85b752b94ea37a8db325523310ecb2dc4,df762f19922720510b6a4c1239f010d677250801b83f88fef2e96d64b8a0769e
3,2-4-5-7-9-11-12-13-14-16-18-19-21,2-4-5-7-9-11-12-13-14-16-18-19-21,1-2-3-4-5-7-8-9-10-11-12-13-14-15-16-17-18-19-21,13,19,0.54,4,"cnot_0->1,cross_on_target,features_normal,sim_manual",1.0,/Users/iratimush/xqml-thesis/data/qsvm-traindata-4.csv,/Users/iratimush/xqml-thesis/data/qsvm-testdata-4.csv,40x2,1000x2,x0|x1,y,c6ab35d78e77b1d190dea52a7042c0a85b752b94ea37a8db325523310ecb2dc4,df762f19922720510b6a4c1239f010d677250801b83f88fef2e96d64b8a0769e
3,2-4-5-7-9-11-12-14-16-18,2-4-5-7-9-11-12-14-16-18,1-2-3-4-5-7-8-9-10-11-12-14-15-16-17-18,10,16,0.644,4,"cnot_0->1,cross_on_target,features_normal,sim_manual",1.0,/Users/iratimush/xqml-thesis/data/qsvm-traindata-4.csv,/Users/iratimush/xqml-thesis/data/qsvm-testdata-4.csv,40x2,1000x2,x0|x1,y,c6ab35d78e77b1d190dea52a7042c0a85b752b94ea37a8db325523310ecb2dc4,df762f19922720510b6a4c1239f010d677250801b83f88fef2e96d64b8a0769e
3,2-4-5-7-9-11-12-14-16-18-19,2-4-5-7-9-11-12-14-16-18-19,1-2-3-4-5-7-8-9-10-11-12-14-15-16-17-18-19,11,17,0.644,4,"cnot_0->1,cross_on_target,features_normal,sim_manual",1.0,/Users/iratimush/xqml-thesis/data/qsvm-traindata-4.csv,/Users/iratimush/xqml-thesis/data/qsvm-testdata-4.csv,40x2,1000x2,x0|x1,y,c6ab35d78e77b1d190dea52a7042c0a85b752b94ea37a8db325523310ecb2dc4,df762f19922720510b6a4c1239f010d677250801b83f88fef2e96d64b8a0769e
3,2-4-5-7-9-11-12-14-16-18-19-20-21,2-4-5-7-9-11-12-14-16-18-19-20-21,1-2-3-4-5-7-8-9-10-11-12-14-15-16-17-18-19-20-21,13,19,0.618,4,"cnot_0->1,cross_on_target,features_normal,sim_manual",1.0,/Users/iratimush/xqml-thesis/data/qsvm-traindata-4.csv,/Users/iratimush/xqml-thesis/data/qsvm-testdata-4.csv,40x2,1000x2,x0|x1,y,c6ab35d78e77b1d190dea52a7042c0a85b752b94ea37a8db325523310ecb2dc4,df762f19922720510b6a4c1239f010d677250801b83f88fef2e96d64b8a0769e
3,2-4-5-7-9-11-12-14-16-18-19-21,2-4-5-7-9-11-12-14-16-18-19-21,1-2-3-4-5-7-8-9-10-11-12-14-15-16-17-18-19-21,12,18,0.644,4,"cnot_0->1,cross_on_target,features_normal,sim_manual",1.0,/Users/iratimush/xqml-thesis/data/qsvm-traindata-4.csv,/Users/iratimush/xqml-thesis/data/qsvm-testdata-4.csv,40x2,1000x2,x0|x1,y,c6ab35d78e77b1d190dea52a7042c0a85b752b94ea37a8db325523310ecb2dc4,df762f19922720510b6a4c1239f010d677250801b83f88fef2e96d64b8a0769e
3,2-4-5-7-9-11-12-14-16-18-21,2-4-5-7-9-11-12-14-16-18-21,1-2-3-4-5-7-8-9-10-11-12-14-15-16-17-18-21,11,17,0.644,4,"cnot_0->1,cross_on_target,features_normal,sim_manual",1.0,/Users/iratimush/xqml-thesis/data/qsvm-traindata-4.csv,/Users/iratimush/xqml-thesis/data/qsvm-testdata-4.csv,40x2,1000x2,x0|x1,y,c6ab35d78e77b1d190dea52a7042c0a85b752b94ea37a8db325523310ecb2dc4,df762f19922720510b6a4c1239f010d677250801b83f88fef2e96d64b8a0769e
3,2-4-5-7-9-11-12-14-16-19-21,2-4-5-7-9-11-12-14-16-19-21,1-2-3-4-5-7-8-9-10-11-12-14-15-16-17-19-21,11,17,0.612,4,"cnot_0->1,cross_on_target,features_normal,sim_manual",1.0,/Users/iratimush/xqml-thesis/data/qsvm-traindata-4.csv,/Users/iratimush/xqml-thesis/data/qsvm-testdata-4.csv,40x2,1000x2,x0|x1,y,c6ab35d78e77b1d190dea52a7042c0a85b752b94ea37a8db325523310ecb2dc4,df762f19922720510b6a4c1239f010d677250801b83f88fef2e96d64b8a0769e
3,2-4-5-7-9-11-12-14-18-19-21,2-4-5-7-9-11-12-14-18-19-21,1-2-3-4-5-7-8-9-10-11-12-14-15-17-18-19-21,11,17,0.614,4,"cnot_0->1,cross_on_target,features_normal,sim_manual",1.0,/Users/iratimush/xqml-thesis/data/qsvm-traindata-4.csv,/Users/iratimush/xqml-thesis/data/qsvm-testdata-4.csv,40x2,1000x2,x0|x1,y,c6ab35d78e77b1d190dea52a7042c0a85b752b94ea37a8db325523310ecb2dc4,df762f19922720510b6a4c1239f010d677250801b83f88fef2e96d64b8a0769e
3,2-4-5-7-9-11-12-14-19-21,2-4-5-7-9-11-12-14-19-21,1-2-3-4-5-7-8-9-10-11-12-14-15-17-19-21,10,16,0.567,4,"cnot_0->1,cross_on_target,features_normal,sim_manual",1.0,/Users/iratimush/xqml-thesis/data/qsvm-traindata-4.csv,/Users/iratimush/xqml-thesis/data/qsvm-testdata-4.csv,40x2,1000x2,x0|x1,y,c6ab35d78e77b1d190dea52a7042c0a85b752b94ea37a8db325523310ecb2dc4,df762f19922720510b6a4c1239f010d677250801b83f88fef2e96d64b8a0769e
3,2-4-5-7-9-11-12-16-18,2-4-5-7-9-11-12-16-18,1-2-3-4-5-7-8-9-10-11-12-15-16-17-18,9,15,0.67,4,"cnot_0->1,cross_on_target,features_normal,sim_manual",1.0,/Users/iratimush/xqml-thesis/data/qsvm-traindata-4.csv,/Users/iratimush/xqml-thesis/data/qsvm-testdata-4.csv,40x2,1000x2,x0|x1,y,c6ab35d78e77b1d190dea52a7042c0a85b752b94ea37a8db325523310ecb2dc4,df762f19922720510b6a4c1239f010d677250801b83f88fef2e96d64b8a0769e
3,2-4-5-7-9-11-12-16-18-19,2-4-5-7-9-11-12-16-18-19,1-2-3-4-5-7-8-9-10-11-12-15-16-17-18-19,10,16,0.67,4,"cnot_0->1,cross_on_target,features_normal,sim_manual",1.0,/Users/iratimush/xqml-thesis/data/qsvm-traindata-4.csv,/Users/iratimush/xqml-thesis/data/qsvm-testdata-4.csv,40x2,1000x2,x0|x1,y,c6ab35d78e77b1d190dea52a7042c0a85b752b94ea37a8db325523310ecb2dc4,df762f19922720510b6a4c1239f010d677250801b83f88fef2e96d64b8a0769e
3,2-4-5-7-9-11-12-16-18-19-21,2-4-5-7-9-11-12-16-18-19-21,1-2-3-4-5-7-8-9-10-11-12-15-16-17-18-19-21,11,17,0.67,4,"cnot_0->1,cross_on_target,features_normal,sim_manual",1.0,/Users/iratimush/xqml-thesis/data/qsvm-traindata-4.csv,/Users/iratimush/xqml-thesis/data/qsvm-testdata-4.csv,40x2,1000x2,x0|x1,y,c6ab35d78e77b1d190dea52a7042c0a85b752b94ea37a8db325523310ecb2dc4,df762f19922720510b6a4c1239f010d677250801b83f88fef2e96d64b8a0769e
3,2-4-5-7-9-11-12-16-18-21,2-4-5-7-9-11-12-16-18-21,1-2-3-4-5-7-8-9-10-11-12-15-16-17-18-21,10,16,0.67,4,"cnot_0->1,cross_on_target,features_normal,sim_manual",1.0,/Users/iratimush/xqml-thesis/data/qsvm-traindata-4.csv,/Users/iratimush/xqml-thesis/data/qsvm-testdata-4.csv,40x2,1000x2,x0|x1,y,c6ab35d78e77b1d190dea52a7042c0a85b752b94ea37a8db325523310ecb2dc4,df762f19922720510b6a4c1239f010d677250801b83f88fef2e96d64b8a0769e
3,2-4-5-7-9-11-14-16-18,2-4-5-7-9-11-14-16-18,1-2-3-4-5-7-8-9-10-11-14-15-16-17-18,9,15,0.67,4,"cnot_0->1,cross_on_target,features_normal,sim_manual",1.0,/Users/iratimush/xqml-thesis/data/qsvm-traindata-4.csv,/Users/iratimush/xqml-thesis/data/qsvm-testdata-4.csv,40x2,1000x2,x0|x1,y,c6ab35d78e77b1d190dea52a7042c0a85b752b94ea37a8db325523310ecb2dc4,df762f19922720510b6a4c1239f010d677250801b83f88fef2e96d64b8a0769e
3,2-4-5-7-9-11-14-16-18-19,2-4-5-7-9-11-14-16-18-19,1-2-3-4-5-7-8-9-10-11-14-15-16-17-18-19,10,16,0.67,4,"cnot_0->1,cross_on_target,features_normal,sim_manual",1.0,/Users/iratimush/xqml-thesis/data/qsvm-traindata-4.csv,/Users/iratimush/xqml-thesis/data/qsvm-testdata-4.csv,40x2,1000x2,x0|x1,y,c6ab35d78e77b1d190dea52a7042c0a85b752b94ea37a8db325523310ecb2dc4,df762f19922720510b6a4c1239f010d677250801b83f88fef2e96d64b8a0769e
3,2-4-5-7-9-11-14-16-18-19-21,2-4-5-7-9-11-14-16-18-19-21,1-2-3-4-5-7-8-9-10-11-14-15-16-17-18-19-21,11,17,0.67,4,"cnot_0->1,cross_on_target,features_normal,sim_manual",1.0,/Users/iratimush/xqml-thesis/data/qsvm-traindata-4.csv,/Users/iratimush/xqml-thesis/data/qsvm-testdata-4.csv,40x2,1000x2,x0|x1,y,c6ab35d78e77b1d190dea52a7042c0a85b752b94ea37a8db325523310ecb2dc4,df762f19922720510b6a4c1239f010d677250801b83f88fef2e96d64b8a0769e
3,2-4-5-7-9-11-14-16-18-21,2-4-5-7-9-11-14-16-18-21,1-2-3-4-5-7-8-9-10-11-14-15-16-17-18-21,10,16,0.67,4,"cnot_0->1,cross_on_target,features_normal,sim_manual",1.0,/Users/iratimush/xqml-thesis/data/qsvm-traindata-4.csv,/Users/iratimush/xqml-thesis/data/qsvm-testdata-4.csv,40x2,1000x2,x0|x1,y,c6ab35d78e77b1d190dea52a7042c0a85b752b94ea37a8db325523310ecb2dc4,df762f19922720510b6a4c1239f010d677250801b83f88fef2e96d64b8a0769e
3,2-4-5-7-9-11-16-18,2-4-5-7-9-11-16-18,1-2-3-4-5-7-8-9-10-11-15-16-17-18,8,14,0.644,4,"cnot_0->1,cross_on_target,features_normal,sim_manual",1.0,/Users/iratimush/xqml-thesis/data/qsvm-traindata-4.csv,/Users/iratimush/xqml-thesis/data/qsvm-testdata-4.csv,40x2,1000x2,x0|x1,y,c6ab35d78e77b1d190dea52a7042c0a85b752b94ea37a8db325523310ecb2dc4,df762f19922720510b6a4c1239f010d677250801b83f88fef2e96d64b8a0769e
3,2-4-5-7-9-11-16-18-19,2-4-5-7-9-11-16-18-19,1-2-3-4-5-7-8-9-10-11-15-16-17-18-19,9,15,0.644,4,"cnot_0->1,cross_on_target,features_normal,sim_manual",1.0,/Users/iratimush/xqml-thesis/data/qsvm-traindata-4.csv,/Users/iratimush/xqml-thesis/data/qsvm-testdata-4.csv,40x2,1000x2,x0|x1,y,c6ab35d78e77b1d190dea52a7042c0a85b752b94ea37a8db325523310ecb2dc4,df762f19922720510b6a4c1239f010d677250801b83f88fef2e96d64b8a0769e
3,2-4-5-7-9-11-16-18-19-21,2-4-5-7-9-11-16-18-19-21,1-2-3-4-5-7-8-9-10-11-15-16-17-18-19-21,10,16,0.644,4,"cnot_0->1,cross_on_target,features_normal,sim_manual",1.0,/Users/iratimush/xqml-thesis/data/qsvm-traindata-4.csv,/Users/iratimush/xqml-thesis/data/qsvm-testdata-4.csv,40x2,1000x2,x0|x1,y,c6ab35d78e77b1d190dea52a7042c0a85b752b94ea37a8db325523310ecb2dc4,df762f19922720510b6a4c1239f010d677250801b83f88fef2e96d64b8a0769e
3,2-4-5-7-9-11-16-18-21,2-4-5-7-9-11-16-18-21,1-2-3-4-5-7-8-9-10-11-15-16-17-18-21,9,15,0.644,4,"cnot_0->1,cross_on_target,features_normal,sim_manual",1.0,/Users/iratimush/xqml-thesis/data/qsvm-traindata-4.csv,/Users/iratimush/xqml-thesis/data/qsvm-testdata-4.csv,40x2,1000x2,x0|x1,y,c6ab35d78e77b1d190dea52a7042c0a85b752b94ea37a8db325523310ecb2dc4,df762f19922720510b6a4c1239f010d677250801b83f88fef2e96d64b8a0769e
3,2-4-5-7-9-12-14-16-18-19-21,2-4-5-7-9-12-14-16-18-19-21,1-2-3-4-5-7-8-9-10-12-14-15-16-17-18-19-21,11,17,0.737,4,"cnot_0->1,cross_on_target,features_normal,sim_manual",1.0,/Users/iratimush/xqml-thesis/data/qsvm-traindata-4.csv,/Users/iratimush/xqml-thesis/data/qsvm-testdata-4.csv,40x2,1000x2,x0|x1,y,c6ab35d78e77b1d190dea52a7042c0a85b752b94ea37a8db325523310ecb2dc4,df762f19922720510b6a4c1239f010d677250801b83f88fef2e96d64b8a0769e
3,2-4-5-7-9-12-14-16-19-21,2-4-5-7-9-12-14-16-19-21,1-2-3-4-5-7-8-9-10-12-14-15-16-17-19-21,10,16,0.577,4,"cnot_0->1,cross_on_target,features_normal,sim_manual",1.0,/Users/iratimush/xqml-thesis/data/qsvm-traindata-4.csv,/Users/iratimush/xqml-thesis/data/qsvm-testdata-4.csv,40x2,1000x2,x0|x1,y,c6ab35d78e77b1d190dea52a7042c0a85b752b94ea37a8db325523310ecb2dc4,df762f19922720510b6a4c1239f010d677250801b83f88fef2e96d64b8a0769e
3,2-4-5-7-9-12-14-18-19-21,2-4-5-7-9-12-14-18-19-21,1-2-3-4-5-7-8-9-10-12-14-15-17-18-19-21,10,16,0.655,4,"cnot_0->1,cross_on_target,features_normal,sim_manual",1.0,/Users/iratimush/xqml-thesis/data/qsvm-traindata-4.csv,/Users/iratimush/xqml-thesis/data/qsvm-testdata-4.csv,40x2,1000x2,x0|x1,y,c6ab35d78e77b1d190dea52a7042c0a85b752b94ea37a8db325523310ecb2dc4,df762f19922720510b6a4c1239f010d677250801b83f88fef2e96d64b8a0769e
3,2-4-5-7-9-12-14-19-21,2-4-5-7-9-12-14-19-21,1-2-3-4-5-7-8-9-10-12-14-15-17-19-21,9,15,0.548,4,"cnot_0->1,cross_on_target,features_normal,sim_manual",1.0,/Users/iratimush/xqml-thesis/data/qsvm-traindata-4.csv,/Users/iratimush/xqml-thesis/data/qsvm-testdata-4.csv,40x2,1000x2,x0|x1,y,c6ab35d78e77b1d190dea52a7042c0a85b752b94ea37a8db325523310ecb2dc4,df762f19922720510b6a4c1239f010d677250801b83f88fef2e96d64b8a0769e
3,2-4-5-7-11-12-14-16-18-19-21,2-4-5-7-11-12-14-16-18-19-21,1-2-3-4-5-7-8-10-11-12-14-15-16-17-18-19-21,11,17,0.611,4,"cnot_0->1,cross_on_target,features_normal,sim_manual",1.0,/Users/iratimush/xqml-thesis/data/qsvm-traindata-4.csv,/Users/iratimush/xqml-thesis/data/qsvm-testdata-4.csv,40x2,1000x2,x0|x1,y,c6ab35d78e77b1d190dea52a7042c0a85b752b94ea37a8db325523310ecb2dc4,df762f19922720510b6a4c1239f010d677250801b83f88fef2e96d64b8a0769e
3,2-4-5-7-11-12-14-16-19-21,2-4-5-7-11-12-14-16-19-21,1-2-3-4-5-7-8-10-11-12-14-15-16-17-19-21,10,16,0.614,4,"cnot_0->1,cross_on_target,features_normal,sim_manual",1.0,/Users/iratimush/xqml-thesis/data/qsvm-traindata-4.csv,/Users/iratimush/xqml-thesis/data/qsvm-testdata-4.csv,40x2,1000x2,x0|x1,y,c6ab35d78e77b1d190dea52a7042c0a85b752b94ea37a8db325523310ecb2dc4,df762f19922720510b6a4c1239f010d677250801b83f88fef2e96d64b8a0769e
3,2-4-5-7-11-12-14-18-19-21,2-4-5-7-11-12-14-18-19-21,1-2-3-4-5-7-8-10-11-12-14-15-17-18-19-21,10,16,0.593,4,"cnot_0->1,cross_on_target,features_normal,sim_manual",1.0,/Users/iratimush/xqml-thesis/data/qsvm-traindata-4.csv,/Users/iratimush/xqml-thesis/data/qsvm-testdata-4.csv,40x2,1000x2,x0|x1,y,c6ab35d78e77b1d190dea52a7042c0a85b752b94ea37a8db325523310ecb2dc4,df762f19922720510b6a4c1239f010d677250801b83f88fef2e96d64b8a0769e
3,2-4-5-7-11-12-14-19-21,2-4-5-7-11-12-14-19-21,1-2-3-4-5-7-8-10-11-12-14-15-17-19-21,9,15,0.599,4,"cnot_0->1,cross_on_target,features_normal,sim_manual",1.0,/Users/iratimush/xqml-thesis/data/qsvm-traindata-4.csv,/Users/iratimush/xqml-thesis/data/qsvm-testdata-4.csv,40x2,1000x2,x0|x1,y,c6ab35d78e77b1d190dea52a7042c0a85b752b94ea37a8db325523310ecb2dc4,df762f19922720510b6a4c1239f010d677250801b83f88fef2e96d64b8a0769e
3,2-4-5-7-12-14-16-18-19-21,2-4-5-7-12-14-16-18-19-21,1-2-3-4-5-7-8-10-12-14-15-16-17-18-19-21,10,16,0.672,4,"cnot_0->1,cross_on_target,features_normal,sim_manual",1.0,/Users/iratimush/xqml-thesis/data/qsvm-traindata-4.csv,/Users/iratimush/xqml-thesis/data/qsvm-testdata-4.csv,40x2,1000x2,x0|x1,y,c6ab35d78e77b1d190dea52a7042c0a85b752b94ea37a8db325523310ecb2dc4,df762f19922720510b6a4c1239f010d677250801b83f88fef2e96d64b8a0769e
3,2-4-5-7-12-14-16-19-21,2-4-5-7-12-14-16-19-21,1-2-3-4-5-7-8-10-12-14-15-16-17-19-21,9,15,0.56,4,"cnot_0->1,cross_on_target,features_normal,sim_manual",1.0,/Users/iratimush/xqml-thesis/data/qsvm-traindata-4.csv,/Users/iratimush/xqml-thesis/data/qsvm-testdata-4.csv,40x2,1000x2,x0|x1,y,c6ab35d78e77b1d190dea52a7042c0a85b752b94ea37a8db325523310ecb2dc4,df762f19922720510b6a4c1239f010d677250801b83f88fef2e96d64b8a0769e
3,2-4-5-7-12-14-18-19-21,2-4-5-7-12-14-18-19-21,1-2-3-4-5-7-8-10-12-14-15-17-18-19-21,9,15,0.645,4,"cnot_0->1,cross_on_target,features_normal,sim_manual",1.0,/Users/iratimush/xqml-thesis/data/qsvm-traindata-4.csv,/Users/iratimush/xqml-thesis/data/qsvm-testdata-4.csv,40x2,1000x2,x0|x1,y,c6ab35d78e77b1d190dea52a7042c0a85b752b94ea37a8db325523310ecb2dc4,df762f19922720510b6a4c1239f010d677250801b83f88fef2e96d64b8a0769e
3,2-4-5-7-12-14-19-21,2-4-5-7-12-14-19-21,1-2-3-4-5-7-8-10-12-14-15-17-19-21,8,14,0.559,4,"cnot_0->1,cross_on_target,features_normal,sim_manual",1.0,/Users/iratimush/xqml-thesis/data/qsvm-traindata-4.csv,/Users/iratimush/xqml-thesis/data/qsvm-testdata-4.csv,40x2,1000x2,x0|x1,y,c6ab35d78e77b1d190dea52a7042c0a85b752b94ea37a8db325523310ecb2dc4,df762f19922720510b6a4c1239f010d677250801b83f88fef2e96d64b8a0769e
3,2-4-5-9-11-12-14-16-18,2-4-5-9-11-12-14-16-18,1-2-3-4-5-8-9-10-11-12-14-15-16-17-18,9,15,0.596,4,"cnot_0->1,cross_on_target,features_normal,sim_manual",1.0,/Users/iratimush/xqml-thesis/data/qsvm-traindata-4.csv,/Users/iratimush/xqml-thesis/data/qsvm-testdata-4.csv,40x2,1000x2,x0|x1,y,c6ab35d78e77b1d190dea52a7042c0a85b752b94ea37a8db325523310ecb2dc4,df762f19922720510b6a4c1239f010d677250801b83f88fef2e96d64b8a0769e
3,2-4-5-9-11-12-14-16-18-19,2-4-5-9-11-12-14-16-18-19,1-2-3-4-5-8-9-10-11-12-14-15-16-17-18-19,10,16,0.596,4,"cnot_0->1,cross_on_target,features_normal,sim_manual",1.0,/Users/iratimush/xqml-thesis/data/qsvm-traindata-4.csv,/Users/iratimush/xqml-thesis/data/qsvm-testdata-4.csv,40x2,1000x2,x0|x1,y,c6ab35d78e77b1d190dea52a7042c0a85b752b94ea37a8db325523310ecb2dc4,df762f19922720510b6a4c1239f010d677250801b83f88fef2e96d64b8a0769e
3,2-4-5-9-11-12-14-16-18-19-21,2-4-5-9-11-12-14-16-18-19-21,1-2-3-4-5-8-9-10-11-12-14-15-16-17-18-19-21,11,17,0.596,4,"cnot_0->1,cross_on_target,features_normal,sim_manual",1.0,/Users/iratimush/xqml-thesis/data/qsvm-traindata-4.csv,/Users/iratimush/xqml-thesis/data/qsvm-testdata-4.csv,40x2,1000x2,x0|x1,y,c6ab35d78e77b1d190dea52a7042c0a85b752b94ea37a8db325523310ecb2dc4,df762f19922720510b6a4c1239f010d677250801b83f88fef2e96d64b8a0769e
3,2-4-5-9-11-12-14-16-18-21,2-4-5-9-11-12-14-16-18-21,1-2-3-4-5-8-9-10-11-12-14-15-16-17-18-21,10,16,0.596,4,"cnot_0->1,cross_on_target,features_normal,sim_manual",1.0,/Users/iratimush/xqml-thesis/data/qsvm-traindata-4.csv,/Users/iratimush/xqml-thesis/data/qsvm-testdata-4.csv,40x2,1000x2,x0|x1,y,c6ab35d78e77b1d190dea52a7042c0a85b752b94ea37a8db325523310ecb2dc4,df762f19922720510b6a4c1239f010d677250801b83f88fef2e96d64b8a0769e
3,2-4-5-9-11-12-16-18,2-4-5-9-11-12-16-18,1-2-3-4-5-8-9-10-11-12-15-16-17-18,8,14,0.526,4,"cnot_0->1,cross_on_target,features_normal,sim_manual",1.0,/Users/iratimush/xqml-thesis/data/qsvm-traindata-4.csv,/Users/iratimush/xqml-thesis/data/qsvm-testdata-4.csv,40x2,1000x2,x0|x1,y,c6ab35d78e77b1d190dea52a7042c0a85b752b94ea37a8db325523310ecb2dc4,df762f19922720510b6a4c1239f010d677250801b83f88fef2e96d64b8a0769e
3,2-4-5-9-11-12-16-18-19,2-4-5-9-11-12-16-18-19,1-2-3-4-5-8-9-10-11-12-15-16-17-18-19,9,15,0.526,4,"cnot_0->1,cross_on_target,features_normal,sim_manual",1.0,/Users/iratimush/xqml-thesis/data/qsvm-traindata-4.csv,/Users/iratimush/xqml-thesis/data/qsvm-testdata-4.csv,40x2,1000x2,x0|x1,y,c6ab35d78e77b1d190dea52a7042c0a85b752b94ea37a8db325523310ecb2dc4,df762f19922720510b6a4c1239f010d677250801b83f88fef2e96d64b8a0769e
3,2-4-5-9-11-12-16-18-19-21,2-4-5-9-11-12-16-18-19-21,1-2-3-4-5-8-9-10-11-12-15-16-17-18-19-21,10,16,0.526,4,"cnot_0->1,cross_on_target,features_normal,sim_manual",1.0,/Users/iratimush/xqml-thesis/data/qsvm-traindata-4.csv,/Users/iratimush/xqml-thesis/data/qsvm-testdata-4.csv,40x2,1000x2,x0|x1,y,c6ab35d78e77b1d190dea52a7042c0a85b752b94ea37a8db325523310ecb2dc4,df762f19922720510b6a4c1239f010d677250801b83f88fef2e96d64b8a0769e
3,2-4-5-9-11-12-16-18-21,2-4-5-9-11-12-16-18-21,1-2-3-4-5-8-9-10-11-12-15-16-17-18-21,9,15,0.526,4,"cnot_0->1,cross_on_target,features_normal,sim_manual",1.0,/Users/iratimush/xqml-thesis/data/qsvm-traindata-4.csv,/Users/iratimush/xqml-thesis/data/qsvm-testdata-4.csv,40x2,1000x2,x0|x1,y,c6ab35d78e77b1d190dea52a7042c0a85b752b94ea37a8db325523310ecb2dc4,df762f19922720510b6a4c1239f010d677250801b83f88fef2e96d64b8a0769e
3,2-4-5-9-11-14-16-18,2-4-5-9-11-14-16-18,1-2-3-4-5-8-9-10-11-14-15-16-17-18,8,14,0.526,4,"cnot_0->1,cross_on_target,features_normal,sim_manual",1.0,/Users/iratimush/xqml-thesis/data/qsvm-traindata-4.csv,/Users/iratimush/xqml-thesis/data/qsvm-testdata-4.csv,40x2,1000x2,x0|x1,y,c6ab35d78e77b1d190dea52a7042c0a85b752b94ea37a8db325523310ecb2dc4,df762f19922720510b6a4c1239f010d677250801b83f88fef2e96d64b8a0769e
3,2-4-5-9-11-14-16-18-19,2-4-5-9-11-14-16-18-19,1-2-3-4-5-8-9-10-11-14-15-16-17-18-19,9,15,0.526,4,"cnot_0->1,cross_on_target,features_normal,sim_manual",1.0,/Users/iratimush/xqml-thesis/data/qsvm-traindata-4.csv,/Users/iratimush/xqml-thesis/data/qsvm-testdata-4.csv,40x2,1000x2,x0|x1,y,c6ab35d78e77b1d190dea52a7042c0a85b752b94ea37a8db325523310ecb2dc4,df762f19922720510b6a4c1239f010d677250801b83f88fef2e96d64b8a0769e
3,2-4-5-9-11-14-16-18-19-21,2-4-5-9-11-14-16-18-19-21,1-2-3-4-5-8-9-10-11-14-15-16-17-18-19-21,10,16,0.526,4,"cnot_0->1,cross_on_target,features_normal,sim_manual",1.0,/Users/iratimush/xqml-thesis/data/qsvm-traindata-4.csv,/Users/iratimush/xqml-thesis/data/qsvm-testdata-4.csv,40x2,1000x2,x0|x1,y,c6ab35d78e77b1d190dea52a7042c0a85b752b94ea37a8db325523310ecb2dc4,df762f19922720510b6a4c1239f010d677250801b83f88fef2e96d64b8a0769e
3,2-4-5-9-11-14-16-18-21,2-4-5-9-11-14-16-18-21,1-2-3-4-5-8-9-10-11-14-15-16-17-18-21,9,15,0.526,4,"cnot_0->1,cross_on_target,features_normal,sim_manual",1.0,/Users/iratimush/xqml-thesis/data/qsvm-traindata-4.csv,/Users/iratimush/xqml-thesis/data/qsvm-testdata-4.csv,40x2,1000x2,x0|x1,y,c6ab35d78e77b1d190dea52a7042c0a85b752b94ea37a8db325523310ecb2dc4,df762f19922720510b6a4c1239f010d677250801b83f88fef2e96d64b8a0769e
3,2-4-5-9-11-16-18,2-4-5-9-11-16-18,1-2-3-4-5-8-9-10-11-15-16-17-18,7,13,0.596,4,"cnot_0->1,cross_on_target,features_normal,sim_manual",1.0,/Users/iratimush/xqml-thesis/data/qsvm-traindata-4.csv,/Users/iratimush/xqml-thesis/data/qsvm-testdata-4.csv,40x2,1000x2,x0|x1,y,c6ab35d78e77b1d190dea52a7042c0a85b752b94ea37a8db325523310ecb2dc4,df762f19922720510b6a4c1239f010d677250801b83f88fef2e96d64b8a0769e
3,2-4-5-9-11-16-18-19,2-4-5-9-11-16-18-19,1-2-3-4-5-8-9-10-11-15-16-17-18-19,8,14,0.596,4,"cnot_0->1,cross_on_target,features_normal,sim_manual",1.0,/Users/iratimush/xqml-thesis/data/qsvm-traindata-4.csv,/Users/iratimush/xqml-thesis/data/qsvm-testdata-4.csv,40x2,1000x2,x0|x1,y,c6ab35d78e77b1d190dea52a7042c0a85b752b94ea37a8db325523310ecb2dc4,df762f19922720510b6a4c1239f010d677250801b83f88fef2e96d64b8a0769e
3,2-4-5-9-11-16-18-19-21,2-4-5-9-11-16-18-19-21,1-2-3-4-5-8-9-10-11-15-16-17-18-19-21,9,15,0.596,4,"cnot_0->1,cross_on_target,features_normal,sim_manual",1.0,/Users/iratimush/xqml-thesis/data/qsvm-traindata-4.csv,/Users/iratimush/xqml-thesis/data/qsvm-testdata-4.csv,40x2,1000x2,x0|x1,y,c6ab35d78e77b1d190dea52a7042c0a85b752b94ea37a8db325523310ecb2dc4,df762f19922720510b6a4c1239f010d677250801b83f88fef2e96d64b8a0769e
3,2-4-5-9-11-16-18-21,2-4-5-9-11-16-18-21,1-2-3-4-5-8-9-10-11-15-16-17-18-21,8,14,0.596,4,"cnot_0->1,cross_on_target,features_normal,sim_manual",1.0,/Users/iratimush/xqml-thesis/data/qsvm-traindata-4.csv,/Users/iratimush/xqml-thesis/data/qsvm-testdata-4.csv,40x2,1000x2,x0|x1,y,c6ab35d78e77b1d190dea52a7042c0a85b752b94ea37a8db325523310ecb2dc4,df762f19922720510b6a4c1239f010d677250801b83f88fef2e96d64b8a0769e
3,2-4-6-7-9-11-12-13-14-16-18-19-20,2-4-6-7-9-11-12-13-14-16-18-19-20,1-2-3-4-6-7-8-9-10-11-12-13-14-15-16-17-18-19-20,13,19,0.7,4,"cnot_0->1,cross_on_target,features_normal,sim_manual",1.0,/Users/iratimush/xqml-thesis/data/qsvm-traindata-4.csv,/Users/iratimush/xqml-thesis/data/qsvm-testdata-4.csv,40x2,1000x2,x0|x1,y,c6ab35d78e77b1d190dea52a7042c0a85b752b94ea37a8db325523310ecb2dc4,df762f19922720510b6a4c1239f010d677250801b83f88fef2e96d64b8a0769e
3,2-4-6-7-9-11-12-13-14-16-18-19-20-21,2-4-6-7-9-11-12-13-14-16-18-19-20-21,1-2-3-4-6-7-8-9-10-11-12-13-14-15-16-17-18-19-20-21,14,20,0.7,4,"cnot_0->1,cross_on_target,features_normal,sim_manual",1.0,/Users/iratimush/xqml-thesis/data/qsvm-traindata-4.csv,/Users/iratimush/xqml-thesis/data/qsvm-testdata-4.csv,40x2,1000x2,x0|x1,y,c6ab35d78e77b1d190dea52a7042c0a85b752b94ea37a8db325523310ecb2dc4,df762f19922720510b6a4c1239f010d677250801b83f88fef2e96d64b8a0769e
3,2-4-6-7-9-11-12-13-14-16-18-20,2-4-6-7-9-11-12-13-14-16-18-20,1-2-3-4-6-7-8-9-10-11-12-13-14-15-16-17-18-20,12,18,0.516,4,"cnot_0->1,cross_on_target,features_normal,sim_manual",1.0,/Users/iratimush/xqml-thesis/data/qsvm-traindata-4.csv,/Users/iratimush/xqml-thesis/data/qsvm-testdata-4.csv,40x2,1000x2,x0|x1,y,c6ab35d78e77b1d190dea52a7042c0a85b752b94ea37a8db325523310ecb2dc4,df762f19922720510b6a4c1239f010d677250801b83f88fef2e96d64b8a0769e
3,2-4-6-7-9-11-12-13-14-16-18-20-21,2-4-6-7-9-11-12-13-14-16-18-20-21,1-2-3-4-6-7-8-9-10-11-12-13-14-15-16-17-18-20-21,13,19,0.516,4,"cnot_0->1,cross_on_target,features_normal,sim_manual",1.0,/Users/iratimush/xqml-thesis/data/qsvm-traindata-4.csv,/Users/iratimush/xqml-thesis/data/qsvm-testdata-4.csv,40x2,1000x2,x0|x1,y,c6ab35d78e77b1d190dea52a7042c0a85b752b94ea37a8db325523310ecb2dc4,df762f19922720510b6a4c1239f010d677250801b83f88fef2e96d64b8a0769e
3,2-4-6-7-9-11-12-13-16-18-19-20,2-4-6-7-9-11-12-13-16-18-19-20,1-2-3-4-6-7-8-9-10-11-12-13-15-16-17-18-19-20,12,18,0.621,4,"cnot_0->1,cross_on_target,features_normal,sim_manual",1.0,/Users/iratimush/xqml-thesis/data/qsvm-traindata-4.csv,/Users/iratimush/xqml-thesis/data/qsvm-testdata-4.csv,40x2,1000x2,x0|x1,y,c6ab35d78e77b1d190dea52a7042c0a85b752b94ea37a8db325523310ecb2dc4,df762f19922720510b6a4c1239f010d677250801b83f88fef2e96d64b8a0769e
3,2-4-6-7-9-11-12-13-16-18-19-20-21,2-4-6-7-9-11-12-13-16-18-19-20-21,1-2-3-4-6-7-8-9-10-11-12-13-15-16-17-18-19-20-21,13,19,0.621,4,"cnot_0->1,cross_on_target,features_normal,sim_manual",1.0,/Users/iratimush/xqml-thesis/data/qsvm-traindata-4.csv,/Users/iratimush/xqml-thesis/data/qsvm-testdata-4.csv,40x2,1000x2,x0|x1,y,c6ab35d78e77b1d190dea52a7042c0a85b752b94ea37a8db325523310ecb2dc4,df762f19922720510b6a4c1239f010d677250801b83f88fef2e96d64b8a0769e
3,2-4-6-7-9-11-12-13-16-18-20,2-4-6-7-9-11-12-13-16-18-20,1-2-3-4-6-7-8-9-10-11-12-13-15-16-17-18-20,11,17,0.661,4,"cnot_0->1,cross_on_target,features_normal,sim_manual",1.0,/Users/iratimush/xqml-thesis/data/qsvm-traindata-4.csv,/Users/iratimush/xqml-thesis/data/qsvm-testdata-4.csv,40x2,1000x2,x0|x1,y,c6ab35d78e77b1d190dea52a7042c0a85b752b94ea37a8db325523310ecb2dc4,df762f19922720510b6a4c1239f010d677250801b83f88fef2e96d64b8a0769e
3,2-4-6-7-9-11-12-13-16-18-20-21,2-4-6-7-9-11-12-13-16-18-20-21,1-2-3-4-6-7-8-9-10-11-12-13-15-16-17-18-20-21,12,18,0.661,4,"cnot_0->1,cross_on_target,features_normal,sim_manual",1.0,/Users/iratimush/xqml-thesis/data/qsvm-traindata-4.csv,/Users/iratimush/xqml-thesis/data/qsvm-testdata-4.csv,40x2,1000x2,x0|x1,y,c6ab35d78e77b1d190dea52a7042c0a85b752b94ea37a8db325523310ecb2dc4,df762f19922720510b6a4c1239f010d677250801b83f88fef2e96d64b8a0769e
3,2-4-6-7-9-11-13-14-16-18-19-20,2-4-6-7-9-11-13-14-16-18-19-20,1-2-3-4-6-7-8-9-10-11-13-14-15-16-17-18-19-20,12,18,0.672,4,"cnot_0->1,cross_on_target,features_normal,sim_manual",1.0,/Users/iratimush/xqml-thesis/data/qsvm-traindata-4.csv,/Users/iratimush/xqml-thesis/data/qsvm-testdata-4.csv,40x2,1000x2,x0|x1,y,c6ab35d78e77b1d190dea52a7042c0a85b752b94ea37a8db325523310ecb2dc4,df762f19922720510b6a4c1239f010d677250801b83f88fef2e96d64b8a0769e
3,2-4-6-7-9-11-13-14-16-18-19-20-21,2-4-6-7-9-11-13-14-16-18-19-20-21,1-2-3-4-6-7-8-9-10-11-13-14-15-16-17-18-19-20-21,13,19,0.672,4,"cnot_0->1,cross_on_target,features_normal,sim_manual",1.0,/Users/iratimush/xqml-thesis/data/qsvm-traindata-4.csv,/Users/iratimush/xqml-thesis/data/qsvm-testdata-4.csv,40x2,1000x2,x0|x1,y,c6ab35d78e77b1d190dea52a7042c0a85b752b94ea37a8db325523310ecb2dc4,df762f19922720510b6a4c1239f010d677250801b83f88fef2e96d64b8a0769e
3,2-4-6-7-9-11-13-14-16-18-20,2-4-6-7-9-11-13-14-16-18-20,1-2-3-4-6-7-8-9-10-11-13-14-15-16-17-18-20,11,17,0.664,4,"cnot_0->1,cross_on_target,features_normal,sim_manual",1.0,/Users/iratimush/xqml-thesis/data/qsvm-traindata-4.csv,/Users/iratimush/xqml-thesis/data/qsvm-testdata-4.csv,40x2,1000x2,x0|x1,y,c6ab35d78e77b1d190dea52a7042c0a85b752b94ea37a8db325523310ecb2dc4,df762f19922720510b6a4c1239f010d677250801b83f88fef2e96d64b8a0769e
3,2-4-6-7-9-11-13-14-16-18-20-21,2-4-6-7-9-11-13-14-16-18-20-21,1-2-3-4-6-7-8-9-10-11-13-14-15-16-17-18-20-21,12,18,0.664,4,"cnot_0->1,cross_on_target,features_normal,sim_manual",1.0,/Users/iratimush/xqml-thesis/data/qsvm-traindata-4.csv,/Users/iratimush/xqml-thesis/data/qsvm-testdata-4.csv,40x2,1000x2,x0|x1,y,c6ab35d78e77b1d190dea52a7042c0a85b752b94ea37a8db325523310ecb2dc4,df762f19922720510b6a4c1239f010d677250801b83f88fef2e96d64b8a0769e
3,2-4-6-7-9-11-13-16-18-19-20,2-4-6-7-9-11-13-16-18-19-20,1-2-3-4-6-7-8-9-10-11-13-15-16-17-18-19-20,11,17,0.62,4,"cnot_0->1,cross_on_target,features_normal,sim_manual",1.0,/Users/iratimush/xqml-thesis/data/qsvm-traindata-4.csv,/Users/iratimush/xqml-thesis/data/qsvm-testdata-4.csv,40x2,1000x2,x0|x1,y,c6ab35d78e77b1d190dea52a7042c0a85b752b94ea37a8db325523310ecb2dc4,df762f19922720510b6a4c1239f010d677250801b83f88fef2e96d64b8a0769e
3,2-4-6-7-9-11-13-16-18-19-20-21,2-4-6-7-9-11-13-16-18-19-20-21,1-2-3-4-6-7-8-9-10-11-13-15-16-17-18-19-20-21,12,18,0.62,4,"cnot_0->1,cross_on_target,features_normal,sim_manual",1.0,/Users/iratimush/xqml-thesis/data/qsvm-traindata-4.csv,/Users/iratimush/xqml-thesis/data/qsvm-testdata-4.csv,40x2,1000x2,x0|x1,y,c6ab35d78e77b1d190dea52a7042c0a85b752b94ea37a8db325523310ecb2dc4,df762f19922720510b6a4c1239f010d677250801b83f88fef2e96d64b8a0769e
3,2-4-6-7-9-11-13-16-18-20,2-4-6-7-9-11-13-16-18-20,1-2-3-4-6-7-8-9-10-11-13-15-16-17-18-20,10,16,0.7,4,"cnot_0->1,cross_on_target,features_normal,sim_manual",1.0,/Users/iratimush/xqml-thesis/data/qsvm-traindata-4.csv,/Users/iratimush/xqml-thesis/data/qsvm-testdata-4.csv,40x2,1000x2,x0|x1,y,c6ab35d78e77b1d190dea52a7042c0a85b752b94ea37a8db325523310ecb2dc4,df762f19922720510b6a4c1239f010d677250801b83f88fef2e96d64b8a0769e
3,2-4-6-7-9-11-13-16-18-20-21,2-4-6-7-9-11-13-16-18-20-21,1-2-3-4-6-7-8-9-10-11-13-15-16-17-18-20-21,11,17,0.7,4,"cnot_0->1,cross_on_target,features_normal,sim_manual",1.0,/Users/iratimush/xqml-thesis/data/qsvm-traindata-4.csv,/Users/iratimush/xqml-thesis/data/qsvm-testdata-4.csv,40x2,1000x2,x0|x1,y,c6ab35d78e77b1d190dea52a7042c0a85b752b94ea37a8db325523310ecb2dc4,df762f19922720510b6a4c1239f010d677250801b83f88fef2e96d64b8a0769e
3,2-4-6-9-11-12-13-14-16-18-19-20,2-4-6-9-11-12-13-14-16-18-19-20,1-2-3-4-6-8-9-10-11-12-13-14-15-16-17-18-19-20,12,18,0.728,4,"cnot_0->1,cross_on_target,features_normal,sim_manual",1.0,/Users/iratimush/xqml-thesis/data/qsvm-traindata-4.csv,/Users/iratimush/xqml-thesis/data/qsvm-testdata-4.csv,40x2,1000x2,x0|x1,y,c6ab35d78e77b1d190dea52a7042c0a85b752b94ea37a8db325523310ecb2dc4,df762f19922720510b6a4c1239f010d677250801b83f88fef2e96d64b8a0769e
3,2-4-6-9-11-12-13-14-16-18-19-20-21,2-4-6-9-11-12-13-14-16-18-19-20-21,1-2-3-4-6-8-9-10-11-12-13-14-15-16-17-18-19-20-21,13,19,0.728,4,"cnot_0->1,cross_on_target,features_normal,sim_manual",1.0,/Users/iratimush/xqml-thesis/data/qsvm-traindata-4.csv,/Users/iratimush/xqml-thesis/data/qsvm-testdata-4.csv,40x2,1000x2,x0|x1,y,c6ab35d78e77b1d190dea52a7042c0a85b752b94ea37a8db325523310ecb2dc4,df762f19922720510b6a4c1239f010d677250801b83f88fef2e96d64b8a0769e
3,2-4-6-9-11-12-13-14-16-18-20,2-4-6-9-11-12-13-14-16-18-20,1-2-3-4-6-8-9-10-11-12-13-14-15-16-17-18-20,11,17,0.539,4,"cnot_0->1,cross_on_target,features_normal,sim_manual",1.0,/Users/iratimush/xqml-thesis/data/qsvm-traindata-4.csv,/Users/iratimush/xqml-thesis/data/qsvm-testdata-4.csv,40x2,1000x2,x0|x1,y,c6ab35d78e77b1d190dea52a7042c0a85b752b94ea37a8db325523310ecb2dc4,df762f19922720510b6a4c1239f010d677250801b83f88fef2e96d64b8a0769e
3,2-4-6-9-11-12-13-14-16-18-20-21,2-4-6-9-11-12-13-14-16-18-20-21,1-2-3-4-6-8-9-10-11-12-13-14-15-16-17-18-20-21,12,18,0.539,4,"cnot_0->1,cross_on_target,features_normal,sim_manual",1.0,/Users/iratimush/xqml-thesis/data/qsvm-traindata-4.csv,/Users/iratimush/xqml-thesis/data/qsvm-testdata-4.csv,40x2,1000x2,x0|x1,y,c6ab35d78e77b1d190dea52a7042c0a85b752b94ea37a8db325523310ecb2dc4,df762f19922720510b6a4c1239f010d677250801b83f88fef2e96d64b8a0769e
3,2-4-6-9-11-12-13-16-18-19-20,2-4-6-9-11-12-13-16-18-19-20,1-2-3-4-6-8-9-10-11-12-13-15-16-17-18-19-20,11,17,0.622,4,"cnot_0->1,cross_on_target,features_normal,sim_manual",1.0,/Users/iratimush/xqml-thesis/data/qsvm-traindata-4.csv,/Users/iratimush/xqml-thesis/data/qsvm-testdata-4.csv,40x2,1000x2,x0|x1,y,c6ab35d78e77b1d190dea52a7042c0a85b752b94ea37a8db325523310ecb2dc4,df762f19922720510b6a4c1239f010d677250801b83f88fef2e96d64b8a0769e
3,2-4-6-9-11-12-13-16-18-19-20-21,2-4-6-9-11-12-13-16-18-19-20-21,1-2-3-4-6-8-9-10-11-12-13-15-16-17-18-19-20-21,12,18,0.622,4,"cnot_0->1,cross_on_target,features_normal,sim_manual",1.0,/Users/iratimush/xqml-thesis/data/qsvm-traindata-4.csv,/Users/iratimush/xqml-thesis/data/qsvm-testdata-4.csv,40x2,1000x2,x0|x1,y,c6ab35d78e77b1d190dea52a7042c0a85b752b94ea37a8db325523310ecb2dc4,df762f19922720510b6a4c1239f010d677250801b83f88fef2e96d64b8a0769e
3,2-4-6-9-11-12-13-16-18-20,2-4-6-9-11-12-13-16-18-20,1-2-3-4-6-8-9-10-11-12-13-15-16-17-18-20,10,16,0.616,4,"cnot_0->1,cross_on_target,features_normal,sim_manual",1.0,/Users/iratimush/xqml-thesis/data/qsvm-traindata-4.csv,/Users/iratimush/xqml-thesis/data/qsvm-testdata-4.csv,40x2,1000x2,x0|x1,y,c6ab35d78e77b1d190dea52a7042c0a85b752b94ea37a8db325523310ecb2dc4,df762f19922720510b6a4c1239f010d677250801b83f88fef2e96d64b8a0769e
3,2-4-6-9-11-12-13-16-18-20-21,2-4-6-9-11-12-13-16-18-20-21,1-2-3-4-6-8-9-10-11-12-13-15-16-17-18-20-21,11,17,0.616,4,"cnot_0->1,cross_on_target,features_normal,sim_manual",1.0,/Users/iratimush/xqml-thesis/data/qsvm-traindata-4.csv,/Users/iratimush/xqml-thesis/data/qsvm-testdata-4.csv,40x2,1000x2,x0|x1,y,c6ab35d78e77b1d190dea52a7042c0a85b752b94ea37a8db325523310ecb2dc4,df762f19922720510b6a4c1239f010d677250801b83f88fef2e96d64b8a0769e
3,2-4-6-9-11-13-14-16-18-19-20,2-4-6-9-11-13-14-16-18-19-20,1-2-3-4-6-8-9-10-11-13-14-15-16-17-18-19-20,11,17,0.602,4,"cnot_0->1,cross_on_target,features_normal,sim_manual",1.0,/Users/iratimush/xqml-thesis/data/qsvm-traindata-4.csv,/Users/iratimush/xqml-thesis/data/qsvm-testdata-4.csv,40x2,1000x2,x0|x1,y,c6ab35d78e77b1d190dea52a7042c0a85b752b94ea37a8db325523310ecb2dc4,df762f19922720510b6a4c1239f010d677250801b83f88fef2e96d64b8a0769e
3,2-4-6-9-11-13-14-16-18-19-20-21,2-4-6-9-11-13-14-16-18-19-20-21,1-2-3-4-6-8-9-10-11-13-14-15-16-17-18-19-20-21,12,18,0.602,4,"cnot_0->1,cross_on_target,features_normal,sim_manual",1.0,/Users/iratimush/xqml-thesis/data/qsvm-traindata-4.csv,/Users/iratimush/xqml-thesis/data/qsvm-testdata-4.csv,40x2,1000x2,x0|x1,y,c6ab35d78e77b1d190dea52a7042c0a85b752b94ea37a8db325523310ecb2dc4,df762f19922720510b6a4c1239f010d677250801b83f88fef2e96d64b8a0769e
3,2-4-6-9-11-13-14-16-18-20,2-4-6-9-11-13-14-16-18-20,1-2-3-4-6-8-9-10-11-13-14-15-16-17-18-20,10,16,0.609,4,"cnot_0->1,cross_on_target,features_normal,sim_manual",1.0,/Users/iratimush/xqml-thesis/data/qsvm-traindata-4.csv,/Users/iratimush/xqml-thesis/data/qsvm-testdata-4.csv,40x2,1000x2,x0|x1,y,c6ab35d78e77b1d190dea52a7042c0a85b752b94ea37a8db325523310ecb2dc4,df762f19922720510b6a4c1239f010d677250801b83f88fef2e96d64b8a0769e
3,2-4-6-9-11-13-14-16-18-20-21,2-4-6-9-11-13-14-16-18-20-21,1-2-3-4-6-8-9-10-11-13-14-15-16-17-18-20-21,11,17,0.609,4,"cnot_0->1,cross_on_target,features_normal,sim_manual",1.0,/Users/iratimush/xqml-thesis/data/qsvm-traindata-4.csv,/Users/iratimush/xqml-thesis/data/qsvm-testdata-4.csv,40x2,1000x2,x0|x1,y,c6ab35d78e77b1d190dea52a7042c0a85b752b94ea37a8db325523310ecb2dc4,df762f19922720510b6a4c1239f010d677250801b83f88fef2e96d64b8a0769e
3,2-4-6-9-11-13-16-18,2-4-6-9-11-13-16-18,1-2-3-4-6-8-9-10-11-13-15-16-17-18,8,14,0.55,4,"cnot_0->1,cross_on_target,features_normal,sim_manual",1.0,/Users/iratimush/xqml-thesis/data/qsvm-traindata-4.csv,/Users/iratimush/xqml-thesis/data/qsvm-testdata-4.csv,40x2,1000x2,x0|x1,y,c6ab35d78e77b1d190dea52a7042c0a85b752b94ea37a8db325523310ecb2dc4,df762f19922720510b6a4c1239f010d677250801b83f88fef2e96d64b8a0769e
3,2-4-6-9-11-13-16-18-19-20,2-4-6-9-11-13-16-18-19-20,1-2-3-4-6-8-9-10-11-13-15-16-17-18-19-20,10,16,0.568,4,"cnot_0->1,cross_on_target,features_normal,sim_manual",1.0,/Users/iratimush/xqml-thesis/data/qsvm-traindata-4.csv,/Users/iratimush/xqml-thesis/data/qsvm-testdata-4.csv,40x2,1000x2,x0|x1,y,c6ab35d78e77b1d190dea52a7042c0a85b752b94ea37a8db325523310ecb2dc4,df762f19922720510b6a4c1239f010d677250801b83f88fef2e96d64b8a0769e
3,2-4-6-9-11-13-16-18-19-20-21,2-4-6-9-11-13-16-18-19-20-21,1-2-3-4-6-8-9-10-11-13-15-16-17-18-19-20-21,11,17,0.568,4,"cnot_0->1,cross_on_target,features_normal,sim_manual",1.0,/Users/iratimush/xqml-thesis/data/qsvm-traindata-4.csv,/Users/iratimush/xqml-thesis/data/qsvm-testdata-4.csv,40x2,1000x2,x0|x1,y,c6ab35d78e77b1d190dea52a7042c0a85b752b94ea37a8db325523310ecb2dc4,df762f19922720510b6a4c1239f010d677250801b83f88fef2e96d64b8a0769e
3,2-4-6-9-11-13-16-18-20,2-4-6-9-11-13-16-18-20,1-2-3-4-6-8-9-10-11-13-15-16-17-18-20,9,15,0.553,4,"cnot_0->1,cross_on_target,features_normal,sim_manual",1.0,/Users/iratimush/xqml-thesis/data/qsvm-traindata-4.csv,/Users/iratimush/xqml-thesis/data/qsvm-testdata-4.csv,40x2,1000x2,x0|x1,y,c6ab35d78e77b1d190dea52a7042c0a85b752b94ea37a8db325523310ecb2dc4,df762f19922720510b6a4c1239f010d677250801b83f88fef2e96d64b8a0769e
3,2-4-6-9-11-13-16-18-20-21,2-4-6-9-11-13-16-18-20-21,1-2-3-4-6-8-9-10-11-13-15-16-17-18-20-21,10,16,0.553,4,"cnot_0->1,cross_on_target,features_normal,sim_manual",1.0,/Users/iratimush/xqml-thesis/data/qsvm-traindata-4.csv,/Users/iratimush/xqml-thesis/data/qsvm-testdata-4.csv,40x2,1000x2,x0|x1,y,c6ab35d78e77b1d190dea52a7042c0a85b752b94ea37a8db325523310ecb2dc4,df762f19922720510b6a4c1239f010d677250801b83f88fef2e96d64b8a0769e
3,2-4-6-9-11-13-16-20,2-4-6-9-11-13-16-20,1-2-3-4-6-8-9-10-11-13-15-16-17-20,8,14,0.539,4,"cnot_0->1,cross_on_target,features_normal,sim_manual",1.0,/Users/iratimush/xqml-thesis/data/qsvm-traindata-4.csv,/Users/iratimush/xqml-thesis/data/qsvm-testdata-4.csv,40x2,1000x2,x0|x1,y,c6ab35d78e77b1d190dea52a7042c0a85b752b94ea37a8db325523310ecb2dc4,df762f19922720510b6a4c1239f010d677250801b83f88fef2e96d64b8a0769e
3,2-4-6-9-11-13-18-20,2-4-6-9-11-13-18-20,1-2-3-4-6-8-9-10-11-13-15-17-18-20,8,14,0.591,4,"cnot_0->1,cross_on_target,features_normal,sim_manual",1.0,/Users/iratimush/xqml-thesis/data/qsvm-traindata-4.csv,/Users/iratimush/xqml-thesis/data/qsvm-testdata-4.csv,40x2,1000x2,x0|x1,y,c6ab35d78e77b1d190dea52a7042c0a85b752b94ea37a8db325523310ecb2dc4,df762f19922720510b6a4c1239f010d677250801b83f88fef2e96d64b8a0769e
3,2-4-6-9-11-13-20,2-4-6-9-11-13-20,1-2-3-4-6-8-9-10-11-13-15-17-20,7,13,0.561,4,"cnot_0->1,cross_on_target,features_normal,sim_manual",1.0,/Users/iratimush/xqml-thesis/data/qsvm-traindata-4.csv,/Users/iratimush/xqml-thesis/data/qsvm-testdata-4.csv,40x2,1000x2,x0|x1,y,c6ab35d78e77b1d190dea52a7042c0a85b752b94ea37a8db325523310ecb2dc4,df762f19922720510b6a4c1239f010d677250801b83f88fef2e96d64b8a0769e
3,2-4-6-9-11-16-18,2-4-6-9-11-16-18,1-2-3-4-6-8-9-10-11-15-16-17-18,7,13,0.516,4,"cnot_0->1,cross_on_target,features_normal,sim_manual",1.0,/Users/iratimush/xqml-thesis/data/qsvm-traindata-4.csv,/Users/iratimush/xqml-thesis/data/qsvm-testdata-4.csv,40x2,1000x2,x0|x1,y,c6ab35d78e77b1d190dea52a7042c0a85b752b94ea37a8db325523310ecb2dc4,df762f19922720510b6a4c1239f010d677250801b83f88fef2e96d64b8a0769e
3,2-4-6-9-11-16-18-20,2-4-6-9-11-16-18-20,1-2-3-4-6-8-9-10-11-15-16-17-18-20,8,14,0.498,4,"cnot_0->1,cross_on_target,features_normal,sim_manual",1.0,/Users/iratimush/xqml-thesis/data/qsvm-traindata-4.csv,/Users/iratimush/xqml-thesis/data/qsvm-testdata-4.csv,40x2,1000x2,x0|x1,y,c6ab35d78e77b1d190dea52a7042c0a85b752b94ea37a8db325523310ecb2dc4,df762f19922720510b6a4c1239f010d677250801b83f88fef2e96d64b8a0769e
3,2-4-6-9-13-16-18-20,2-4-6-9-13-16-18-20,1-2-3-4-6-8-9-10-13-15-16-17-18-20,8,14,0.538,4,"cnot_0->1,cross_on_target,features_normal,sim_manual",1.0,/Users/iratimush/xqml-thesis/data/qsvm-traindata-4.csv,/Users/iratimush/xqml-thesis/data/qsvm-testdata-4.csv,40x2,1000x2,x0|x1,y,c6ab35d78e77b1d190dea52a7042c0a85b752b94ea37a8db325523310ecb2dc4,df762f19922720510b6a4c1239f010d677250801b83f88fef2e96d64b8a0769e
3,2-4-6-9-13-16-20,2-4-6-9-13-16-20,1-2-3-4-6-8-9-10-13-15-16-17-20,7,13,0.549,4,"cnot_0->1,cross_on_target,features_normal,sim_manual",1.0,/Users/iratimush/xqml-thesis/data/qsvm-traindata-4.csv,/Users/iratimush/xqml-thesis/data/qsvm-testdata-4.csv,40x2,1000x2,x0|x1,y,c6ab35d78e77b1d190dea52a7042c0a85b752b94ea37a8db325523310ecb2dc4,df762f19922720510b6a4c1239f010d677250801b83f88fef2e96d64b8a0769e
3,2-4-6-9-13-18-20,2-4-6-9-13-18-20,1-2-3-4-6-8-9-10-13-15-17-18-20,7,13,0.564,4,"cnot_0->1,cross_on_target,features_normal,sim_manual",1.0,/Users/iratimush/xqml-thesis/data/qsvm-traindata-4.csv,/Users/iratimush/xqml-thesis/data/qsvm-testdata-4.csv,40x2,1000x2,x0|x1,y,c6ab35d78e77b1d190dea52a7042c0a85b752b94ea37a8db325523310ecb2dc4,df762f19922720510b6a4c1239f010d677250801b83f88fef2e96d64b8a0769e
3,2-4-6-9-13-20,2-4-6-9-13-20,1-2-3-4-6-8-9-10-13-15-17-20,6,12,0.563,4,"cnot_0->1,cross_on_target,features_normal,sim_manual",1.0,/Users/iratimush/xqml-thesis/data/qsvm-traindata-4.csv,/Users/iratimush/xqml-thesis/data/qsvm-testdata-4.csv,40x2,1000x2,x0|x1,y,c6ab35d78e77b1d190dea52a7042c0a85b752b94ea37a8db325523310ecb2dc4,df762f19922720510b6a4c1239f010d677250801b83f88fef2e96d64b8a0769e
3,2-4-6-11-13-16-18-20,2-4-6-11-13-16-18-20,1-2-3-4-6-8-10-11-13-15-16-17-18-20,8,14,0.541,4,"cnot_0->1,cross_on_target,features_normal,sim_manual",1.0,/Users/iratimush/xqml-thesis/data/qsvm-traindata-4.csv,/Users/iratimush/xqml-thesis/data/qsvm-testdata-4.csv,40x2,1000x2,x0|x1,y,c6ab35d78e77b1d190dea52a7042c0a85b752b94ea37a8db325523310ecb2dc4,df762f19922720510b6a4c1239f010d677250801b83f88fef2e96d64b8a0769e
3,2-4-6-11-13-16-20,2-4-6-11-13-16-20,1-2-3-4-6-8-10-11-13-15-16-17-20,7,13,0.545,4,"cnot_0->1,cross_on_target,features_normal,sim_manual",1.0,/Users/iratimush/xqml-thesis/data/qsvm-traindata-4.csv,/Users/iratimush/xqml-thesis/data/qsvm-testdata-4.csv,40x2,1000x2,x0|x1,y,c6ab35d78e77b1d190dea52a7042c0a85b752b94ea37a8db325523310ecb2dc4,df762f19922720510b6a4c1239f010d677250801b83f88fef2e96d64b8a0769e
3,2-4-6-11-13-18-20,2-4-6-11-13-18-20,1-2-3-4-6-8-10-11-13-15-17-18-20,7,13,0.595,4,"cnot_0->1,cross_on_target,features_normal,sim_manual",1.0,/Users/iratimush/xqml-thesis/data/qsvm-traindata-4.csv,/Users/iratimush/xqml-thesis/data/qsvm-testdata-4.csv,40x2,1000x2,x0|x1,y,c6ab35d78e77b1d190dea52a7042c0a85b752b94ea37a8db325523310ecb2dc4,df762f19922720510b6a4c1239f010d677250801b83f88fef2e96d64b8a0769e
3,2-4-6-11-13-20,2-4-6-11-13-20,1-2-3-4-6-8-10-11-13-15-17-20,6,12,0.653,4,"cnot_0->1,cross_on_target,features_normal,sim_manual",1.0,/Users/iratimush/xqml-thesis/data/qsvm-traindata-4.csv,/Users/iratimush/xqml-thesis/data/qsvm-testdata-4.csv,40x2,1000x2,x0|x1,y,c6ab35d78e77b1d190dea52a7042c0a85b752b94ea37a8db325523310ecb2dc4,df762f19922720510b6a4c1239f010d677250801b83f88fef2e96d64b8a0769e
3,2-4-6-13-16-18-20,2-4-6-13-16-18-20,1-2-3-4-6-8-10-13-15-16-17-18-20,7,13,0.556,4,"cnot_0->1,cross_on_target,features_normal,sim_manual",1.0,/Users/iratimush/xqml-thesis/data/qsvm-traindata-4.csv,/Users/iratimush/xqml-thesis/data/qsvm-testdata-4.csv,40x2,1000x2,x0|x1,y,c6ab35d78e77b1d190dea52a7042c0a85b752b94ea37a8db325523310ecb2dc4,df762f19922720510b6a4c1239f010d677250801b83f88fef2e96d64b8a0769e
3,2-4-6-13-16-20,2-4-6-13-16-20,1-2-3-4-6-8-10-13-15-16-17-20,6,12,0.521,4,"cnot_0->1,cross_on_target,features_normal,sim_manual",1.0,/Users/iratimush/xqml-thesis/data/qsvm-traindata-4.csv,/Users/iratimush/xqml-thesis/data/qsvm-testdata-4.csv,40x2,1000x2,x0|x1,y,c6ab35d78e77b1d190dea52a7042c0a85b752b94ea37a8db325523310ecb2dc4,df762f19922720510b6a4c1239f010d677250801b83f88fef2e96d64b8a0769e
3,2-4-6-13-18-20,2-4-6-13-18-20,1-2-3-4-6-8-10-13-15-17-18-20,6,12,0.546,4,"cnot_0->1,cross_on_target,features_normal,sim_manual",1.0,/Users/iratimush/xqml-thesis/data/qsvm-traindata-4.csv,/Users/iratimush/xqml-thesis/data/qsvm-testdata-4.csv,40x2,1000x2,x0|x1,y,c6ab35d78e77b1d190dea52a7042c0a85b752b94ea37a8db325523310ecb2dc4,df762f19922720510b6a4c1239f010d677250801b83f88fef2e96d64b8a0769e
3,2-4-6-13-20,2-4-6-13-20,1-2-3-4-6-8-10-13-15-17-20,5,11,0.63,4,"cnot_0->1,cross_on_target,features_normal,sim_manual",1.0,/Users/iratimush/xqml-thesis/data/qsvm-traindata-4.csv,/Users/iratimush/xqml-thesis/data/qsvm-testdata-4.csv,40x2,1000x2,x0|x1,y,c6ab35d78e77b1d190dea52a7042c0a85b752b94ea37a8db325523310ecb2dc4,df762f19922720510b6a4c1239f010d677250801b83f88fef2e96d64b8a0769e
3,2-4-7-9-11-12-14-16-18,2-4-7-9-11-12-14-16-18,1-2-3-4-7-8-9-10-11-12-14-15-16-17-18,9,15,0.596,4,"cnot_0->1,cross_on_target,features_normal,sim_manual",1.0,/Users/iratimush/xqml-thesis/data/qsvm-traindata-4.csv,/Users/iratimush/xqml-thesis/data/qsvm-testdata-4.csv,40x2,1000x2,x0|x1,y,c6ab35d78e77b1d190dea52a7042c0a85b752b94ea37a8db325523310ecb2dc4,df762f19922720510b6a4c1239f010d677250801b83f88fef2e96d64b8a0769e
3,2-4-7-9-11-12-14-16-18-19,2-4-7-9-11-12-14-16-18-19,1-2-3-4-7-8-9-10-11-12-14-15-16-17-18-19,10,16,0.596,4,"cnot_0->1,cross_on_target,features_normal,sim_manual",1.0,/Users/iratimush/xqml-thesis/data/qsvm-traindata-4.csv,/Users/iratimush/xqml-thesis/data/qsvm-testdata-4.csv,40x2,1000x2,x0|x1,y,c6ab35d78e77b1d190dea52a7042c0a85b752b94ea37a8db325523310ecb2dc4,df762f19922720510b6a4c1239f010d677250801b83f88fef2e96d64b8a0769e
3,2-4-7-9-11-12-14-16-18-19-21,2-4-7-9-11-12-14-16-18-19-21,1-2-3-4-7-8-9-10-11-12-14-15-16-17-18-19-21,11,17,0.596,4,"cnot_0->1,cross_on_target,features_normal,sim_manual",1.0,/Users/iratimush/xqml-thesis/data/qsvm-traindata-4.csv,/Users/iratimush/xqml-thesis/data/qsvm-testdata-4.csv,40x2,1000x2,x0|x1,y,c6ab35d78e77b1d190dea52a7042c0a85b752b94ea37a8db325523310ecb2dc4,df762f19922720510b6a4c1239f010d677250801b83f88fef2e96d64b8a0769e
3,2-4-7-9-11-12-14-16-18-21,2-4-7-9-11-12-14-16-18-21,1-2-3-4-7-8-9-10-11-12-14-15-16-17-18-21,10,16,0.596,4,"cnot_0->1,cross_on_target,features_normal,sim_manual",1.0,/Users/iratimush/xqml-thesis/data/qsvm-traindata-4.csv,/Users/iratimush/xqml-thesis/data/qsvm-testdata-4.csv,40x2,1000x2,x0|x1,y,c6ab35d78e77b1d190dea52a7042c0a85b752b94ea37a8db325523310ecb2dc4,df762f19922720510b6a4c1239f010d677250801b83f88fef2e96d64b8a0769e
3,2-4-7-9-11-12-16-18,2-4-7-9-11-12-16-18,1-2-3-4-7-8-9-10-11-12-15-16-17-18,8,14,0.526,4,"cnot_0->1,cross_on_target,features_normal,sim_manual",1.0,/Users/iratimush/xqml-thesis/data/qsvm-traindata-4.csv,/Users/iratimush/xqml-thesis/data/qsvm-testdata-4.csv,40x2,1000x2,x0|x1,y,c6ab35d78e77b1d190dea52a7042c0a85b752b94ea37a8db325523310ecb2dc4,df762f19922720510b6a4c1239f010d677250801b83f88fef2e96d64b8a0769e
3,2-4-7-9-11-12-16-18-19,2-4-7-9-11-12-16-18-19,1-2-3-4-7-8-9-10-11-12-15-16-17-18-19,9,15,0.526,4,"cnot_0->1,cross_on_target,features_normal,sim_manual",1.0,/Users/iratimush/xqml-thesis/data/qsvm-traindata-4.csv,/Users/iratimush/xqml-thesis/data/qsvm-testdata-4.csv,40x2,1000x2,x0|x1,y,c6ab35d78e77b1d190dea52a7042c0a85b752b94ea37a8db325523310ecb2dc4,df762f19922720510b6a4c1239f010d677250801b83f88fef2e96d64b8a0769e
3,2-4-7-9-11-12-16-18-19-21,2-4-7-9-11-12-16-18-19-21,1-2-3-4-7-8-9-10-11-12-15-16-17-18-19-21,10,16,0.526,4,"cnot_0->1,cross_on_target,features_normal,sim_manual",1.0,/Users/iratimush/xqml-thesis/data/qsvm-traindata-4.csv,/Users/iratimush/xqml-thesis/data/qsvm-testdata-4.csv,40x2,1000x2,x0|x1,y,c6ab35d78e77b1d190dea52a7042c0a85b752b94ea37a8db325523310ecb2dc4,df762f19922720510b6a4c1239f010d677250801b83f88fef2e96d64b8a0769e
3,2-4-7-9-11-12-16-18-21,2-4-7-9-11-12-16-18-21,1-2-3-4-7-8-9-10-11-12-15-16-17-18-21,9,15,0.526,4,"cnot_0->1,cross_on_target,features_normal,sim_manual",1.0,/Users/iratimush/xqml-thesis/data/qsvm-traindata-4.csv,/Users/iratimush/xqml-thesis/data/qsvm-testdata-4.csv,40x2,1000x2,x0|x1,y,c6ab35d78e77b1d190dea52a7042c0a85b752b94ea37a8db325523310ecb2dc4,df762f19922720510b6a4c1239f010d677250801b83f88fef2e96d64b8a0769e
3,2-4-7-9-11-14-16-18,2-4-7-9-11-14-16-18,1-2-3-4-7-8-9-10-11-14-15-16-17-18,8,14,0.526,4,"cnot_0->1,cross_on_target,features_normal,sim_manual",1.0,/Users/iratimush/xqml-thesis/data/qsvm-traindata-4.csv,/Users/iratimush/xqml-thesis/data/qsvm-testdata-4.csv,40x2,1000x2,x0|x1,y,c6ab35d78e77b1d190dea52a7042c0a85b752b94ea37a8db325523310ecb2dc4,df762f19922720510b6a4c1239f010d677250801b83f88fef2e96d64b8a0769e
3,2-4-7-9-11-14-16-18-19,2-4-7-9-11-14-16-18-19,1-2-3-4-7-8-9-10-11-14-15-16-17-18-19,9,15,0.526,4,"cnot_0->1,cross_on_target,features_normal,sim_manual",1.0,/Users/iratimush/xqml-thesis/data/qsvm-traindata-4.csv,/Users/iratimush/xqml-thesis/data/qsvm-testdata-4.csv,40x2,1000x2,x0|x1,y,c6ab35d78e77b1d190dea52a7042c0a85b752b94ea37a8db325523310ecb2dc4,df762f19922720510b6a4c1239f010d677250801b83f88fef2e96d64b8a0769e
3,2-4-7-9-11-14-16-18-19-21,2-4-7-9-11-14-16-18-19-21,1-2-3-4-7-8-9-10-11-14-15-16-17-18-19-21,10,16,0.526,4,"cnot_0->1,cross_on_target,features_normal,sim_manual",1.0,/Users/iratimush/xqml-thesis/data/qsvm-traindata-4.csv,/Users/iratimush/xqml-thesis/data/qsvm-testdata-4.csv,40x2,1000x2,x0|x1,y,c6ab35d78e77b1d190dea52a7042c0a85b752b94ea37a8db325523310ecb2dc4,df762f19922720510b6a4c1239f010d677250801b83f88fef2e96d64b8a0769e
3,2-4-7-9-11-14-16-18-21,2-4-7-9-11-14-16-18-21,1-2-3-4-7-8-9-10-11-14-15-16-17-18-21,9,15,0.526,4,"cnot_0->1,cross_on_target,features_normal,sim_manual",1.0,/Users/iratimush/xqml-thesis/data/qsvm-traindata-4.csv,/Users/iratimush/xqml-thesis/data/qsvm-testdata-4.csv,40x2,1000x2,x0|x1,y,c6ab35d78e77b1d190dea52a7042c0a85b752b94ea37a8db325523310ecb2dc4,df762f19922720510b6a4c1239f010d677250801b83f88fef2e96d64b8a0769e
3,2-4-7-9-11-16-18,2-4-7-9-11-16-18,1-2-3-4-7-8-9-10-11-15-16-17-18,7,13,0.596,4,"cnot_0->1,cross_on_target,features_normal,sim_manual",1.0,/Users/iratimush/xqml-thesis/data/qsvm-traindata-4.csv,/Users/iratimush/xqml-thesis/data/qsvm-testdata-4.csv,40x2,1000x2,x0|x1,y,c6ab35d78e77b1d190dea52a7042c0a85b752b94ea37a8db325523310ecb2dc4,df762f19922720510b6a4c1239f010d677250801b83f88fef2e96d64b8a0769e
3,2-4-7-9-11-16-18-19,2-4-7-9-11-16-18-19,1-2-3-4-7-8-9-10-11-15-16-17-18-19,8,14,0.596,4,"cnot_0->1,cross_on_target,features_normal,sim_manual",1.0,/Users/iratimush/xqml-thesis/data/qsvm-traindata-4.csv,/Users/iratimush/xqml-thesis/data/qsvm-testdata-4.csv,40x2,1000x2,x0|x1,y,c6ab35d78e77b1d190dea52a7042c0a85b752b94ea37a8db325523310ecb2dc4,df762f19922720510b6a4c1239f010d677250801b83f88fef2e96d64b8a0769e
3,2-4-7-9-11-16-18-19-21,2-4-7-9-11-16-18-19-21,1-2-3-4-7-8-9-10-11-15-16-17-18-19-21,9,15,0.596,4,"cnot_0->1,cross_on_target,features_normal,sim_manual",1.0,/Users/iratimush/xqml-thesis/data/qsvm-traindata-4.csv,/Users/iratimush/xqml-thesis/data/qsvm-testdata-4.csv,40x2,1000x2,x0|x1,y,c6ab35d78e77b1d190dea52a7042c0a85b752b94ea37a8db325523310ecb2dc4,df762f19922720510b6a4c1239f010d677250801b83f88fef2e96d64b8a0769e
3,2-4-7-9-11-16-18-21,2-4-7-9-11-16-18-21,1-2-3-4-7-8-9-10-11-15-16-17-18-21,8,14,0.596,4,"cnot_0->1,cross_on_target,features_normal,sim_manual",1.0,/Users/iratimush/xqml-thesis/data/qsvm-traindata-4.csv,/Users/iratimush/xqml-thesis/data/qsvm-testdata-4.csv,40x2,1000x2,x0|x1,y,c6ab35d78e77b1d190dea52a7042c0a85b752b94ea37a8db325523310ecb2dc4,df762f19922720510b6a4c1239f010d677250801b83f88fef2e96d64b8a0769e
3,2-4-9,2-4-9,1-2-3-4-8-9-10-15-17,3,9,0.548,4,"cnot_0->1,cross_on_target,features_normal,sim_manual",1.0,/Users/iratimush/xqml-thesis/data/qsvm-traindata-4.csv,/Users/iratimush/xqml-thesis/data/qsvm-testdata-4.csv,40x2,1000x2,x0|x1,y,c6ab35d78e77b1d190dea52a7042c0a85b752b94ea37a8db325523310ecb2dc4,df762f19922720510b6a4c1239f010d677250801b83f88fef2e96d64b8a0769e
3,2-4-9-11,2-4-9-11,1-2-3-4-8-9-10-11-15-17,4,10,0.567,4,"cnot_0->1,cross_on_target,features_normal,sim_manual",1.0,/Users/iratimush/xqml-thesis/data/qsvm-traindata-4.csv,/Users/iratimush/xqml-thesis/data/qsvm-testdata-4.csv,40x2,1000x2,x0|x1,y,c6ab35d78e77b1d190dea52a7042c0a85b752b94ea37a8db325523310ecb2dc4,df762f19922720510b6a4c1239f010d677250801b83f88fef2e96d64b8a0769e
3,2-4-9-11-12-14-16-18,2-4-9-11-12-14-16-18,1-2-3-4-8-9-10-11-12-14-15-16-17-18,8,14,0.644,4,"cnot_0->1,cross_on_target,features_normal,sim_manual",1.0,/Users/iratimush/xqml-thesis/data/qsvm-traindata-4.csv,/Users/iratimush/xqml-thesis/data/qsvm-testdata-4.csv,40x2,1000x2,x0|x1,y,c6ab35d78e77b1d190dea52a7042c0a85b752b94ea37a8db325523310ecb2dc4,df762f19922720510b6a4c1239f010d677250801b83f88fef2e96d64b8a0769e
3,2-4-9-11-12-14-16-18-19,2-4-9-11-12-14-16-18-19,1-2-3-4-8-9-10-11-12-14-15-16-17-18-19,9,15,0.644,4,"cnot_0->1,cross_on_target,features_normal,sim_manual",1.0,/Users/iratimush/xqml-thesis/data/qsvm-traindata-4.csv,/Users/iratimush/xqml-thesis/data/qsvm-testdata-4.csv,40x2,1000x2,x0|x1,y,c6ab35d78e77b1d190dea52a7042c0a85b752b94ea37a8db325523310ecb2dc4,df762f19922720510b6a4c1239f010d677250801b83f88fef2e96d64b8a0769e
3,2-4-9-11-12-14-16-18-19-21,2-4-9-11-12-14-16-18-19-21,1-2-3-4-8-9-10-11-12-14-15-16-17-18-19-21,10,16,0.644,4,"cnot_0->1,cross_on_target,features_normal,sim_manual",1.0,/Users/iratimush/xqml-thesis/data/qsvm-traindata-4.csv,/Users/iratimush/xqml-thesis/data/qsvm-testdata-4.csv,40x2,1000x2,x0|x1,y,c6ab35d78e77b1d190dea52a7042c0a85b752b94ea37a8db325523310ecb2dc4,df762f19922720510b6a4c1239f010d677250801b83f88fef2e96d64b8a0769e
3,2-4-9-11-12-14-16-18-21,2-4-9-11-12-14-16-18-21,1-2-3-4-8-9-10-11-12-14-15-16-17-18-21,9,15,0.644,4,"cnot_0->1,cross_on_target,features_normal,sim_manual",1.0,/Users/iratimush/xqml-thesis/data/qsvm-traindata-4.csv,/Users/iratimush/xqml-thesis/data/qsvm-testdata-4.csv,40x2,1000x2,x0|x1,y,c6ab35d78e77b1d190dea52a7042c0a85b752b94ea37a8db325523310ecb2dc4,df762f19922720510b6a4c1239f010d677250801b83f88fef2e96d64b8a0769e
3,2-4-9-11-12-16-18,2-4-9-11-12-16-18,1-2-3-4-8-9-10-11-12-15-16-17-18,7,13,0.67,4,"cnot_0->1,cross_on_target,features_normal,sim_manual",1.0,/Users/iratimush/xqml-thesis/data/qsvm-traindata-4.csv,/Users/iratimush/xqml-thesis/data/qsvm-testdata-4.csv,40x2,1000x2,x0|x1,y,c6ab35d78e77b1d190dea52a7042c0a85b752b94ea37a8db325523310ecb2dc4,df762f19922720510b6a4c1239f010d677250801b83f88fef2e96d64b8a0769e
3,2-4-9-11-12-16-18-19,2-4-9-11-12-16-18-19,1-2-3-4-8-9-10-11-12-15-16-17-18-19,8,14,0.67,4,"cnot_0->1,cross_on_target,features_normal,sim_manual",1.0,/Users/iratimush/xqml-thesis/data/qsvm-traindata-4.csv,/Users/iratimush/xqml-thesis/data/qsvm-testdata-4.csv,40x2,1000x2,x0|x1,y,c6ab35d78e77b1d190dea52a7042c0a85b752b94ea37a8db325523310ecb2dc4,df762f19922720510b6a4c1239f010d677250801b83f88fef2e96d64b8a0769e
3,2-4-9-11-12-16-18-19-21,2-4-9-11-12-16-18-19-21,1-2-3-4-8-9-10-11-12-15-16-17-18-19-21,9,15,0.67,4,"cnot_0->1,cross_on_target,features_normal,sim_manual",1.0,/Users/iratimush/xqml-thesis/data/qsvm-traindata-4.csv,/Users/iratimush/xqml-thesis/data/qsvm-testdata-4.csv,40x2,1000x2,x0|x1,y,c6ab35d78e77b1d190dea52a7042c0a85b752b94ea37a8db325523310ecb2dc4,df762f19922720510b6a4c1239f010d677250801b83f88fef2e96d64b8a0769e
3,2-4-9-11-12-16-18-21,2-4-9-11-12-16-18-21,1-2-3-4-8-9-10-11-12-15-16-17-18-21,8,14,0.67,4,"cnot_0->1,cross_on_target,features_normal,sim_manual",1.0,/Users/iratimush/xqml-thesis/data/qsvm-traindata-4.csv,/Users/iratimush/xqml-thesis/data/qsvm-testdata-4.csv,40x2,1000x2,x0|x1,y,c6ab35d78e77b1d190dea52a7042c0a85b752b94ea37a8db325523310ecb2dc4,df762f19922720510b6a4c1239f010d677250801b83f88fef2e96d64b8a0769e
3,2-4-9-11-13-16-18,2-4-9-11-13-16-18,1-2-3-4-8-9-10-11-13-15-16-17-18,7,13,0.551,4,"cnot_0->1,cross_on_target,features_normal,sim_manual",1.0,/Users/iratimush/xqml-thesis/data/qsvm-traindata-4.csv,/Users/iratimush/xqml-thesis/data/qsvm-testdata-4.csv,40x2,1000x2,x0|x1,y,c6ab35d78e77b1d190dea52a7042c0a85b752b94ea37a8db325523310ecb2dc4,df762f19922720510b6a4c1239f010d677250801b83f88fef2e96d64b8a0769e
3,2-4-9-11-13-16-18-20,2-4-9-11-13-16-18-20,1-2-3-4-8-9-10-11-13-15-16-17-18-20,8,14,0.58,4,"cnot_0->1,cross_on_target,features_normal,sim_manual",1.0,/Users/iratimush/xqml-thesis/data/qsvm-traindata-4.csv,/Users/iratimush/xqml-thesis/data/qsvm-testdata-4.csv,40x2,1000x2,x0|x1,y,c6ab35d78e77b1d190dea52a7042c0a85b752b94ea37a8db325523310ecb2dc4,df762f19922720510b6a4c1239f010d677250801b83f88fef2e96d64b8a0769e
3,2-4-9-11-14-16-18,2-4-9-11-14-16-18,1-2-3-4-8-9-10-11-14-15-16-17-18,7,13,0.67,4,"cnot_0->1,cross_on_target,features_normal,sim_manual",1.0,/Users/iratimush/xqml-thesis/data/qsvm-traindata-4.csv,/Users/iratimush/xqml-thesis/data/qsvm-testdata-4.csv,40x2,1000x2,x0|x1,y,c6ab35d78e77b1d190dea52a7042c0a85b752b94ea37a8db325523310ecb2dc4,df762f19922720510b6a4c1239f010d677250801b83f88fef2e96d64b8a0769e
3,2-4-9-11-14-16-18-19,2-4-9-11-14-16-18-19,1-2-3-4-8-9-10-11-14-15-16-17-18-19,8,14,0.67,4,"cnot_0->1,cross_on_target,features_normal,sim_manual",1.0,/Users/iratimush/xqml-thesis/data/qsvm-traindata-4.csv,/Users/iratimush/xqml-thesis/data/qsvm-testdata-4.csv,40x2,1000x2,x0|x1,y,c6ab35d78e77b1d190dea52a7042c0a85b752b94ea37a8db325523310ecb2dc4,df762f19922720510b6a4c1239f010d677250801b83f88fef2e96d64b8a0769e
3,2-4-9-11-14-16-18-19-21,2-4-9-11-14-16-18-19-21,1-2-3-4-8-9-10-11-14-15-16-17-18-19-21,9,15,0.67,4,"cnot_0->1,cross_on_target,features_normal,sim_manual",1.0,/Users/iratimush/xqml-thesis/data/qsvm-traindata-4.csv,/Users/iratimush/xqml-thesis/data/qsvm-testdata-4.csv,40x2,1000x2,x0|x1,y,c6ab35d78e77b1d190dea52a7042c0a85b752b94ea37a8db325523310ecb2dc4,df762f19922720510b6a4c1239f010d677250801b83f88fef2e96d64b8a0769e
3,2-4-9-11-14-16-18-21,2-4-9-11-14-16-18-21,1-2-3-4-8-9-10-11-14-15-16-17-18-21,8,14,0.67,4,"cnot_0->1,cross_on_target,features_normal,sim_manual",1.0,/Users/iratimush/xqml-thesis/data/qsvm-traindata-4.csv,/Users/iratimush/xqml-thesis/data/qsvm-testdata-4.csv,40x2,1000x2,x0|x1,y,c6ab35d78e77b1d190dea52a7042c0a85b752b94ea37a8db325523310ecb2dc4,df762f19922720510b6a4c1239f010d677250801b83f88fef2e96d64b8a0769e
3,2-4-9-11-16,2-4-9-11-16,1-2-3-4-8-9-10-11-15-16-17,5,11,0.612,4,"cnot_0->1,cross_on_target,features_normal,sim_manual",1.0,/Users/iratimush/xqml-thesis/data/qsvm-traindata-4.csv,/Users/iratimush/xqml-thesis/data/qsvm-testdata-4.csv,40x2,1000x2,x0|x1,y,c6ab35d78e77b1d190dea52a7042c0a85b752b94ea37a8db325523310ecb2dc4,df762f19922720510b6a4c1239f010d677250801b83f88fef2e96d64b8a0769e
3,2-4-9-11-16-18,2-4-9-11-16-18,1-2-3-4-8-9-10-11-15-16-17-18,6,12,0.644,4,"cnot_0->1,cross_on_target,features_normal,sim_manual",1.0,/Users/iratimush/xqml-thesis/data/qsvm-traindata-4.csv,/Users/iratimush/xqml-thesis/data/qsvm-testdata-4.csv,40x2,1000x2,x0|x1,y,c6ab35d78e77b1d190dea52a7042c0a85b752b94ea37a8db325523310ecb2dc4,df762f19922720510b6a4c1239f010d677250801b83f88fef2e96d64b8a0769e
3,2-4-9-11-16-18-19,2-4-9-11-16-18-19,1-2-3-4-8-9-10-11-15-16-17-18-19,7,13,0.644,4,"cnot_0->1,cross_on_target,features_normal,sim_manual",1.0,/Users/iratimush/xqml-thesis/data/qsvm-traindata-4.csv,/Users/iratimush/xqml-thesis/data/qsvm-testdata-4.csv,40x2,1000x2,x0|x1,y,c6ab35d78e77b1d190dea52a7042c0a85b752b94ea37a8db325523310ecb2dc4,df762f19922720510b6a4c1239f010d677250801b83f88fef2e96d64b8a0769e
3,2-4-9-11-16-18-19-21,2-4-9-11-16-18-19-21,1-2-3-4-8-9-10-11-15-16-17-18-19-21,8,14,0.644,4,"cnot_0->1,cross_on_target,features_normal,sim_manual",1.0,/Users/iratimush/xqml-thesis/data/qsvm-traindata-4.csv,/Users/iratimush/xqml-thesis/data/qsvm-testdata-4.csv,40x2,1000x2,x0|x1,y,c6ab35d78e77b1d190dea52a7042c0a85b752b94ea37a8db325523310ecb2dc4,df762f19922720510b6a4c1239f010d677250801b83f88fef2e96d64b8a0769e
3,2-4-9-11-16-18-20,2-4-9-11-16-18-20,1-2-3-4-8-9-10-11-15-16-17-18-20,7,13,0.689,4,"cnot_0->1,cross_on_target,features_normal,sim_manual",1.0,/Users/iratimush/xqml-thesis/data/qsvm-traindata-4.csv,/Users/iratimush/xqml-thesis/data/qsvm-testdata-4.csv,40x2,1000x2,x0|x1,y,c6ab35d78e77b1d190dea52a7042c0a85b752b94ea37a8db325523310ecb2dc4,df762f19922720510b6a4c1239f010d677250801b83f88fef2e96d64b8a0769e
3,2-4-9-11-16-18-21,2-4-9-11-16-18-21,1-2-3-4-8-9-10-11-15-16-17-18-21,7,13,0.644,4,"cnot_0->1,cross_on_target,features_normal,sim_manual",1.0,/Users/iratimush/xqml-thesis/data/qsvm-traindata-4.csv,/Users/iratimush/xqml-thesis/data/qsvm-testdata-4.csv,40x2,1000x2,x0|x1,y,c6ab35d78e77b1d190dea52a7042c0a85b752b94ea37a8db325523310ecb2dc4,df762f19922720510b6a4c1239f010d677250801b83f88fef2e96d64b8a0769e
3,2-4-9-11-18,2-4-9-11-18,1-2-3-4-8-9-10-11-15-17-18,5,11,0.614,4,"cnot_0->1,cross_on_target,features_normal,sim_manual",1.0,/Users/iratimush/xqml-thesis/data/qsvm-traindata-4.csv,/Users/iratimush/xqml-thesis/data/qsvm-testdata-4.csv,40x2,1000x2,x0|x1,y,c6ab35d78e77b1d190dea52a7042c0a85b752b94ea37a8db325523310ecb2dc4,df762f19922720510b6a4c1239f010d677250801b83f88fef2e96d64b8a0769e
3,2-4-9-16,2-4-9-16,1-2-3-4-8-9-10-15-16-17,4,10,0.577,4,"cnot_0->1,cross_on_target,features_normal,sim_manual",1.0,/Users/iratimush/xqml-thesis/data/qsvm-traindata-4.csv,/Users/iratimush/xqml-thesis/data/qsvm-testdata-4.csv,40x2,1000x2,x0|x1,y,c6ab35d78e77b1d190dea52a7042c0a85b752b94ea37a8db325523310ecb2dc4,df762f19922720510b6a4c1239f010d677250801b83f88fef2e96d64b8a0769e
3,2-4-9-16-18,2-4-9-16-18,1-2-3-4-8-9-10-15-16-17-18,5,11,0.737,4,"cnot_0->1,cross_on_target,features_normal,sim_manual",1.0,/Users/iratimush/xqml-thesis/data/qsvm-traindata-4.csv,/Users/iratimush/xqml-thesis/data/qsvm-testdata-4.csv,40x2,1000x2,x0|x1,y,c6ab35d78e77b1d190dea52a7042c0a85b752b94ea37a8db325523310ecb2dc4,df762f19922720510b6a4c1239f010d677250801b83f88fef2e96d64b8a0769e
3,2-4-9-18,2-4-9-18,1-2-3-4-8-9-10-15-17-18,4,10,0.655,4,"cnot_0->1,cross_on_target,features_normal,sim_manual",1.0,/Users/iratimush/xqml-thesis/data/qsvm-traindata-4.csv,/Users/iratimush/xqml-thesis/data/qsvm-testdata-4.csv,40x2,1000x2,x0|x1,y,c6ab35d78e77b1d190dea52a7042c0a85b752b94ea37a8db325523310ecb2dc4,df762f19922720510b6a4c1239f010d677250801b83f88fef2e96d64b8a0769e
3,2-4-11,2-4-11,1-2-3-4-8-10-11-15-17,3,9,0.599,4,"cnot_0->1,cross_on_target,features_normal,sim_manual",1.0,/Users/iratimush/xqml-thesis/data/qsvm-traindata-4.csv,/Users/iratimush/xqml-thesis/data/qsvm-testdata-4.csv,40x2,1000x2,x0|x1,y,c6ab35d78e77b1d190dea52a7042c0a85b752b94ea37a8db325523310ecb2dc4,df762f19922720510b6a4c1239f010d677250801b83f88fef2e96d64b8a0769e
3,2-4-11-16,2-4-11-16,1-2-3-4-8-10-11-15-16-17,4,10,0.614,4,"cnot_0->1,cross_on_target,features_normal,sim_manual",1.0,/Users/iratimush/xqml-thesis/data/qsvm-traindata-4.csv,/Users/iratimush/xqml-thesis/data/qsvm-testdata-4.csv,40x2,1000x2,x0|x1,y,c6ab35d78e77b1d190dea52a7042c0a85b752b94ea37a8db325523310ecb2dc4,df762f19922720510b6a4c1239f010d677250801b83f88fef2e96d64b8a0769e
3,2-4-11-16-18,2-4-11-16-18,1-2-3-4-8-10-11-15-16-17-18,5,11,0.611,4,"cnot_0->1,cross_on_target,features_normal,sim_manual",1.0,/Users/iratimush/xqml-thesis/data/qsvm-traindata-4.csv,/Users/iratimush/xqml-thesis/data/qsvm-testdata-4.csv,40x2,1000x2,x0|x1,y,c6ab35d78e77b1d190dea52a7042c0a85b752b94ea37a8db325523310ecb2dc4,df762f19922720510b6a4c1239f010d677250801b83f88fef2e96d64b8a0769e
3,2-4-11-18,2-4-11-18,1-2-3-4-8-10-11-15-17-18,4,10,0.593,4,"cnot_0->1,cross_on_target,features_normal,sim_manual",1.0,/Users/iratimush/xqml-thesis/data/qsvm-traindata-4.csv,/Users/iratimush/xqml-thesis/data/qsvm-testdata-4.csv,40x2,1000x2,x0|x1,y,c6ab35d78e77b1d190dea52a7042c0a85b752b94ea37a8db325523310ecb2dc4,df762f19922720510b6a4c1239f010d677250801b83f88fef2e96d64b8a0769e
3,2-4-16,2-4-16,1-2-3-4-8-10-15-16-17,3,9,0.56,4,"cnot_0->1,cross_on_target,features_normal,sim_manual",1.0,/Users/iratimush/xqml-thesis/data/qsvm-traindata-4.csv,/Users/iratimush/xqml-thesis/data/qsvm-testdata-4.csv,40x2,1000x2,x0|x1,y,c6ab35d78e77b1d190dea52a7042c0a85b752b94ea37a8db325523310ecb2dc4,df762f19922720510b6a4c1239f010d677250801b83f88fef2e96d64b8a0769e
3,2-4-16-18,2-4-16-18,1-2-3-4-8-10-15-16-17-18,4,10,0.672,4,"cnot_0->1,cross_on_target,features_normal,sim_manual",1.0,/Users/iratimush/xqml-thesis/data/qsvm-traindata-4.csv,/Users/iratimush/xqml-thesis/data/qsvm-testdata-4.csv,40x2,1000x2,x0|x1,y,c6ab35d78e77b1d190dea52a7042c0a85b752b94ea37a8db325523310ecb2dc4,df762f19922720510b6a4c1239f010d677250801b83f88fef2e96d64b8a0769e
3,2-4-18,2-4-18,1-2-3-4-8-10-15-17-18,3,9,0.645,4,"cnot_0->1,cross_on_target,features_normal,sim_manual",1.0,/Users/iratimush/xqml-thesis/data/qsvm-traindata-4.csv,/Users/iratimush/xqml-thesis/data/qsvm-testdata-4.csv,40x2,1000x2,x0|x1,y,c6ab35d78e77b1d190dea52a7042c0a85b752b94ea37a8db325523310ecb2dc4,df762f19922720510b6a4c1239f010d677250801b83f88fef2e96d64b8a0769e
3,2-5-6-7-9-11-12-13-14-16-18-19-20-21,2-5-6-7-9-11-12-13-14-16-18-19-20-21,1-2-3-5-6-7-8-9-10-11-12-13-14-15-16-17-18-19-20-21,14,20,0.633,4,"cnot_0->1,cross_on_target,features_normal,sim_manual",1.0,/Users/iratimush/xqml-thesis/data/qsvm-traindata-4.csv,/Users/iratimush/xqml-thesis/data/qsvm-testdata-4.csv,40x2,1000x2,x0|x1,y,c6ab35d78e77b1d190dea52a7042c0a85b752b94ea37a8db325523310ecb2dc4,df762f19922720510b6a4c1239f010d677250801b83f88fef2e96d64b8a0769e
3,2-5-6-7-9-11-12-13-14-16-19-20-21,2-5-6-7-9-11-12-13-14-16-19-20-21,1-2-3-5-6-7-8-9-10-11-12-13-14-15-16-17-19-20-21,13,19,0.673,4,"cnot_0->1,cross_on_target,features_normal,sim_manual",1.0,/Users/iratimush/xqml-thesis/data/qsvm-traindata-4.csv,/Users/iratimush/xqml-thesis/data/qsvm-testdata-4.csv,40x2,1000x2,x0|x1,y,c6ab35d78e77b1d190dea52a7042c0a85b752b94ea37a8db325523310ecb2dc4,df762f19922720510b6a4c1239f010d677250801b83f88fef2e96d64b8a0769e
3,2-5-6-7-9-11-12-13-14-18-19-20-21,2-5-6-7-9-11-12-13-14-18-19-20-21,1-2-3-5-6-7-8-9-10-11-12-13-14-15-17-18-19-20-21,13,19,0.65,4,"cnot_0->1,cross_on_target,features_normal,sim_manual",1.0,/Users/iratimush/xqml-thesis/data/qsvm-traindata-4.csv,/Users/iratimush/xqml-thesis/data/qsvm-testdata-4.csv,40x2,1000x2,x0|x1,y,c6ab35d78e77b1d190dea52a7042c0a85b752b94ea37a8db325523310ecb2dc4,df762f19922720510b6a4c1239f010d677250801b83f88fef2e96d64b8a0769e
3,2-5-6-7-9-11-12-13-14-19-20-21,2-5-6-7-9-11-12-13-14-19-20-21,1-2-3-5-6-7-8-9-10-11-12-13-14-15-17-19-20-21,12,18,0.741,4,"cnot_0->1,cross_on_target,features_normal,sim_manual",1.0,/Users/iratimush/xqml-thesis/data/qsvm-traindata-4.csv,/Users/iratimush/xqml-thesis/data/qsvm-testdata-4.csv,40x2,1000x2,x0|x1,y,c6ab35d78e77b1d190dea52a7042c0a85b752b94ea37a8db325523310ecb2dc4,df762f19922720510b6a4c1239f010d677250801b83f88fef2e96d64b8a0769e
3,2-5-6-7-9-12-13-14-16-18-19-20-21,2-5-6-7-9-12-13-14-16-18-19-20-21,1-2-3-5-6-7-8-9-10-12-13-14-15-16-17-18-19-20-21,13,19,0.553,4,"cnot_0->1,cross_on_target,features_normal,sim_manual",1.0,/Users/iratimush/xqml-thesis/data/qsvm-traindata-4.csv,/Users/iratimush/xqml-thesis/data/qsvm-testdata-4.csv,40x2,1000x2,x0|x1,y,c6ab35d78e77b1d190dea52a7042c0a85b752b94ea37a8db325523310ecb2dc4,df762f19922720510b6a4c1239f010d677250801b83f88fef2e96d64b8a0769e
3,2-5-6-7-9-12-13-14-16-19-20-21,2-5-6-7-9-12-13-14-16-19-20-21,1-2-3-5-6-7-8-9-10-12-13-14-15-16-17-19-20-21,12,18,0.537,4,"cnot_0->1,cross_on_target,features_normal,sim_manual",1.0,/Users/iratimush/xqml-thesis/data/qsvm-traindata-4.csv,/Users/iratimush/xqml-thesis/data/qsvm-testdata-4.csv,40x2,1000x2,x0|x1,y,c6ab35d78e77b1d190dea52a7042c0a85b752b94ea37a8db325523310ecb2dc4,df762f19922720510b6a4c1239f010d677250801b83f88fef2e96d64b8a0769e
3,2-5-6-7-9-12-13-14-18-19-20-21,2-5-6-7-9-12-13-14-18-19-20-21,1-2-3-5-6-7-8-9-10-12-13-14-15-17-18-19-20-21,12,18,0.629,4,"cnot_0->1,cross_on_target,features_normal,sim_manual",1.0,/Users/iratimush/xqml-thesis/data/qsvm-traindata-4.csv,/Users/iratimush/xqml-thesis/data/qsvm-testdata-4.csv,40x2,1000x2,x0|x1,y,c6ab35d78e77b1d190dea52a7042c0a85b752b94ea37a8db325523310ecb2dc4,df762f19922720510b6a4c1239f010d677250801b83f88fef2e96d64b8a0769e
3,2-5-6-7-9-12-13-14-19-20-21,2-5-6-7-9-12-13-14-19-20-21,1-2-3-5-6-7-8-9-10-12-13-14-15-17-19-20-21,11,17,0.634,4,"cnot_0->1,cross_on_target,features_normal,sim_manual",1.0,/Users/iratimush/xqml-thesis/data/qsvm-traindata-4.csv,/Users/iratimush/xqml-thesis/data/qsvm-testdata-4.csv,40x2,1000x2,x0|x1,y,c6ab35d78e77b1d190dea52a7042c0a85b752b94ea37a8db325523310ecb2dc4,df762f19922720510b6a4c1239f010d677250801b83f88fef2e96d64b8a0769e
3,2-5-6-7-11-12-13-14-16-18-19-20-21,2-5-6-7-11-12-13-14-16-18-19-20-21,1-2-3-5-6-7-8-10-11-12-13-14-15-16-17-18-19-20-21,13,19,0.613,4,"cnot_0->1,cross_on_target,features_normal,sim_manual",1.0,/Users/iratimush/xqml-thesis/data/qsvm-traindata-4.csv,/Users/iratimush/xqml-thesis/data/qsvm-testdata-4.csv,40x2,1000x2,x0|x1,y,c6ab35d78e77b1d190dea52a7042c0a85b752b94ea37a8db325523310ecb2dc4,df762f19922720510b6a4c1239f010d677250801b83f88fef2e96d64b8a0769e
3,2-5-6-7-11-12-13-14-16-19-20-21,2-5-6-7-11-12-13-14-16-19-20-21,1-2-3-5-6-7-8-10-11-12-13-14-15-16-17-19-20-21,12,18,0.673,4,"cnot_0->1,cross_on_target,features_normal,sim_manual",1.0,/Users/iratimush/xqml-thesis/data/qsvm-traindata-4.csv,/Users/iratimush/xqml-thesis/data/qsvm-testdata-4.csv,40x2,1000x2,x0|x1,y,c6ab35d78e77b1d190dea52a7042c0a85b752b94ea37a8db325523310ecb2dc4,df762f19922720510b6a4c1239f010d677250801b83f88fef2e96d64b8a0769e
3,2-5-6-7-11-12-13-14-18-19-20-21,2-5-6-7-11-12-13-14-18-19-20-21,1-2-3-5-6-7-8-10-11-12-13-14-15-17-18-19-20-21,12,18,0.559,4,"cnot_0->1,cross_on_target,features_normal,sim_manual",1.0,/Users/iratimush/xqml-thesis/data/qsvm-traindata-4.csv,/Users/iratimush/xqml-thesis/data/qsvm-testdata-4.csv,40x2,1000x2,x0|x1,y,c6ab35d78e77b1d190dea52a7042c0a85b752b94ea37a8db325523310ecb2dc4,df762f19922720510b6a4c1239f010d677250801b83f88fef2e96d64b8a0769e
3,2-5-6-7-11-12-13-14-19-20-21,2-5-6-7-11-12-13-14-19-20-21,1-2-3-5-6-7-8-10-11-12-13-14-15-17-19-20-21,11,17,0.684,4,"cnot_0->1,cross_on_target,features_normal,sim_manual",1.0,/Users/iratimush/xqml-thesis/data/qsvm-traindata-4.csv,/Users/iratimush/xqml-thesis/data/qsvm-testdata-4.csv,40x2,1000x2,x0|x1,y,c6ab35d78e77b1d190dea52a7042c0a85b752b94ea37a8db325523310ecb2dc4,df762f19922720510b6a4c1239f010d677250801b83f88fef2e96d64b8a0769e
3,2-5-6-7-12-13-14-16-18-19-20-21,2-5-6-7-12-13-14-16-18-19-20-21,1-2-3-5-6-7-8-10-12-13-14-15-16-17-18-19-20-21,12,18,0.636,4,"cnot_0->1,cross_on_target,features_normal,sim_manual",1.0,/Users/iratimush/xqml-thesis/data/qsvm-traindata-4.csv,/Users/iratimush/xqml-thesis/data/qsvm-testdata-4.csv,40x2,1000x2,x0|x1,y,c6ab35d78e77b1d190dea52a7042c0a85b752b94ea37a8db325523310ecb2dc4,df762f19922720510b6a4c1239f010d677250801b83f88fef2e96d64b8a0769e
3,2-5-6-7-12-13-14-16-19-20-21,2-5-6-7-12-13-14-16-19-20-21,1-2-3-5-6-7-8-10-12-13-14-15-16-17-19-20-21,11,17,0.753,4,"cnot_0->1,cross_on_target,features_normal,sim_manual",1.0,/Users/iratimush/xqml-thesis/data/qsvm-traindata-4.csv,/Users/iratimush/xqml-thesis/data/qsvm-testdata-4.csv,40x2,1000x2,x0|x1,y,c6ab35d78e77b1d190dea52a7042c0a85b752b94ea37a8db325523310ecb2dc4,df762f19922720510b6a4c1239f010d677250801b83f88fef2e96d64b8a0769e
3,2-5-6-7-12-13-14-18-19-20-21,2-5-6-7-12-13-14-18-19-20-21,1-2-3-5-6-7-8-10-12-13-14-15-17-18-19-20-21,11,17,0.49,4,"cnot_0->1,cross_on_target,features_normal,sim_manual",1.0,/Users/iratimush/xqml-thesis/data/qsvm-traindata-4.csv,/Users/iratimush/xqml-thesis/data/qsvm-testdata-4.csv,40x2,1000x2,x0|x1,y,c6ab35d78e77b1d190dea52a7042c0a85b752b94ea37a8db325523310ecb2dc4,df762f19922720510b6a4c1239f010d677250801b83f88fef2e96d64b8a0769e
3,2-5-6-7-12-13-14-19-20-21,2-5-6-7-12-13-14-19-20-21,1-2-3-5-6-7-8-10-12-13-14-15-17-19-20-21,10,16,0.675,4,"cnot_0->1,cross_on_target,features_normal,sim_manual",1.0,/Users/iratimush/xqml-thesis/data/qsvm-traindata-4.csv,/Users/iratimush/xqml-thesis/data/qsvm-testdata-4.csv,40x2,1000x2,x0|x1,y,c6ab35d78e77b1d190dea52a7042c0a85b752b94ea37a8db325523310ecb2dc4,df762f19922720510b6a4c1239f010d677250801b83f88fef2e96d64b8a0769e
3,2-5-7-9-11-12-14-16-18-19-21,2-5-7-9-11-12-14-16-18-19-21,1-2-3-5-7-8-9-10-11-12-14-15-16-17-18-19-21,11,17,0.577,4,"cnot_0->1,cross_on_target,features_normal,sim_manual",1.0,/Users/iratimush/xqml-thesis/data/qsvm-traindata-4.csv,/Users/iratimush/xqml-thesis/data/qsvm-testdata-4.csv,40x2,1000x2,x0|x1,y,c6ab35d78e77b1d190dea52a7042c0a85b752b94ea37a8db325523310ecb2dc4,df762f19922720510b6a4c1239f010d677250801b83f88fef2e96d64b8a0769e
3,2-5-7-9-11-12-14-16-19-21,2-5-7-9-11-12-14-16-19-21,1-2-3-5-7-8-9-10-11-12-14-15-16-17-19-21,10,16,0.54,4,"cnot_0->1,cross_on_target,features_normal,sim_manual",1.0,/Users/iratimush/xqml-thesis/data/qsvm-traindata-4.csv,/Users/iratimush/xqml-thesis/data/qsvm-testdata-4.csv,40x2,1000x2,x0|x1,y,c6ab35d78e77b1d190dea52a7042c0a85b752b94ea37a8db325523310ecb2dc4,df762f19922720510b6a4c1239f010d677250801b83f88fef2e96d64b8a0769e
3,2-5-7-9-11-12-14-18-19-21,2-5-7-9-11-12-14-18-19-21,1-2-3-5-7-8-9-10-11-12-14-15-17-18-19-21,10,16,0.548,4,"cnot_0->1,cross_on_target,features_normal,sim_manual",1.0,/Users/iratimush/xqml-thesis/data/qsvm-traindata-4.csv,/Users/iratimush/xqml-thesis/data/qsvm-testdata-4.csv,40x2,1000x2,x0|x1,y,c6ab35d78e77b1d190dea52a7042c0a85b752b94ea37a8db325523310ecb2dc4,df762f19922720510b6a4c1239f010d677250801b83f88fef2e96d64b8a0769e
3,2-5-7-9-11-12-14-19-21,2-5-7-9-11-12-14-19-21,1-2-3-5-7-8-9-10-11-12-14-15-17-19-21,9,15,0.57,4,"cnot_0->1,cross_on_target,features_normal,sim_manual",1.0,/Users/iratimush/xqml-thesis/data/qsvm-traindata-4.csv,/Users/iratimush/xqml-thesis/data/qsvm-testdata-4.csv,40x2,1000x2,x0|x1,y,c6ab35d78e77b1d190dea52a7042c0a85b752b94ea37a8db325523310ecb2dc4,df762f19922720510b6a4c1239f010d677250801b83f88fef2e96d64b8a0769e
3,2-5-7-9-12-14-16-18-19-21,2-5-7-9-12-14-16-18-19-21,1-2-3-5-7-8-9-10-12-14-15-16-17-18-19-21,10,16,0.577,4,"cnot_0->1,cross_on_target,features_normal,sim_manual",1.0,/Users/iratimush/xqml-thesis/data/qsvm-traindata-4.csv,/Users/iratimush/xqml-thesis/data/qsvm-testdata-4.csv,40x2,1000x2,x0|x1,y,c6ab35d78e77b1d190dea52a7042c0a85b752b94ea37a8db325523310ecb2dc4,df762f19922720510b6a4c1239f010d677250801b83f88fef2e96d64b8a0769e
3,2-5-7-9-12-14-16-19-21,2-5-7-9-12-14-16-19-21,1-2-3-5-7-8-9-10-12-14-15-16-17-19-21,9,15,0.54,4,"cnot_0->1,cross_on_target,features_normal,sim_manual",1.0,/Users/iratimush/xqml-thesis/data/qsvm-traindata-4.csv,/Users/iratimush/xqml-thesis/data/qsvm-testdata-4.csv,40x2,1000x2,x0|x1,y,c6ab35d78e77b1d190dea52a7042c0a85b752b94ea37a8db325523310ecb2dc4,df762f19922720510b6a4c1239f010d677250801b83f88fef2e96d64b8a0769e
3,2-5-7-9-12-14-18-19-21,2-5-7-9-12-14-18-19-21,1-2-3-5-7-8-9-10-12-14-15-17-18-19-21,9,15,0.548,4,"cnot_0->1,cross_on_target,features_normal,sim_manual",1.0,/Users/iratimush/xqml-thesis/data/qsvm-traindata-4.csv,/Users/iratimush/xqml-thesis/data/qsvm-testdata-4.csv,40x2,1000x2,x0|x1,y,c6ab35d78e77b1d190dea52a7042c0a85b752b94ea37a8db325523310ecb2dc4,df762f19922720510b6a4c1239f010d677250801b83f88fef2e96d64b8a0769e
3,2-5-7-9-12-14-19-21,2-5-7-9-12-14-19-21,1-2-3-5-7-8-9-10-12-14-15-17-19-21,8,14,0.57,4,"cnot_0->1,cross_on_target,features_normal,sim_manual",1.0,/Users/iratimush/xqml-thesis/data/qsvm-traindata-4.csv,/Users/iratimush/xqml-thesis/data/qsvm-testdata-4.csv,40x2,1000x2,x0|x1,y,c6ab35d78e77b1d190dea52a7042c0a85b752b94ea37a8db325523310ecb2dc4,df762f19922720510b6a4c1239f010d677250801b83f88fef2e96d64b8a0769e
3,2-5-7-11-12-14-16-18-19-21,2-5-7-11-12-14-16-18-19-21,1-2-3-5-7-8-10-11-12-14-15-16-17-18-19-21,10,16,0.56,4,"cnot_0->1,cross_on_target,features_normal,sim_manual",1.0,/Users/iratimush/xqml-thesis/data/qsvm-traindata-4.csv,/Users/iratimush/xqml-thesis/data/qsvm-testdata-4.csv,40x2,1000x2,x0|x1,y,c6ab35d78e77b1d190dea52a7042c0a85b752b94ea37a8db325523310ecb2dc4,df762f19922720510b6a4c1239f010d677250801b83f88fef2e96d64b8a0769e
3,2-5-7-11-12-14-16-19-21,2-5-7-11-12-14-16-19-21,1-2-3-5-7-8-10-11-12-14-15-16-17-19-21,9,15,0.529,4,"cnot_0->1,cross_on_target,features_normal,sim_manual",1.0,/Users/iratimush/xqml-thesis/data/qsvm-traindata-4.csv,/Users/iratimush/xqml-thesis/data/qsvm-testdata-4.csv,40x2,1000x2,x0|x1,y,c6ab35d78e77b1d190dea52a7042c0a85b752b94ea37a8db325523310ecb2dc4,df762f19922720510b6a4c1239f010d677250801b83f88fef2e96d64b8a0769e
3,2-5-7-11-12-14-18-19-21,2-5-7-11-12-14-18-19-21,1-2-3-5-7-8-10-11-12-14-15-17-18-19-21,9,15,0.559,4,"cnot_0->1,cross_on_target,features_normal,sim_manual",1.0,/Users/iratimush/xqml-thesis/data/qsvm-traindata-4.csv,/Users/iratimush/xqml-thesis/data/qsvm-testdata-4.csv,40x2,1000x2,x0|x1,y,c6ab35d78e77b1d190dea52a7042c0a85b752b94ea37a8db325523310ecb2dc4,df762f19922720510b6a4c1239f010d677250801b83f88fef2e96d64b8a0769e
3,2-5-7-11-12-14-19-21,2-5-7-11-12-14-19-21,1-2-3-5-7-8-10-11-12-14-15-17-19-21,8,14,0.581,4,"cnot_0->1,cross_on_target,features_normal,sim_manual",1.0,/Users/iratimush/xqml-thesis/data/qsvm-traindata-4.csv,/Users/iratimush/xqml-thesis/data/qsvm-testdata-4.csv,40x2,1000x2,x0|x1,y,c6ab35d78e77b1d190dea52a7042c0a85b752b94ea37a8db325523310ecb2dc4,df762f19922720510b6a4c1239f010d677250801b83f88fef2e96d64b8a0769e
3,2-5-7-12-14-16-18-19-21,2-5-7-12-14-16-18-19-21,1-2-3-5-7-8-10-12-14-15-16-17-18-19-21,9,15,0.56,4,"cnot_0->1,cross_on_target,features_normal,sim_manual",1.0,/Users/iratimush/xqml-thesis/data/qsvm-traindata-4.csv,/Users/iratimush/xqml-thesis/data/qsvm-testdata-4.csv,40x2,1000x2,x0|x1,y,c6ab35d78e77b1d190dea52a7042c0a85b752b94ea37a8db325523310ecb2dc4,df762f19922720510b6a4c1239f010d677250801b83f88fef2e96d64b8a0769e
3,2-5-7-12-14-16-19-21,2-5-7-12-14-16-19-21,1-2-3-5-7-8-10-12-14-15-16-17-19-21,8,14,0.529,4,"cnot_0->1,cross_on_target,features_normal,sim_manual",1.0,/Users/iratimush/xqml-thesis/data/qsvm-traindata-4.csv,/Users/iratimush/xqml-thesis/data/qsvm-testdata-4.csv,40x2,1000x2,x0|x1,y,c6ab35d78e77b1d190dea52a7042c0a85b752b94ea37a8db325523310ecb2dc4,df762f19922720510b6a4c1239f010d677250801b83f88fef2e96d64b8a0769e
3,2-5-7-12-14-18-19-21,2-5-7-12-14-18-19-21,1-2-3-5-7-8-10-12-14-15-17-18-19-21,8,14,0.559,4,"cnot_0->1,cross_on_target,features_normal,sim_manual",1.0,/Users/iratimush/xqml-thesis/data/qsvm-traindata-4.csv,/Users/iratimush/xqml-thesis/data/qsvm-testdata-4.csv,40x2,1000x2,x0|x1,y,c6ab35d78e77b1d190dea52a7042c0a85b752b94ea37a8db325523310ecb2dc4,df762f19922720510b6a4c1239f010d677250801b83f88fef2e96d64b8a0769e
3,2-5-7-12-14-19-21,2-5-7-12-14-19-21,1-2-3-5-7-8-10-12-14-15-17-19-21,7,13,0.581,4,"cnot_0->1,cross_on_target,features_normal,sim_manual",1.0,/Users/iratimush/xqml-thesis/data/qsvm-traindata-4.csv,/Users/iratimush/xqml-thesis/data/qsvm-testdata-4.csv,40x2,1000x2,x0|x1,y,c6ab35d78e77b1d190dea52a7042c0a85b752b94ea37a8db325523310ecb2dc4,df762f19922720510b6a4c1239f010d677250801b83f88fef2e96d64b8a0769e
3,2-6-9-11-13-16-18-20,2-6-9-11-13-16-18-20,1-2-3-6-8-9-10-11-13-15-16-17-18-20,8,14,0.572,4,"cnot_0->1,cross_on_target,features_normal,sim_manual",1.0,/Users/iratimush/xqml-thesis/data/qsvm-traindata-4.csv,/Users/iratimush/xqml-thesis/data/qsvm-testdata-4.csv,40x2,1000x2,x0|x1,y,c6ab35d78e77b1d190dea52a7042c0a85b752b94ea37a8db325523310ecb2dc4,df762f19922720510b6a4c1239f010d677250801b83f88fef2e96d64b8a0769e
3,2-6-9-11-13-16-20,2-6-9-11-13-16-20,1-2-3-6-8-9-10-11-13-15-16-17-20,7,13,0.722,4,"cnot_0->1,cross_on_target,features_normal,sim_manual",1.0,/Users/iratimush/xqml-thesis/data/qsvm-traindata-4.csv,/Users/iratimush/xqml-thesis/data/qsvm-testdata-4.csv,40x2,1000x2,x0|x1,y,c6ab35d78e77b1d190dea52a7042c0a85b752b94ea37a8db325523310ecb2dc4,df762f19922720510b6a4c1239f010d677250801b83f88fef2e96d64b8a0769e
3,2-6-9-11-13-18-20,2-6-9-11-13-18-20,1-2-3-6-8-9-10-11-13-15-17-18-20,7,13,0.52,4,"cnot_0->1,cross_on_target,features_normal,sim_manual",1.0,/Users/iratimush/xqml-thesis/data/qsvm-traindata-4.csv,/Users/iratimush/xqml-thesis/data/qsvm-testdata-4.csv,40x2,1000x2,x0|x1,y,c6ab35d78e77b1d190dea52a7042c0a85b752b94ea37a8db325523310ecb2dc4,df762f19922720510b6a4c1239f010d677250801b83f88fef2e96d64b8a0769e
3,2-6-9-11-13-20,2-6-9-11-13-20,1-2-3-6-8-9-10-11-13-15-17-20,6,12,0.679,4,"cnot_0->1,cross_on_target,features_normal,sim_manual",1.0,/Users/iratimush/xqml-thesis/data/qsvm-traindata-4.csv,/Users/iratimush/xqml-thesis/data/qsvm-testdata-4.csv,40x2,1000x2,x0|x1,y,c6ab35d78e77b1d190dea52a7042c0a85b752b94ea37a8db325523310ecb2dc4,df762f19922720510b6a4c1239f010d677250801b83f88fef2e96d64b8a0769e
3,2-6-9-13-16-18-20,2-6-9-13-16-18-20,1-2-3-6-8-9-10-13-15-16-17-18-20,7,13,0.492,4,"cnot_0->1,cross_on_target,features_normal,sim_manual",1.0,/Users/iratimush/xqml-thesis/data/qsvm-traindata-4.csv,/Users/iratimush/xqml-thesis/data/qsvm-testdata-4.csv,40x2,1000x2,x0|x1,y,c6ab35d78e77b1d190dea52a7042c0a85b752b94ea37a8db325523310ecb2dc4,df762f19922720510b6a4c1239f010d677250801b83f88fef2e96d64b8a0769e
3,2-6-9-13-16-20,2-6-9-13-16-20,1-2-3-6-8-9-10-13-15-16-17-20,6,12,0.744,4,"cnot_0->1,cross_on_target,features_normal,sim_manual",1.0,/Users/iratimush/xqml-thesis/data/qsvm-traindata-4.csv,/Users/iratimush/xqml-thesis/data/qsvm-testdata-4.csv,40x2,1000x2,x0|x1,y,c6ab35d78e77b1d190dea52a7042c0a85b752b94ea37a8db325523310ecb2dc4,df762f19922720510b6a4c1239f010d677250801b83f88fef2e96d64b8a0769e
3,2-6-9-13-18-20,2-6-9-13-18-20,1-2-3-6-8-9-10-13-15-17-18-20,6,12,0.562,4,"cnot_0->1,cross_on_target,features_normal,sim_manual",1.0,/Users/iratimush/xqml-thesis/data/qsvm-traindata-4.csv,/Users/iratimush/xqml-thesis/data/qsvm-testdata-4.csv,40x2,1000x2,x0|x1,y,c6ab35d78e77b1d190dea52a7042c0a85b752b94ea37a8db325523310ecb2dc4,df762f19922720510b6a4c1239f010d677250801b83f88fef2e96d64b8a0769e
3,2-6-9-13-20,2-6-9-13-20,1-2-3-6-8-9-10-13-15-17-20,5,11,0.647,4,"cnot_0->1,cross_on_target,features_normal,sim_manual",1.0,/Users/iratimush/xqml-thesis/data/qsvm-traindata-4.csv,/Users/iratimush/xqml-thesis/data/qsvm-testdata-4.csv,40x2,1000x2,x0|x1,y,c6ab35d78e77b1d190dea52a7042c0a85b752b94ea37a8db325523310ecb2dc4,df762f19922720510b6a4c1239f010d677250801b83f88fef2e96d64b8a0769e
3,2-6-11-13-16-18-20,2-6-11-13-16-18-20,1-2-3-6-8-10-11-13-15-16-17-18-20,7,13,0.582,4,"cnot_0->1,cross_on_target,features_normal,sim_manual",1.0,/Users/iratimush/xqml-thesis/data/qsvm-traindata-4.csv,/Users/iratimush/xqml-thesis/data/qsvm-testdata-4.csv,40x2,1000x2,x0|x1,y,c6ab35d78e77b1d190dea52a7042c0a85b752b94ea37a8db325523310ecb2dc4,df762f19922720510b6a4c1239f010d677250801b83f88fef2e96d64b8a0769e
3,2-6-11-13-16-20,2-6-11-13-16-20,1-2-3-6-8-10-11-13-15-16-17-20,6,12,0.695,4,"cnot_0->1,cross_on_target,features_normal,sim_manual",1.0,/Users/iratimush/xqml-thesis/data/qsvm-traindata-4.csv,/Users/iratimush/xqml-thesis/data/qsvm-testdata-4.csv,40x2,1000x2,x0|x1,y,c6ab35d78e77b1d190dea52a7042c0a85b752b94ea37a8db325523310ecb2dc4,df762f19922720510b6a4c1239f010d677250801b83f88fef2e96d64b8a0769e
3,2-6-11-13-18-20,2-6-11-13-18-20,1-2-3-6-8-10-11-13-15-17-18-20,6,12,0.563,4,"cnot_0->1,cross_on_target,features_normal,sim_manual",1.0,/Users/iratimush/xqml-thesis/data/qsvm-traindata-4.csv,/Users/iratimush/xqml-thesis/data/qsvm-testdata-4.csv,40x2,1000x2,x0|x1,y,c6ab35d78e77b1d190dea52a7042c0a85b752b94ea37a8db325523310ecb2dc4,df762f19922720510b6a4c1239f010d677250801b83f88fef2e96d64b8a0769e
3,2-6-11-13-20,2-6-11-13-20,1-2-3-6-8-10-11-13-15-17-20,5,11,0.694,4,"cnot_0->1,cross_on_target,features_normal,sim_manual",1.0,/Users/iratimush/xqml-thesis/data/qsvm-traindata-4.csv,/Users/iratimush/xqml-thesis/data/qsvm-testdata-4.csv,40x2,1000x2,x0|x1,y,c6ab35d78e77b1d190dea52a7042c0a85b752b94ea37a8db325523310ecb2dc4,df762f19922720510b6a4c1239f010d677250801b83f88fef2e96d64b8a0769e
3,2-6-13-16-18-20,2-6-13-16-18-20,1-2-3-6-8-10-13-15-16-17-18-20,6,12,0.527,4,"cnot_0->1,cross_on_target,features_normal,sim_manual",1.0,/Users/iratimush/xqml-thesis/data/qsvm-traindata-4.csv,/Users/iratimush/xqml-thesis/data/qsvm-testdata-4.csv,40x2,1000x2,x0|x1,y,c6ab35d78e77b1d190dea52a7042c0a85b752b94ea37a8db325523310ecb2dc4,df762f19922720510b6a4c1239f010d677250801b83f88fef2e96d64b8a0769e
3,2-6-13-16-20,2-6-13-16-20,1-2-3-6-8-10-13-15-16-17-20,5,11,0.723,4,"cnot_0->1,cross_on_target,features_normal,sim_manual",1.0,/Users/iratimush/xqml-thesis/data/qsvm-traindata-4.csv,/Users/iratimush/xqml-thesis/data/qsvm-testdata-4.csv,40x2,1000x2,x0|x1,y,c6ab35d78e77b1d190dea52a7042c0a85b752b94ea37a8db325523310ecb2dc4,df762f19922720510b6a4c1239f010d677250801b83f88fef2e96d64b8a0769e
3,2-6-13-18-20,2-6-13-18-20,1-2-3-6-8-10-13-15-17-18-20,5,11,0.555,4,"cnot_0->1,cross_on_target,features_normal,sim_manual",1.0,/Users/iratimush/xqml-thesis/data/qsvm-traindata-4.csv,/Users/iratimush/xqml-thesis/data/qsvm-testdata-4.csv,40x2,1000x2,x0|x1,y,c6ab35d78e77b1d190dea52a7042c0a85b752b94ea37a8db325523310ecb2dc4,df762f19922720510b6a4c1239f010d677250801b83f88fef2e96d64b8a0769e
3,2-6-13-20,2-6-13-20,1-2-3-6-8-10-13-15-17-20,4,10,0.65,4,"cnot_0->1,cross_on_target,features_normal,sim_manual",1.0,/Users/iratimush/xqml-thesis/data/qsvm-traindata-4.csv,/Users/iratimush/xqml-thesis/data/qsvm-testdata-4.csv,40x2,1000x2,x0|x1,y,c6ab35d78e77b1d190dea52a7042c0a85b752b94ea37a8db325523310ecb2dc4,df762f19922720510b6a4c1239f010d677250801b83f88fef2e96d64b8a0769e
3,2-9,2-9,1-2-3-8-9-10-15-17,2,8,0.57,4,"cnot_0->1,cross_on_target,features_normal,sim_manual",1.0,/Users/iratimush/xqml-thesis/data/qsvm-traindata-4.csv,/Users/iratimush/xqml-thesis/data/qsvm-testdata-4.csv,40x2,1000x2,x0|x1,y,c6ab35d78e77b1d190dea52a7042c0a85b752b94ea37a8db325523310ecb2dc4,df762f19922720510b6a4c1239f010d677250801b83f88fef2e96d64b8a0769e
3,2-9-11,2-9-11,1-2-3-8-9-10-11-15-17,3,9,0.57,4,"cnot_0->1,cross_on_target,features_normal,sim_manual",1.0,/Users/iratimush/xqml-thesis/data/qsvm-traindata-4.csv,/Users/iratimush/xqml-thesis/data/qsvm-testdata-4.csv,40x2,1000x2,x0|x1,y,c6ab35d78e77b1d190dea52a7042c0a85b752b94ea37a8db325523310ecb2dc4,df762f19922720510b6a4c1239f010d677250801b83f88fef2e96d64b8a0769e
3,2-9-11-16,2-9-11-16,1-2-3-8-9-10-11-15-16-17,4,10,0.54,4,"cnot_0->1,cross_on_target,features_normal,sim_manual",1.0,/Users/iratimush/xqml-thesis/data/qsvm-traindata-4.csv,/Users/iratimush/xqml-thesis/data/qsvm-testdata-4.csv,40x2,1000x2,x0|x1,y,c6ab35d78e77b1d190dea52a7042c0a85b752b94ea37a8db325523310ecb2dc4,df762f19922720510b6a4c1239f010d677250801b83f88fef2e96d64b8a0769e
3,2-9-11-16-18,2-9-11-16-18,1-2-3-8-9-10-11-15-16-17-18,5,11,0.577,4,"cnot_0->1,cross_on_target,features_normal,sim_manual",1.0,/Users/iratimush/xqml-thesis/data/qsvm-traindata-4.csv,/Users/iratimush/xqml-thesis/data/qsvm-testdata-4.csv,40x2,1000x2,x0|x1,y,c6ab35d78e77b1d190dea52a7042c0a85b752b94ea37a8db325523310ecb2dc4,df762f19922720510b6a4c1239f010d677250801b83f88fef2e96d64b8a0769e
3,2-9-11-18,2-9-11-18,1-2-3-8-9-10-11-15-17-18,4,10,0.548,4,"cnot_0->1,cross_on_target,features_normal,sim_manual",1.0,/Users/iratimush/xqml-thesis/data/qsvm-traindata-4.csv,/Users/iratimush/xqml-thesis/data/qsvm-testdata-4.csv,40x2,1000x2,x0|x1,y,c6ab35d78e77b1d190dea52a7042c0a85b752b94ea37a8db325523310ecb2dc4,df762f19922720510b6a4c1239f010d677250801b83f88fef2e96d64b8a0769e
3,2-9-16,2-9-16,1-2-3-8-9-10-15-16-17,3,9,0.54,4,"cnot_0->1,cross_on_target,features_normal,sim_manual",1.0,/Users/iratimush/xqml-thesis/data/qsvm-traindata-4.csv,/Users/iratimush/xqml-thesis/data/qsvm-testdata-4.csv,40x2,1000x2,x0|x1,y,c6ab35d78e77b1d190dea52a7042c0a85b752b94ea37a8db325523310ecb2dc4,df762f19922720510b6a4c1239f010d677250801b83f88fef2e96d64b8a0769e
3,2-9-16-18,2-9-16-18,1-2-3-8-9-10-15-16-17-18,4,10,0.577,4,"cnot_0->1,cross_on_target,features_normal,sim_manual",1.0,/Users/iratimush/xqml-thesis/data/qsvm-traindata-4.csv,/Users/iratimush/xqml-thesis/data/qsvm-testdata-4.csv,40x2,1000x2,x0|x1,y,c6ab35d78e77b1d190dea52a7042c0a85b752b94ea37a8db325523310ecb2dc4,df762f19922720510b6a4c1239f010d677250801b83f88fef2e96d64b8a0769e
3,2-9-18,2-9-18,1-2-3-8-9-10-15-17-18,3,9,0.548,4,"cnot_0->1,cross_on_target,features_normal,sim_manual",1.0,/Users/iratimush/xqml-thesis/data/qsvm-traindata-4.csv,/Users/iratimush/xqml-thesis/data/qsvm-testdata-4.csv,40x2,1000x2,x0|x1,y,c6ab35d78e77b1d190dea52a7042c0a85b752b94ea37a8db325523310ecb2dc4,df762f19922720510b6a4c1239f010d677250801b83f88fef2e96d64b8a0769e
3,2-11,2-11,1-2-3-8-10-11-15-17,2,8,0.581,4,"cnot_0->1,cross_on_target,features_normal,sim_manual",1.0,/Users/iratimush/xqml-thesis/data/qsvm-traindata-4.csv,/Users/iratimush/xqml-thesis/data/qsvm-testdata-4.csv,40x2,1000x2,x0|x1,y,c6ab35d78e77b1d190dea52a7042c0a85b752b94ea37a8db325523310ecb2dc4,df762f19922720510b6a4c1239f010d677250801b83f88fef2e96d64b8a0769e
3,2-11-16,2-11-16,1-2-3-8-10-11-15-16-17,3,9,0.529,4,"cnot_0->1,cross_on_target,features_normal,sim_manual",1.0,/Users/iratimush/xqml-thesis/data/qsvm-traindata-4.csv,/Users/iratimush/xqml-thesis/data/qsvm-testdata-4.csv,40x2,1000x2,x0|x1,y,c6ab35d78e77b1d190dea52a7042c0a85b752b94ea37a8db325523310ecb2dc4,df762f19922720510b6a4c1239f010d677250801b83f88fef2e96d64b8a0769e
3,2-11-16-18,2-11-16-18,1-2-3-8-10-11-15-16-17-18,4,10,0.56,4,"cnot_0->1,cross_on_target,features_normal,sim_manual",1.0,/Users/iratimush/xqml-thesis/data/qsvm-traindata-4.csv,/Users/iratimush/xqml-thesis/data/qsvm-testdata-4.csv,40x2,1000x2,x0|x1,y,c6ab35d78e77b1d190dea52a7042c0a85b752b94ea37a8db325523310ecb2dc4,df762f19922720510b6a4c1239f010d677250801b83f88fef2e96d64b8a0769e
3,2-11-18,2-11-18,1-2-3-8-10-11-15-17-18,3,9,0.559,4,"cnot_0->1,cross_on_target,features_normal,sim_manual",1.0,/Users/iratimush/xqml-thesis/data/qsvm-traindata-4.csv,/Users/iratimush/xqml-thesis/data/qsvm-testdata-4.csv,40x2,1000x2,x0|x1,y,c6ab35d78e77b1d190dea52a7042c0a85b752b94ea37a8db325523310ecb2dc4,df762f19922720510b6a4c1239f010d677250801b83f88fef2e96d64b8a0769e
3,2-16,2-16,1-2-3-8-10-15-16-17,2,8,0.529,4,"cnot_0->1,cross_on_target,features_normal,sim_manual",1.0,/Users/iratimush/xqml-thesis/data/qsvm-traindata-4.csv,/Users/iratimush/xqml-thesis/data/qsvm-testdata-4.csv,40x2,1000x2,x0|x1,y,c6ab35d78e77b1d190dea52a7042c0a85b752b94ea37a8db325523310ecb2dc4,df762f19922720510b6a4c1239f010d677250801b83f88fef2e96d64b8a0769e
3,2-16-18,2-16-18,1-2-3-8-10-15-16-17-18,3,9,0.56,4,"cnot_0->1,cross_on_target,features_normal,sim_manual",1.0,/Users/iratimush/xqml-thesis/data/qsvm-traindata-4.csv,/Users/iratimush/xqml-thesis/data/qsvm-testdata-4.csv,40x2,1000x2,x0|x1,y,c6ab35d78e77b1d190dea52a7042c0a85b752b94ea37a8db325523310ecb2dc4,df762f19922720510b6a4c1239f010d677250801b83f88fef2e96d64b8a0769e
3,2-18,2-18,1-2-3-8-10-15-17-18,2,8,0.559,4,"cnot_0->1,cross_on_target,features_normal,sim_manual",1.0,/Users/iratimush/xqml-thesis/data/qsvm-traindata-4.csv,/Users/iratimush/xqml-thesis/data/qsvm-testdata-4.csv,40x2,1000x2,x0|x1,y,c6ab35d78e77b1d190dea52a7042c0a85b752b94ea37a8db325523310ecb2dc4,df762f19922720510b6a4c1239f010d677250801b83f88fef2e96d64b8a0769e
3,4,4,1-3-4-8-10-15-17,1,7,0.57,4,"cnot_0->1,cross_on_target,features_normal,sim_manual",1.0,/Users/iratimush/xqml-thesis/data/qsvm-traindata-4.csv,/Users/iratimush/xqml-thesis/data/qsvm-testdata-4.csv,40x2,1000x2,x0|x1,y,c6ab35d78e77b1d190dea52a7042c0a85b752b94ea37a8db325523310ecb2dc4,df762f19922720510b6a4c1239f010d677250801b83f88fef2e96d64b8a0769e
3,4-5-6-7-9-11-12-13-14-16-18-19-20-21,4-5-6-7-9-11-12-13-14-16-18-19-20-21,1-3-4-5-6-7-8-9-10-11-12-13-14-15-16-17-18-19-20-21,14,20,0.657,4,"cnot_0->1,cross_on_target,features_normal,sim_manual",1.0,/Users/iratimush/xqml-thesis/data/qsvm-traindata-4.csv,/Users/iratimush/xqml-thesis/data/qsvm-testdata-4.csv,40x2,1000x2,x0|x1,y,c6ab35d78e77b1d190dea52a7042c0a85b752b94ea37a8db325523310ecb2dc4,df762f19922720510b6a4c1239f010d677250801b83f88fef2e96d64b8a0769e
3,4-5-6-7-9-11-12-13-14-16-19-20-21,4-5-6-7-9-11-12-13-14-16-19-20-21,1-3-4-5-6-7-8-9-10-11-12-13-14-15-16-17-19-20-21,13,19,0.706,4,"cnot_0->1,cross_on_target,features_normal,sim_manual",1.0,/Users/iratimush/xqml-thesis/data/qsvm-traindata-4.csv,/Users/iratimush/xqml-thesis/data/qsvm-testdata-4.csv,40x2,1000x2,x0|x1,y,c6ab35d78e77b1d190dea52a7042c0a85b752b94ea37a8db325523310ecb2dc4,df762f19922720510b6a4c1239f010d677250801b83f88fef2e96d64b8a0769e
3,4-5-6-7-9-11-12-13-14-18-19-20-21,4-5-6-7-9-11-12-13-14-18-19-20-21,1-3-4-5-6-7-8-9-10-11-12-13-14-15-17-18-19-20-21,13,19,0.783,4,"cnot_0->1,cross_on_target,features_normal,sim_manual",1.0,/Users/iratimush/xqml-thesis/data/qsvm-traindata-4.csv,/Users/iratimush/xqml-thesis/data/qsvm-testdata-4.csv,40x2,1000x2,x0|x1,y,c6ab35d78e77b1d190dea52a7042c0a85b752b94ea37a8db325523310ecb2dc4,df762f19922720510b6a4c1239f010d677250801b83f88fef2e96d64b8a0769e
3,4-5-6-7-9-11-12-13-14-19-20-21,4-5-6-7-9-11-12-13-14-19-20-21,1-3-4-5-6-7-8-9-10-11-12-13-14-15-17-19-20-21,12,18,0.734,4,"cnot_0->1,cross_on_target,features_normal,sim_manual",1.0,/Users/iratimush/xqml-thesis/data/qsvm-traindata-4.csv,/Users/iratimush/xqml-thesis/data/qsvm-testdata-4.csv,40x2,1000x2,x0|x1,y,c6ab35d78e77b1d190dea52a7042c0a85b752b94ea37a8db325523310ecb2dc4,df762f19922720510b6a4c1239f010d677250801b83f88fef2e96d64b8a0769e
3,4-5-6-7-9-12-13-14-16-18-19-20-21,4-5-6-7-9-12-13-14-16-18-19-20-21,1-3-4-5-6-7-8-9-10-12-13-14-15-16-17-18-19-20-21,13,19,0.622,4,"cnot_0->1,cross_on_target,features_normal,sim_manual",1.0,/Users/iratimush/xqml-thesis/data/qsvm-traindata-4.csv,/Users/iratimush/xqml-thesis/data/qsvm-testdata-4.csv,40x2,1000x2,x0|x1,y,c6ab35d78e77b1d190dea52a7042c0a85b752b94ea37a8db325523310ecb2dc4,df762f19922720510b6a4c1239f010d677250801b83f88fef2e96d64b8a0769e
3,4-5-6-7-9-12-13-14-16-19-20-21,4-5-6-7-9-12-13-14-16-19-20-21,1-3-4-5-6-7-8-9-10-12-13-14-15-16-17-19-20-21,12,18,0.578,4,"cnot_0->1,cross_on_target,features_normal,sim_manual",1.0,/Users/iratimush/xqml-thesis/data/qsvm-traindata-4.csv,/Users/iratimush/xqml-thesis/data/qsvm-testdata-4.csv,40x2,1000x2,x0|x1,y,c6ab35d78e77b1d190dea52a7042c0a85b752b94ea37a8db325523310ecb2dc4,df762f19922720510b6a4c1239f010d677250801b83f88fef2e96d64b8a0769e
3,4-5-6-7-9-12-13-14-18-19-20-21,4-5-6-7-9-12-13-14-18-19-20-21,1-3-4-5-6-7-8-9-10-12-13-14-15-17-18-19-20-21,12,18,0.64,4,"cnot_0->1,cross_on_target,features_normal,sim_manual",1.0,/Users/iratimush/xqml-thesis/data/qsvm-traindata-4.csv,/Users/iratimush/xqml-thesis/data/qsvm-testdata-4.csv,40x2,1000x2,x0|x1,y,c6ab35d78e77b1d190dea52a7042c0a85b752b94ea37a8db325523310ecb2dc4,df762f19922720510b6a4c1239f010d677250801b83f88fef2e96d64b8a0769e
3,4-5-6-7-9-12-13-14-19-20-21,4-5-6-7-9-12-13-14-19-20-21,1-3-4-5-6-7-8-9-10-12-13-14-15-17-19-20-21,11,17,0.636,4,"cnot_0->1,cross_on_target,features_normal,sim_manual",1.0,/Users/iratimush/xqml-thesis/data/qsvm-traindata-4.csv,/Users/iratimush/xqml-thesis/data/qsvm-testdata-4.csv,40x2,1000x2,x0|x1,y,c6ab35d78e77b1d190dea52a7042c0a85b752b94ea37a8db325523310ecb2dc4,df762f19922720510b6a4c1239f010d677250801b83f88fef2e96d64b8a0769e
3,4-5-6-7-11-12-13-14-16-18-19-20-21,4-5-6-7-11-12-13-14-16-18-19-20-21,1-3-4-5-6-7-8-10-11-12-13-14-15-16-17-18-19-20-21,13,19,0.673,4,"cnot_0->1,cross_on_target,features_normal,sim_manual",1.0,/Users/iratimush/xqml-thesis/data/qsvm-traindata-4.csv,/Users/iratimush/xqml-thesis/data/qsvm-testdata-4.csv,40x2,1000x2,x0|x1,y,c6ab35d78e77b1d190dea52a7042c0a85b752b94ea37a8db325523310ecb2dc4,df762f19922720510b6a4c1239f010d677250801b83f88fef2e96d64b8a0769e
3,4-5-6-7-11-12-13-14-16-19-20-21,4-5-6-7-11-12-13-14-16-19-20-21,1-3-4-5-6-7-8-10-11-12-13-14-15-16-17-19-20-21,12,18,0.636,4,"cnot_0->1,cross_on_target,features_normal,sim_manual",1.0,/Users/iratimush/xqml-thesis/data/qsvm-traindata-4.csv,/Users/iratimush/xqml-thesis/data/qsvm-testdata-4.csv,40x2,1000x2,x0|x1,y,c6ab35d78e77b1d190dea52a7042c0a85b752b94ea37a8db325523310ecb2dc4,df762f19922720510b6a4c1239f010d677250801b83f88fef2e96d64b8a0769e
3,4-5-6-7-11-12-13-14-18-19-20-21,4-5-6-7-11-12-13-14-18-19-20-21,1-3-4-5-6-7-8-10-11-12-13-14-15-17-18-19-20-21,12,18,0.665,4,"cnot_0->1,cross_on_target,features_normal,sim_manual",1.0,/Users/iratimush/xqml-thesis/data/qsvm-traindata-4.csv,/Users/iratimush/xqml-thesis/data/qsvm-testdata-4.csv,40x2,1000x2,x0|x1,y,c6ab35d78e77b1d190dea52a7042c0a85b752b94ea37a8db325523310ecb2dc4,df762f19922720510b6a4c1239f010d677250801b83f88fef2e96d64b8a0769e
3,4-5-6-7-11-12-13-14-19-20-21,4-5-6-7-11-12-13-14-19-20-21,1-3-4-5-6-7-8-10-11-12-13-14-15-17-19-20-21,11,17,0.694,4,"cnot_0->1,cross_on_target,features_normal,sim_manual",1.0,/Users/iratimush/xqml-thesis/data/qsvm-traindata-4.csv,/Users/iratimush/xqml-thesis/data/qsvm-testdata-4.csv,40x2,1000x2,x0|x1,y,c6ab35d78e77b1d190dea52a7042c0a85b752b94ea37a8db325523310ecb2dc4,df762f19922720510b6a4c1239f010d677250801b83f88fef2e96d64b8a0769e
3,4-5-6-7-12-13-14-16-18-19-20-21,4-5-6-7-12-13-14-16-18-19-20-21,1-3-4-5-6-7-8-10-12-13-14-15-16-17-18-19-20-21,12,18,0.625,4,"cnot_0->1,cross_on_target,features_normal,sim_manual",1.0,/Users/iratimush/xqml-thesis/data/qsvm-traindata-4.csv,/Users/iratimush/xqml-thesis/data/qsvm-testdata-4.csv,40x2,1000x2,x0|x1,y,c6ab35d78e77b1d190dea52a7042c0a85b752b94ea37a8db325523310ecb2dc4,df762f19922720510b6a4c1239f010d677250801b83f88fef2e96d64b8a0769e
3,4-5-6-7-12-13-14-16-19-20-21,4-5-6-7-12-13-14-16-19-20-21,1-3-4-5-6-7-8-10-12-13-14-15-16-17-19-20-21,11,17,0.514,4,"cnot_0->1,cross_on_target,features_normal,sim_manual",1.0,/Users/iratimush/xqml-thesis/data/qsvm-traindata-4.csv,/Users/iratimush/xqml-thesis/data/qsvm-testdata-4.csv,40x2,1000x2,x0|x1,y,c6ab35d78e77b1d190dea52a7042c0a85b752b94ea37a8db325523310ecb2dc4,df762f19922720510b6a4c1239f010d677250801b83f88fef2e96d64b8a0769e
3,4-5-6-7-12-13-14-18-19-20-21,4-5-6-7-12-13-14-18-19-20-21,1-3-4-5-6-7-8-10-12-13-14-15-17-18-19-20-21,11,17,0.755,4,"cnot_0->1,cross_on_target,features_normal,sim_manual",1.0,/Users/iratimush/xqml-thesis/data/qsvm-traindata-4.csv,/Users/iratimush/xqml-thesis/data/qsvm-testdata-4.csv,40x2,1000x2,x0|x1,y,c6ab35d78e77b1d190dea52a7042c0a85b752b94ea37a8db325523310ecb2dc4,df762f19922720510b6a4c1239f010d677250801b83f88fef2e96d64b8a0769e
3,4-5-6-7-12-13-14-19-20-21,4-5-6-7-12-13-14-19-20-21,1-3-4-5-6-7-8-10-12-13-14-15-17-19-20-21,10,16,0.682,4,"cnot_0->1,cross_on_target,features_normal,sim_manual",1.0,/Users/iratimush/xqml-thesis/data/qsvm-traindata-4.csv,/Users/iratimush/xqml-thesis/data/qsvm-testdata-4.csv,40x2,1000x2,x0|x1,y,c6ab35d78e77b1d190dea52a7042c0a85b752b94ea37a8db325523310ecb2dc4,df762f19922720510b6a4c1239f010d677250801b83f88fef2e96d64b8a0769e
3,4-5-7-9-11-12-14-16-18-19-21,4-5-7-9-11-12-14-16-18-19-21,1-3-4-5-7-8-9-10-11-12-14-15-16-17-18-19-21,11,17,0.593,4,"cnot_0->1,cross_on_target,features_normal,sim_manual",1.0,/Users/iratimush/xqml-thesis/data/qsvm-traindata-4.csv,/Users/iratimush/xqml-thesis/data/qsvm-testdata-4.csv,40x2,1000x2,x0|x1,y,c6ab35d78e77b1d190dea52a7042c0a85b752b94ea37a8db325523310ecb2dc4,df762f19922720510b6a4c1239f010d677250801b83f88fef2e96d64b8a0769e
3,4-5-7-9-11-12-14-16-19-21,4-5-7-9-11-12-14-16-19-21,1-3-4-5-7-8-9-10-11-12-14-15-16-17-19-21,10,16,0.599,4,"cnot_0->1,cross_on_target,features_normal,sim_manual",1.0,/Users/iratimush/xqml-thesis/data/qsvm-traindata-4.csv,/Users/iratimush/xqml-thesis/data/qsvm-testdata-4.csv,40x2,1000x2,x0|x1,y,c6ab35d78e77b1d190dea52a7042c0a85b752b94ea37a8db325523310ecb2dc4,df762f19922720510b6a4c1239f010d677250801b83f88fef2e96d64b8a0769e
3,4-5-7-9-11-12-14-18-19-21,4-5-7-9-11-12-14-18-19-21,1-3-4-5-7-8-9-10-11-12-14-15-17-18-19-21,10,16,0.684,4,"cnot_0->1,cross_on_target,features_normal,sim_manual",1.0,/Users/iratimush/xqml-thesis/data/qsvm-traindata-4.csv,/Users/iratimush/xqml-thesis/data/qsvm-testdata-4.csv,40x2,1000x2,x0|x1,y,c6ab35d78e77b1d190dea52a7042c0a85b752b94ea37a8db325523310ecb2dc4,df762f19922720510b6a4c1239f010d677250801b83f88fef2e96d64b8a0769e
3,4-5-7-9-11-12-14-19-21,4-5-7-9-11-12-14-19-21,1-3-4-5-7-8-9-10-11-12-14-15-17-19-21,9,15,0.614,4,"cnot_0->1,cross_on_target,features_normal,sim_manual",1.0,/Users/iratimush/xqml-thesis/data/qsvm-traindata-4.csv,/Users/iratimush/xqml-thesis/data/qsvm-testdata-4.csv,40x2,1000x2,x0|x1,y,c6ab35d78e77b1d190dea52a7042c0a85b752b94ea37a8db325523310ecb2dc4,df762f19922720510b6a4c1239f010d677250801b83f88fef2e96d64b8a0769e
3,4-5-7-9-12-14-16-18-19-21,4-5-7-9-12-14-16-18-19-21,1-3-4-5-7-8-9-10-12-14-15-16-17-18-19-21,10,16,0.645,4,"cnot_0->1,cross_on_target,features_normal,sim_manual",1.0,/Users/iratimush/xqml-thesis/data/qsvm-traindata-4.csv,/Users/iratimush/xqml-thesis/data/qsvm-testdata-4.csv,40x2,1000x2,x0|x1,y,c6ab35d78e77b1d190dea52a7042c0a85b752b94ea37a8db325523310ecb2dc4,df762f19922720510b6a4c1239f010d677250801b83f88fef2e96d64b8a0769e
3,4-5-7-9-12-14-16-19-21,4-5-7-9-12-14-16-19-21,1-3-4-5-7-8-9-10-12-14-15-16-17-19-21,9,15,0.559,4,"cnot_0->1,cross_on_target,features_normal,sim_manual",1.0,/Users/iratimush/xqml-thesis/data/qsvm-traindata-4.csv,/Users/iratimush/xqml-thesis/data/qsvm-testdata-4.csv,40x2,1000x2,x0|x1,y,c6ab35d78e77b1d190dea52a7042c0a85b752b94ea37a8db325523310ecb2dc4,df762f19922720510b6a4c1239f010d677250801b83f88fef2e96d64b8a0769e
3,4-5-7-9-12-14-18-19-21,4-5-7-9-12-14-18-19-21,1-3-4-5-7-8-9-10-12-14-15-17-18-19-21,9,15,0.708,4,"cnot_0->1,cross_on_target,features_normal,sim_manual",1.0,/Users/iratimush/xqml-thesis/data/qsvm-traindata-4.csv,/Users/iratimush/xqml-thesis/data/qsvm-testdata-4.csv,40x2,1000x2,x0|x1,y,c6ab35d78e77b1d190dea52a7042c0a85b752b94ea37a8db325523310ecb2dc4,df762f19922720510b6a4c1239f010d677250801b83f88fef2e96d64b8a0769e
3,4-5-7-9-12-14-19-21,4-5-7-9-12-14-19-21,1-3-4-5-7-8-9-10-12-14-15-17-19-21,8,14,0.57,4,"cnot_0->1,cross_on_target,features_normal,sim_manual",1.0,/Users/iratimush/xqml-thesis/data/qsvm-traindata-4.csv,/Users/iratimush/xqml-thesis/data/qsvm-testdata-4.csv,40x2,1000x2,x0|x1,y,c6ab35d78e77b1d190dea52a7042c0a85b752b94ea37a8db325523310ecb2dc4,df762f19922720510b6a4c1239f010d677250801b83f88fef2e96d64b8a0769e
3,4-5-7-11-12-14-16-18-19-21,4-5-7-11-12-14-16-18-19-21,1-3-4-5-7-8-10-11-12-14-15-16-17-18-19-21,10,16,0.593,4,"cnot_0->1,cross_on_target,features_normal,sim_manual",1.0,/Users/iratimush/xqml-thesis/data/qsvm-traindata-4.csv,/Users/iratimush/xqml-thesis/data/qsvm-testdata-4.csv,40x2,1000x2,x0|x1,y,c6ab35d78e77b1d190dea52a7042c0a85b752b94ea37a8db325523310ecb2dc4,df762f19922720510b6a4c1239f010d677250801b83f88fef2e96d64b8a0769e
3,4-5-7-11-12-14-16-19-21,4-5-7-11-12-14-16-19-21,1-3-4-5-7-8-10-11-12-14-15-16-17-19-21,9,15,0.599,4,"cnot_0->1,cross_on_target,features_normal,sim_manual",1.0,/Users/iratimush/xqml-thesis/data/qsvm-traindata-4.csv,/Users/iratimush/xqml-thesis/data/qsvm-testdata-4.csv,40x2,1000x2,x0|x1,y,c6ab35d78e77b1d190dea52a7042c0a85b752b94ea37a8db325523310ecb2dc4,df762f19922720510b6a4c1239f010d677250801b83f88fef2e96d64b8a0769e
3,4-5-7-11-12-14-18-19-21,4-5-7-11-12-14-18-19-21,1-3-4-5-7-8-10-11-12-14-15-17-18-19-21,9,15,0.684,4,"cnot_0->1,cross_on_target,features_normal,sim_manual",1.0,/Users/iratimush/xqml-thesis/data/qsvm-traindata-4.csv,/Users/iratimush/xqml-thesis/data/qsvm-testdata-4.csv,40x2,1000x2,x0|x1,y,c6ab35d78e77b1d190dea52a7042c0a85b752b94ea37a8db325523310ecb2dc4,df762f19922720510b6a4c1239f010d677250801b83f88fef2e96d64b8a0769e
3,4-5-7-11-12-14-19-21,4-5-7-11-12-14-19-21,1-3-4-5-7-8-10-11-12-14-15-17-19-21,8,14,0.614,4,"cnot_0->1,cross_on_target,features_normal,sim_manual",1.0,/Users/iratimush/xqml-thesis/data/qsvm-traindata-4.csv,/Users/iratimush/xqml-thesis/data/qsvm-testdata-4.csv,40x2,1000x2,x0|x1,y,c6ab35d78e77b1d190dea52a7042c0a85b752b94ea37a8db325523310ecb2dc4,df762f19922720510b6a4c1239f010d677250801b83f88fef2e96d64b8a0769e
3,4-5-7-12-14-16-18-19-21,4-5-7-12-14-16-18-19-21,1-3-4-5-7-8-10-12-14-15-16-17-18-19-21,9,15,0.645,4,"cnot_0->1,cross_on_target,features_normal,sim_manual",1.0,/Users/iratimush/xqml-thesis/data/qsvm-traindata-4.csv,/Users/iratimush/xqml-thesis/data/qsvm-testdata-4.csv,40x2,1000x2,x0|x1,y,c6ab35d78e77b1d190dea52a7042c0a85b752b94ea37a8db325523310ecb2dc4,df762f19922720510b6a4c1239f010d677250801b83f88fef2e96d64b8a0769e
3,4-5-7-12-14-16-19-21,4-5-7-12-14-16-19-21,1-3-4-5-7-8-10-12-14-15-16-17-19-21,8,14,0.559,4,"cnot_0->1,cross_on_target,features_normal,sim_manual",1.0,/Users/iratimush/xqml-thesis/data/qsvm-traindata-4.csv,/Users/iratimush/xqml-thesis/data/qsvm-testdata-4.csv,40x2,1000x2,x0|x1,y,c6ab35d78e77b1d190dea52a7042c0a85b752b94ea37a8db325523310ecb2dc4,df762f19922720510b6a4c1239f010d677250801b83f88fef2e96d64b8a0769e
3,4-5-7-12-14-18-19-21,4-5-7-12-14-18-19-21,1-3-4-5-7-8-10-12-14-15-17-18-19-21,8,14,0.708,4,"cnot_0->1,cross_on_target,features_normal,sim_manual",1.0,/Users/iratimush/xqml-thesis/data/qsvm-traindata-4.csv,/Users/iratimush/xqml-thesis/data/qsvm-testdata-4.csv,40x2,1000x2,x0|x1,y,c6ab35d78e77b1d190dea52a7042c0a85b752b94ea37a8db325523310ecb2dc4,df762f19922720510b6a4c1239f010d677250801b83f88fef2e96d64b8a0769e
3,4-5-7-12-14-19-21,4-5-7-12-14-19-21,1-3-4-5-7-8-10-12-14-15-17-19-21,7,13,0.57,4,"cnot_0->1,cross_on_target,features_normal,sim_manual",1.0,/Users/iratimush/xqml-thesis/data/qsvm-traindata-4.csv,/Users/iratimush/xqml-thesis/data/qsvm-testdata-4.csv,40x2,1000x2,x0|x1,y,c6ab35d78e77b1d190dea52a7042c0a85b752b94ea37a8db325523310ecb2dc4,df762f19922720510b6a4c1239f010d677250801b83f88fef2e96d64b8a0769e
3,4-6-9-11-13-16-18-20,4-6-9-11-13-16-18-20,1-3-4-6-8-9-10-11-13-15-16-17-18-20,8,14,0.595,4,"cnot_0->1,cross_on_target,features_normal,sim_manual",1.0,/Users/iratimush/xqml-thesis/data/qsvm-traindata-4.csv,/Users/iratimush/xqml-thesis/data/qsvm-testdata-4.csv,40x2,1000x2,x0|x1,y,c6ab35d78e77b1d190dea52a7042c0a85b752b94ea37a8db325523310ecb2dc4,df762f19922720510b6a4c1239f010d677250801b83f88fef2e96d64b8a0769e
3,4-6-9-11-13-16-20,4-6-9-11-13-16-20,1-3-4-6-8-9-10-11-13-15-16-17-20,7,13,0.653,4,"cnot_0->1,cross_on_target,features_normal,sim_manual",1.0,/Users/iratimush/xqml-thesis/data/qsvm-traindata-4.csv,/Users/iratimush/xqml-thesis/data/qsvm-testdata-4.csv,40x2,1000x2,x0|x1,y,c6ab35d78e77b1d190dea52a7042c0a85b752b94ea37a8db325523310ecb2dc4,df762f19922720510b6a4c1239f010d677250801b83f88fef2e96d64b8a0769e
3,4-6-9-11-13-18-20,4-6-9-11-13-18-20,1-3-4-6-8-9-10-11-13-15-17-18-20,7,13,0.574,4,"cnot_0->1,cross_on_target,features_normal,sim_manual",1.0,/Users/iratimush/xqml-thesis/data/qsvm-traindata-4.csv,/Users/iratimush/xqml-thesis/data/qsvm-testdata-4.csv,40x2,1000x2,x0|x1,y,c6ab35d78e77b1d190dea52a7042c0a85b752b94ea37a8db325523310ecb2dc4,df762f19922720510b6a4c1239f010d677250801b83f88fef2e96d64b8a0769e
3,4-6-9-11-13-20,4-6-9-11-13-20,1-3-4-6-8-9-10-11-13-15-17-20,6,12,0.552,4,"cnot_0->1,cross_on_target,features_normal,sim_manual",1.0,/Users/iratimush/xqml-thesis/data/qsvm-traindata-4.csv,/Users/iratimush/xqml-thesis/data/qsvm-testdata-4.csv,40x2,1000x2,x0|x1,y,c6ab35d78e77b1d190dea52a7042c0a85b752b94ea37a8db325523310ecb2dc4,df762f19922720510b6a4c1239f010d677250801b83f88fef2e96d64b8a0769e
3,4-6-9-13-16-18-20,4-6-9-13-16-18-20,1-3-4-6-8-9-10-13-15-16-17-18-20,7,13,0.546,4,"cnot_0->1,cross_on_target,features_normal,sim_manual",1.0,/Users/iratimush/xqml-thesis/data/qsvm-traindata-4.csv,/Users/iratimush/xqml-thesis/data/qsvm-testdata-4.csv,40x2,1000x2,x0|x1,y,c6ab35d78e77b1d190dea52a7042c0a85b752b94ea37a8db325523310ecb2dc4,df762f19922720510b6a4c1239f010d677250801b83f88fef2e96d64b8a0769e
3,4-6-9-13-16-20,4-6-9-13-16-20,1-3-4-6-8-9-10-13-15-16-17-20,6,12,0.63,4,"cnot_0->1,cross_on_target,features_normal,sim_manual",1.0,/Users/iratimush/xqml-thesis/data/qsvm-traindata-4.csv,/Users/iratimush/xqml-thesis/data/qsvm-testdata-4.csv,40x2,1000x2,x0|x1,y,c6ab35d78e77b1d190dea52a7042c0a85b752b94ea37a8db325523310ecb2dc4,df762f19922720510b6a4c1239f010d677250801b83f88fef2e96d64b8a0769e
3,4-6-9-13-18-20,4-6-9-13-18-20,1-3-4-6-8-9-10-13-15-17-18-20,6,12,0.525,4,"cnot_0->1,cross_on_target,features_normal,sim_manual",1.0,/Users/iratimush/xqml-thesis/data/qsvm-traindata-4.csv,/Users/iratimush/xqml-thesis/data/qsvm-testdata-4.csv,40x2,1000x2,x0|x1,y,c6ab35d78e77b1d190dea52a7042c0a85b752b94ea37a8db325523310ecb2dc4,df762f19922720510b6a4c1239f010d677250801b83f88fef2e96d64b8a0769e
3,4-6-9-13-20,4-6-9-13-20,1-3-4-6-8-9-10-13-15-17-20,5,11,0.552,4,"cnot_0->1,cross_on_target,features_normal,sim_manual",1.0,/Users/iratimush/xqml-thesis/data/qsvm-traindata-4.csv,/Users/iratimush/xqml-thesis/data/qsvm-testdata-4.csv,40x2,1000x2,x0|x1,y,c6ab35d78e77b1d190dea52a7042c0a85b752b94ea37a8db325523310ecb2dc4,df762f19922720510b6a4c1239f010d677250801b83f88fef2e96d64b8a0769e
3,4-6-11-13-16-18-20,4-6-11-13-16-18-20,1-3-4-6-8-10-11-13-15-16-17-18-20,7,13,0.595,4,"cnot_0->1,cross_on_target,features_normal,sim_manual",1.0,/Users/iratimush/xqml-thesis/data/qsvm-traindata-4.csv,/Users/iratimush/xqml-thesis/data/qsvm-testdata-4.csv,40x2,1000x2,x0|x1,y,c6ab35d78e77b1d190dea52a7042c0a85b752b94ea37a8db325523310ecb2dc4,df762f19922720510b6a4c1239f010d677250801b83f88fef2e96d64b8a0769e
3,4-6-11-13-16-20,4-6-11-13-16-20,1-3-4-6-8-10-11-13-15-16-17-20,6,12,0.653,4,"cnot_0->1,cross_on_target,features_normal,sim_manual",1.0,/Users/iratimush/xqml-thesis/data/qsvm-traindata-4.csv,/Users/iratimush/xqml-thesis/data/qsvm-testdata-4.csv,40x2,1000x2,x0|x1,y,c6ab35d78e77b1d190dea52a7042c0a85b752b94ea37a8db325523310ecb2dc4,df762f19922720510b6a4c1239f010d677250801b83f88fef2e96d64b8a0769e
3,4-6-11-13-18-20,4-6-11-13-18-20,1-3-4-6-8-10-11-13-15-17-18-20,6,12,0.574,4,"cnot_0->1,cross_on_target,features_normal,sim_manual",1.0,/Users/iratimush/xqml-thesis/data/qsvm-traindata-4.csv,/Users/iratimush/xqml-thesis/data/qsvm-testdata-4.csv,40x2,1000x2,x0|x1,y,c6ab35d78e77b1d190dea52a7042c0a85b752b94ea37a8db325523310ecb2dc4,df762f19922720510b6a4c1239f010d677250801b83f88fef2e96d64b8a0769e
3,4-6-11-13-20,4-6-11-13-20,1-3-4-6-8-10-11-13-15-17-20,5,11,0.552,4,"cnot_0->1,cross_on_target,features_normal,sim_manual",1.0,/Users/iratimush/xqml-thesis/data/qsvm-traindata-4.csv,/Users/iratimush/xqml-thesis/data/qsvm-testdata-4.csv,40x2,1000x2,x0|x1,y,c6ab35d78e77b1d190dea52a7042c0a85b752b94ea37a8db325523310ecb2dc4,df762f19922720510b6a4c1239f010d677250801b83f88fef2e96d64b8a0769e
3,4-6-13-16-18-20,4-6-13-16-18-20,1-3-4-6-8-10-13-15-16-17-18-20,6,12,0.546,4,"cnot_0->1,cross_on_target,features_normal,sim_manual",1.0,/Users/iratimush/xqml-thesis/data/qsvm-traindata-4.csv,/Users/iratimush/xqml-thesis/data/qsvm-testdata-4.csv,40x2,1000x2,x0|x1,y,c6ab35d78e77b1d190dea52a7042c0a85b752b94ea37a8db325523310ecb2dc4,df762f19922720510b6a4c1239f010d677250801b83f88fef2e96d64b8a0769e
3,4-6-13-16-20,4-6-13-16-20,1-3-4-6-8-10-13-15-16-17-20,5,11,0.63,4,"cnot_0->1,cross_on_target,features_normal,sim_manual",1.0,/Users/iratimush/xqml-thesis/data/qsvm-traindata-4.csv,/Users/iratimush/xqml-thesis/data/qsvm-testdata-4.csv,40x2,1000x2,x0|x1,y,c6ab35d78e77b1d190dea52a7042c0a85b752b94ea37a8db325523310ecb2dc4,df762f19922720510b6a4c1239f010d677250801b83f88fef2e96d64b8a0769e
3,4-6-13-18-20,4-6-13-18-20,1-3-4-6-8-10-13-15-17-18-20,5,11,0.525,4,"cnot_0->1,cross_on_target,features_normal,sim_manual",1.0,/Users/iratimush/xqml-thesis/data/qsvm-traindata-4.csv,/Users/iratimush/xqml-thesis/data/qsvm-testdata-4.csv,40x2,1000x2,x0|x1,y,c6ab35d78e77b1d190dea52a7042c0a85b752b94ea37a8db325523310ecb2dc4,df762f19922720510b6a4c1239f010d677250801b83f88fef2e96d64b8a0769e
3,4-6-13-20,4-6-13-20,1-3-4-6-8-10-13-15-17-20,4,10,0.552,4,"cnot_0->1,cross_on_target,features_normal,sim_manual",1.0,/Users/iratimush/xqml-thesis/data/qsvm-traindata-4.csv,/Users/iratimush/xqml-thesis/data/qsvm-testdata-4.csv,40x2,1000x2,x0|x1,y,c6ab35d78e77b1d190dea52a7042c0a85b752b94ea37a8db325523310ecb2dc4,df762f19922720510b6a4c1239f010d677250801b83f88fef2e96d64b8a0769e
3,4-9,4-9,1-3-4-8-9-10-15-17,2,8,0.57,4,"cnot_0->1,cross_on_target,features_normal,sim_manual",1.0,/Users/iratimush/xqml-thesis/data/qsvm-traindata-4.csv,/Users/iratimush/xqml-thesis/data/qsvm-testdata-4.csv,40x2,1000x2,x0|x1,y,c6ab35d78e77b1d190dea52a7042c0a85b752b94ea37a8db325523310ecb2dc4,df762f19922720510b6a4c1239f010d677250801b83f88fef2e96d64b8a0769e
3,4-9-11,4-9-11,1-3-4-8-9-10-11-15-17,3,9,0.614,4,"cnot_0->1,cross_on_target,features_normal,sim_manual",1.0,/Users/iratimush/xqml-thesis/data/qsvm-traindata-4.csv,/Users/iratimush/xqml-thesis/data/qsvm-testdata-4.csv,40x2,1000x2,x0|x1,y,c6ab35d78e77b1d190dea52a7042c0a85b752b94ea37a8db325523310ecb2dc4,df762f19922720510b6a4c1239f010d677250801b83f88fef2e96d64b8a0769e
3,4-9-11-16,4-9-11-16,1-3-4-8-9-10-11-15-16-17,4,10,0.599,4,"cnot_0->1,cross_on_target,features_normal,sim_manual",1.0,/Users/iratimush/xqml-thesis/data/qsvm-traindata-4.csv,/Users/iratimush/xqml-thesis/data/qsvm-testdata-4.csv,40x2,1000x2,x0|x1,y,c6ab35d78e77b1d190dea52a7042c0a85b752b94ea37a8db325523310ecb2dc4,df762f19922720510b6a4c1239f010d677250801b83f88fef2e96d64b8a0769e
3,4-9-11-16-18,4-9-11-16-18,1-3-4-8-9-10-11-15-16-17-18,5,11,0.593,4,"cnot_0->1,cross_on_target,features_normal,sim_manual",1.0,/Users/iratimush/xqml-thesis/data/qsvm-traindata-4.csv,/Users/iratimush/xqml-thesis/data/qsvm-testdata-4.csv,40x2,1000x2,x0|x1,y,c6ab35d78e77b1d190dea52a7042c0a85b752b94ea37a8db325523310ecb2dc4,df762f19922720510b6a4c1239f010d677250801b83f88fef2e96d64b8a0769e
3,4-9-11-18,4-9-11-18,1-3-4-8-9-10-11-15-17-18,4,10,0.684,4,"cnot_0->1,cross_on_target,features_normal,sim_manual",1.0,/Users/iratimush/xqml-thesis/data/qsvm-traindata-4.csv,/Users/iratimush/xqml-thesis/data/qsvm-testdata-4.csv,40x2,1000x2,x0|x1,y,c6ab35d78e77b1d190dea52a7042c0a85b752b94ea37a8db325523310ecb2dc4,df762f19922720510b6a4c1239f010d677250801b83f88fef2e96d64b8a0769e
3,4-9-16,4-9-16,1-3-4-8-9-10-15-16-17,3,9,0.559,4,"cnot_0->1,cross_on_target,features_normal,sim_manual",1.0,/Users/iratimush/xqml-thesis/data/qsvm-traindata-4.csv,/Users/iratimush/xqml-thesis/data/qsvm-testdata-4.csv,40x2,1000x2,x0|x1,y,c6ab35d78e77b1d190dea52a7042c0a85b752b94ea37a8db325523310ecb2dc4,df762f19922720510b6a4c1239f010d677250801b83f88fef2e96d64b8a0769e
3,4-9-16-18,4-9-16-18,1-3-4-8-9-10-15-16-17-18,4,10,0.645,4,"cnot_0->1,cross_on_target,features_normal,sim_manual",1.0,/Users/iratimush/xqml-thesis/data/qsvm-traindata-4.csv,/Users/iratimush/xqml-thesis/data/qsvm-testdata-4.csv,40x2,1000x2,x0|x1,y,c6ab35d78e77b1d190dea52a7042c0a85b752b94ea37a8db325523310ecb2dc4,df762f19922720510b6a4c1239f010d677250801b83f88fef2e96d64b8a0769e
3,4-9-18,4-9-18,1-3-4-8-9-10-15-17-18,3,9,0.708,4,"cnot_0->1,cross_on_target,features_normal,sim_manual",1.0,/Users/iratimush/xqml-thesis/data/qsvm-traindata-4.csv,/Users/iratimush/xqml-thesis/data/qsvm-testdata-4.csv,40x2,1000x2,x0|x1,y,c6ab35d78e77b1d190dea52a7042c0a85b752b94ea37a8db325523310ecb2dc4,df762f19922720510b6a4c1239f010d677250801b83f88fef2e96d64b8a0769e
3,4-11,4-11,1-3-4-8-10-11-15-17,2,8,0.614,4,"cnot_0->1,cross_on_target,features_normal,sim_manual",1.0,/Users/iratimush/xqml-thesis/data/qsvm-traindata-4.csv,/Users/iratimush/xqml-thesis/data/qsvm-testdata-4.csv,40x2,1000x2,x0|x1,y,c6ab35d78e77b1d190dea52a7042c0a85b752b94ea37a8db325523310ecb2dc4,df762f19922720510b6a4c1239f010d677250801b83f88fef2e96d64b8a0769e
3,4-11-16,4-11-16,1-3-4-8-10-11-15-16-17,3,9,0.599,4,"cnot_0->1,cross_on_target,features_normal,sim_manual",1.0,/Users/iratimush/xqml-thesis/data/qsvm-traindata-4.csv,/Users/iratimush/xqml-thesis/data/qsvm-testdata-4.csv,40x2,1000x2,x0|x1,y,c6ab35d78e77b1d190dea52a7042c0a85b752b94ea37a8db325523310ecb2dc4,df762f19922720510b6a4c1239f010d677250801b83f88fef2e96d64b8a0769e
3,4-11-16-18,4-11-16-18,1-3-4-8-10-11-15-16-17-18,4,10,0.593,4,"cnot_0->1,cross_on_target,features_normal,sim_manual",1.0,/Users/iratimush/xqml-thesis/data/qsvm-traindata-4.csv,/Users/iratimush/xqml-thesis/data/qsvm-testdata-4.csv,40x2,1000x2,x0|x1,y,c6ab35d78e77b1d190dea52a7042c0a85b752b94ea37a8db325523310ecb2dc4,df762f19922720510b6a4c1239f010d677250801b83f88fef2e96d64b8a0769e
3,4-11-18,4-11-18,1-3-4-8-10-11-15-17-18,3,9,0.684,4,"cnot_0->1,cross_on_target,features_normal,sim_manual",1.0,/Users/iratimush/xqml-thesis/data/qsvm-traindata-4.csv,/Users/iratimush/xqml-thesis/data/qsvm-testdata-4.csv,40x2,1000x2,x0|x1,y,c6ab35d78e77b1d190dea52a7042c0a85b752b94ea37a8db325523310ecb2dc4,df762f19922720510b6a4c1239f010d677250801b83f88fef2e96d64b8a0769e
3,4-16,4-16,1-3-4-8-10-15-16-17,2,8,0.559,4,"cnot_0->1,cross_on_target,features_normal,sim_manual",1.0,/Users/iratimush/xqml-thesis/data/qsvm-traindata-4.csv,/Users/iratimush/xqml-thesis/data/qsvm-testdata-4.csv,40x2,1000x2,x0|x1,y,c6ab35d78e77b1d190dea52a7042c0a85b752b94ea37a8db325523310ecb2dc4,df762f19922720510b6a4c1239f010d677250801b83f88fef2e96d64b8a0769e
3,4-16-18,4-16-18,1-3-4-8-10-15-16-17-18,3,9,0.645,4,"cnot_0->1,cross_on_target,features_normal,sim_manual",1.0,/Users/iratimush/xqml-thesis/data/qsvm-traindata-4.csv,/Users/iratimush/xqml-thesis/data/qsvm-testdata-4.csv,40x2,1000x2,x0|x1,y,c6ab35d78e77b1d190dea52a7042c0a85b752b94ea37a8db325523310ecb2dc4,df762f19922720510b6a4c1239f010d677250801b83f88fef2e96d64b8a0769e
3,4-18,4-18,1-3-4-8-10-15-17-18,2,8,0.708,4,"cnot_0->1,cross_on_target,features_normal,sim_manual",1.0,/Users/iratimush/xqml-thesis/data/qsvm-traindata-4.csv,/Users/iratimush/xqml-thesis/data/qsvm-testdata-4.csv,40x2,1000x2,x0|x1,y,c6ab35d78e77b1d190dea52a7042c0a85b752b94ea37a8db325523310ecb2dc4,df762f19922720510b6a4c1239f010d677250801b83f88fef2e96d64b8a0769e
3,5,5,1-3-5-8-10-15-17,1,7,0.5,4,"cnot_0->1,cross_on_target,features_normal,sim_manual",1.0,/Users/iratimush/xqml-thesis/data/qsvm-traindata-4.csv,/Users/iratimush/xqml-thesis/data/qsvm-testdata-4.csv,40x2,1000x2,x0|x1,y,c6ab35d78e77b1d190dea52a7042c0a85b752b94ea37a8db325523310ecb2dc4,df762f19922720510b6a4c1239f010d677250801b83f88fef2e96d64b8a0769e
3,5-6-7-9-11-12-13-14-16-18-19-20-21,5-6-7-9-11-12-13-14-16-18-19-20-21,1-3-5-6-7-8-9-10-11-12-13-14-15-16-17-18-19-20-21,13,19,0.609,4,"cnot_0->1,cross_on_target,features_normal,sim_manual",1.0,/Users/iratimush/xqml-thesis/data/qsvm-traindata-4.csv,/Users/iratimush/xqml-thesis/data/qsvm-testdata-4.csv,40x2,1000x2,x0|x1,y,c6ab35d78e77b1d190dea52a7042c0a85b752b94ea37a8db325523310ecb2dc4,df762f19922720510b6a4c1239f010d677250801b83f88fef2e96d64b8a0769e
3,5-6-7-9-11-12-13-14-16-19-20-21,5-6-7-9-11-12-13-14-16-19-20-21,1-3-5-6-7-8-9-10-11-12-13-14-15-16-17-19-20-21,12,18,0.733,4,"cnot_0->1,cross_on_target,features_normal,sim_manual",1.0,/Users/iratimush/xqml-thesis/data/qsvm-traindata-4.csv,/Users/iratimush/xqml-thesis/data/qsvm-testdata-4.csv,40x2,1000x2,x0|x1,y,c6ab35d78e77b1d190dea52a7042c0a85b752b94ea37a8db325523310ecb2dc4,df762f19922720510b6a4c1239f010d677250801b83f88fef2e96d64b8a0769e
3,5-6-7-9-11-12-13-14-18-19-20-21,5-6-7-9-11-12-13-14-18-19-20-21,1-3-5-6-7-8-9-10-11-12-13-14-15-17-18-19-20-21,12,18,0.697,4,"cnot_0->1,cross_on_target,features_normal,sim_manual",1.0,/Users/iratimush/xqml-thesis/data/qsvm-traindata-4.csv,/Users/iratimush/xqml-thesis/data/qsvm-testdata-4.csv,40x2,1000x2,x0|x1,y,c6ab35d78e77b1d190dea52a7042c0a85b752b94ea37a8db325523310ecb2dc4,df762f19922720510b6a4c1239f010d677250801b83f88fef2e96d64b8a0769e
3,5-6-7-9-11-12-13-14-19-20-21,5-6-7-9-11-12-13-14-19-20-21,1-3-5-6-7-8-9-10-11-12-13-14-15-17-19-20-21,11,17,0.7,4,"cnot_0->1,cross_on_target,features_normal,sim_manual",1.0,/Users/iratimush/xqml-thesis/data/qsvm-traindata-4.csv,/Users/iratimush/xqml-thesis/data/qsvm-testdata-4.csv,40x2,1000x2,x0|x1,y,c6ab35d78e77b1d190dea52a7042c0a85b752b94ea37a8db325523310ecb2dc4,df762f19922720510b6a4c1239f010d677250801b83f88fef2e96d64b8a0769e
3,5-6-7-9-12-13-14-16-18-19-20-21,5-6-7-9-12-13-14-16-18-19-20-21,1-3-5-6-7-8-9-10-12-13-14-15-16-17-18-19-20-21,12,18,0.583,4,"cnot_0->1,cross_on_target,features_normal,sim_manual",1.0,/Users/iratimush/xqml-thesis/data/qsvm-traindata-4.csv,/Users/iratimush/xqml-thesis/data/qsvm-testdata-4.csv,40x2,1000x2,x0|x1,y,c6ab35d78e77b1d190dea52a7042c0a85b752b94ea37a8db325523310ecb2dc4,df762f19922720510b6a4c1239f010d677250801b83f88fef2e96d64b8a0769e
3,5-6-7-9-12-13-14-16-19-20-21,5-6-7-9-12-13-14-16-19-20-21,1-3-5-6-7-8-9-10-12-13-14-15-16-17-19-20-21,11,17,0.638,4,"cnot_0->1,cross_on_target,features_normal,sim_manual",1.0,/Users/iratimush/xqml-thesis/data/qsvm-traindata-4.csv,/Users/iratimush/xqml-thesis/data/qsvm-testdata-4.csv,40x2,1000x2,x0|x1,y,c6ab35d78e77b1d190dea52a7042c0a85b752b94ea37a8db325523310ecb2dc4,df762f19922720510b6a4c1239f010d677250801b83f88fef2e96d64b8a0769e
3,5-6-7-9-12-13-14-18-19-20-21,5-6-7-9-12-13-14-18-19-20-21,1-3-5-6-7-8-9-10-12-13-14-15-17-18-19-20-21,11,17,0.618,4,"cnot_0->1,cross_on_target,features_normal,sim_manual",1.0,/Users/iratimush/xqml-thesis/data/qsvm-traindata-4.csv,/Users/iratimush/xqml-thesis/data/qsvm-testdata-4.csv,40x2,1000x2,x0|x1,y,c6ab35d78e77b1d190dea52a7042c0a85b752b94ea37a8db325523310ecb2dc4,df762f19922720510b6a4c1239f010d677250801b83f88fef2e96d64b8a0769e
3,5-6-7-9-12-13-14-19-20-21,5-6-7-9-12-13-14-19-20-21,1-3-5-6-7-8-9-10-12-13-14-15-17-19-20-21,10,16,0.559,4,"cnot_0->1,cross_on_target,features_normal,sim_manual",1.0,/Users/iratimush/xqml-thesis/data/qsvm-traindata-4.csv,/Users/iratimush/xqml-thesis/data/qsvm-testdata-4.csv,40x2,1000x2,x0|x1,y,c6ab35d78e77b1d190dea52a7042c0a85b752b94ea37a8db325523310ecb2dc4,df762f19922720510b6a4c1239f010d677250801b83f88fef2e96d64b8a0769e
3,5-6-7-11-12-13-14-16-18-19-20-21,5-6-7-11-12-13-14-16-18-19-20-21,1-3-5-6-7-8-10-11-12-13-14-15-16-17-18-19-20-21,12,18,0.585,4,"cnot_0->1,cross_on_target,features_normal,sim_manual",1.0,/Users/iratimush/xqml-thesis/data/qsvm-traindata-4.csv,/Users/iratimush/xqml-thesis/data/qsvm-testdata-4.csv,40x2,1000x2,x0|x1,y,c6ab35d78e77b1d190dea52a7042c0a85b752b94ea37a8db325523310ecb2dc4,df762f19922720510b6a4c1239f010d677250801b83f88fef2e96d64b8a0769e
3,5-6-7-11-12-13-14-16-19-20-21,5-6-7-11-12-13-14-16-19-20-21,1-3-5-6-7-8-10-11-12-13-14-15-16-17-19-20-21,11,17,0.723,4,"cnot_0->1,cross_on_target,features_normal,sim_manual",1.0,/Users/iratimush/xqml-thesis/data/qsvm-traindata-4.csv,/Users/iratimush/xqml-thesis/data/qsvm-testdata-4.csv,40x2,1000x2,x0|x1,y,c6ab35d78e77b1d190dea52a7042c0a85b752b94ea37a8db325523310ecb2dc4,df762f19922720510b6a4c1239f010d677250801b83f88fef2e96d64b8a0769e
3,5-6-7-11-12-13-14-18-19-20-21,5-6-7-11-12-13-14-18-19-20-21,1-3-5-6-7-8-10-11-12-13-14-15-17-18-19-20-21,11,17,0.671,4,"cnot_0->1,cross_on_target,features_normal,sim_manual",1.0,/Users/iratimush/xqml-thesis/data/qsvm-traindata-4.csv,/Users/iratimush/xqml-thesis/data/qsvm-testdata-4.csv,40x2,1000x2,x0|x1,y,c6ab35d78e77b1d190dea52a7042c0a85b752b94ea37a8db325523310ecb2dc4,df762f19922720510b6a4c1239f010d677250801b83f88fef2e96d64b8a0769e
3,5-6-7-11-12-13-14-19-20-21,5-6-7-11-12-13-14-19-20-21,1-3-5-6-7-8-10-11-12-13-14-15-17-19-20-21,10,16,0.679,4,"cnot_0->1,cross_on_target,features_normal,sim_manual",1.0,/Users/iratimush/xqml-thesis/data/qsvm-traindata-4.csv,/Users/iratimush/xqml-thesis/data/qsvm-testdata-4.csv,40x2,1000x2,x0|x1,y,c6ab35d78e77b1d190dea52a7042c0a85b752b94ea37a8db325523310ecb2dc4,df762f19922720510b6a4c1239f010d677250801b83f88fef2e96d64b8a0769e
3,5-6-7-12-13-14-16-18-19-20-21,5-6-7-12-13-14-16-18-19-20-21,1-3-5-6-7-8-10-12-13-14-15-16-17-18-19-20-21,11,17,0.529,4,"cnot_0->1,cross_on_target,features_normal,sim_manual",1.0,/Users/iratimush/xqml-thesis/data/qsvm-traindata-4.csv,/Users/iratimush/xqml-thesis/data/qsvm-testdata-4.csv,40x2,1000x2,x0|x1,y,c6ab35d78e77b1d190dea52a7042c0a85b752b94ea37a8db325523310ecb2dc4,df762f19922720510b6a4c1239f010d677250801b83f88fef2e96d64b8a0769e
3,5-6-7-12-13-14-16-19-20-21,5-6-7-12-13-14-16-19-20-21,1-3-5-6-7-8-10-12-13-14-15-16-17-19-20-21,10,16,0.74,4,"cnot_0->1,cross_on_target,features_normal,sim_manual",1.0,/Users/iratimush/xqml-thesis/data/qsvm-traindata-4.csv,/Users/iratimush/xqml-thesis/data/qsvm-testdata-4.csv,40x2,1000x2,x0|x1,y,c6ab35d78e77b1d190dea52a7042c0a85b752b94ea37a8db325523310ecb2dc4,df762f19922720510b6a4c1239f010d677250801b83f88fef2e96d64b8a0769e
3,5-6-7-12-13-14-18-19-20-21,5-6-7-12-13-14-18-19-20-21,1-3-5-6-7-8-10-12-13-14-15-17-18-19-20-21,10,16,0.661,4,"cnot_0->1,cross_on_target,features_normal,sim_manual",1.0,/Users/iratimush/xqml-thesis/data/qsvm-traindata-4.csv,/Users/iratimush/xqml-thesis/data/qsvm-testdata-4.csv,40x2,1000x2,x0|x1,y,c6ab35d78e77b1d190dea52a7042c0a85b752b94ea37a8db325523310ecb2dc4,df762f19922720510b6a4c1239f010d677250801b83f88fef2e96d64b8a0769e
3,5-6-7-12-13-14-19-20,5-6-7-12-13-14-19-20,1-3-5-6-7-8-10-12-13-14-15-17-19-20,8,14,0.737,4,"cnot_0->1,cross_on_target,features_normal,sim_manual",1.0,/Users/iratimush/xqml-thesis/data/qsvm-traindata-4.csv,/Users/iratimush/xqml-thesis/data/qsvm-testdata-4.csv,40x2,1000x2,x0|x1,y,c6ab35d78e77b1d190dea52a7042c0a85b752b94ea37a8db325523310ecb2dc4,df762f19922720510b6a4c1239f010d677250801b83f88fef2e96d64b8a0769e
3,5-6-7-12-13-14-19-20-21,5-6-7-12-13-14-19-20-21,1-3-5-6-7-8-10-12-13-14-15-17-19-20-21,9,15,0.737,4,"cnot_0->1,cross_on_target,features_normal,sim_manual",1.0,/Users/iratimush/xqml-thesis/data/qsvm-traindata-4.csv,/Users/iratimush/xqml-thesis/data/qsvm-testdata-4.csv,40x2,1000x2,x0|x1,y,c6ab35d78e77b1d190dea52a7042c0a85b752b94ea37a8db325523310ecb2dc4,df762f19922720510b6a4c1239f010d677250801b83f88fef2e96d64b8a0769e
3,5-6-7-12-13-14-19-21,5-6-7-12-13-14-19-21,1-3-5-6-7-8-10-12-13-14-15-17-19-21,8,14,0.522,4,"cnot_0->1,cross_on_target,features_normal,sim_manual",1.0,/Users/iratimush/xqml-thesis/data/qsvm-traindata-4.csv,/Users/iratimush/xqml-thesis/data/qsvm-testdata-4.csv,40x2,1000x2,x0|x1,y,c6ab35d78e77b1d190dea52a7042c0a85b752b94ea37a8db325523310ecb2dc4,df762f19922720510b6a4c1239f010d677250801b83f88fef2e96d64b8a0769e
3,5-6-7-12-13-14-20,5-6-7-12-13-14-20,1-3-5-6-7-8-10-12-13-14-15-17-20,7,13,0.735,4,"cnot_0->1,cross_on_target,features_normal,sim_manual",1.0,/Users/iratimush/xqml-thesis/data/qsvm-traindata-4.csv,/Users/iratimush/xqml-thesis/data/qsvm-testdata-4.csv,40x2,1000x2,x0|x1,y,c6ab35d78e77b1d190dea52a7042c0a85b752b94ea37a8db325523310ecb2dc4,df762f19922720510b6a4c1239f010d677250801b83f88fef2e96d64b8a0769e
3,5-6-7-12-13-14-20-21,5-6-7-12-13-14-20-21,1-3-5-6-7-8-10-12-13-14-15-17-20-21,8,14,0.735,4,"cnot_0->1,cross_on_target,features_normal,sim_manual",1.0,/Users/iratimush/xqml-thesis/data/qsvm-traindata-4.csv,/Users/iratimush/xqml-thesis/data/qsvm-testdata-4.csv,40x2,1000x2,x0|x1,y,c6ab35d78e77b1d190dea52a7042c0a85b752b94ea37a8db325523310ecb2dc4,df762f19922720510b6a4c1239f010d677250801b83f88fef2e96d64b8a0769e
3,5-6-7-12-13-19-20,5-6-7-12-13-19-20,1-3-5-6-7-8-10-12-13-15-17-19-20,7,13,0.735,4,"cnot_0->1,cross_on_target,features_normal,sim_manual",1.0,/Users/iratimush/xqml-thesis/data/qsvm-traindata-4.csv,/Users/iratimush/xqml-thesis/data/qsvm-testdata-4.csv,40x2,1000x2,x0|x1,y,c6ab35d78e77b1d190dea52a7042c0a85b752b94ea37a8db325523310ecb2dc4,df762f19922720510b6a4c1239f010d677250801b83f88fef2e96d64b8a0769e
3,5-6-7-12-13-19-20-21,5-6-7-12-13-19-20-21,1-3-5-6-7-8-10-12-13-15-17-19-20-21,8,14,0.735,4,"cnot_0->1,cross_on_target,features_normal,sim_manual",1.0,/Users/iratimush/xqml-thesis/data/qsvm-traindata-4.csv,/Users/iratimush/xqml-thesis/data/qsvm-testdata-4.csv,40x2,1000x2,x0|x1,y,c6ab35d78e77b1d190dea52a7042c0a85b752b94ea37a8db325523310ecb2dc4,df762f19922720510b6a4c1239f010d677250801b83f88fef2e96d64b8a0769e
3,5-6-7-12-13-20,5-6-7-12-13-20,1-3-5-6-7-8-10-12-13-15-17-20,6,12,0.735,4,"cnot_0->1,cross_on_target,features_normal,sim_manual",1.0,/Users/iratimush/xqml-thesis/data/qsvm-traindata-4.csv,/Users/iratimush/xqml-thesis/data/qsvm-testdata-4.csv,40x2,1000x2,x0|x1,y,c6ab35d78e77b1d190dea52a7042c0a85b752b94ea37a8db325523310ecb2dc4,df762f19922720510b6a4c1239f010d677250801b83f88fef2e96d64b8a0769e
3,5-6-7-12-13-20-21,5-6-7-12-13-20-21,1-3-5-6-7-8-10-12-13-15-17-20-21,7,13,0.735,4,"cnot_0->1,cross_on_target,features_normal,sim_manual",1.0,/Users/iratimush/xqml-thesis/data/qsvm-traindata-4.csv,/Users/iratimush/xqml-thesis/data/qsvm-testdata-4.csv,40x2,1000x2,x0|x1,y,c6ab35d78e77b1d190dea52a7042c0a85b752b94ea37a8db325523310ecb2dc4,df762f19922720510b6a4c1239f010d677250801b83f88fef2e96d64b8a0769e
3,5-6-7-12-14-19-20-21,5-6-7-12-14-19-20-21,1-3-5-6-7-8-10-12-14-15-17-19-20-21,8,14,0.737,4,"cnot_0->1,cross_on_target,features_normal,sim_manual",1.0,/Users/iratimush/xqml-thesis/data/qsvm-traindata-4.csv,/Users/iratimush/xqml-thesis/data/qsvm-testdata-4.csv,40x2,1000x2,x0|x1,y,c6ab35d78e77b1d190dea52a7042c0a85b752b94ea37a8db325523310ecb2dc4,df762f19922720510b6a4c1239f010d677250801b83f88fef2e96d64b8a0769e
3,5-6-7-12-14-19-21,5-6-7-12-14-19-21,1-3-5-6-7-8-10-12-14-15-17-19-21,7,13,0.522,4,"cnot_0->1,cross_on_target,features_normal,sim_manual",1.0,/Users/iratimush/xqml-thesis/data/qsvm-traindata-4.csv,/Users/iratimush/xqml-thesis/data/qsvm-testdata-4.csv,40x2,1000x2,x0|x1,y,c6ab35d78e77b1d190dea52a7042c0a85b752b94ea37a8db325523310ecb2dc4,df762f19922720510b6a4c1239f010d677250801b83f88fef2e96d64b8a0769e
3,5-6-7-13-14-19-20,5-6-7-13-14-19-20,1-3-5-6-7-8-10-13-14-15-17-19-20,7,13,0.733,4,"cnot_0->1,cross_on_target,features_normal,sim_manual",1.0,/Users/iratimush/xqml-thesis/data/qsvm-traindata-4.csv,/Users/iratimush/xqml-thesis/data/qsvm-testdata-4.csv,40x2,1000x2,x0|x1,y,c6ab35d78e77b1d190dea52a7042c0a85b752b94ea37a8db325523310ecb2dc4,df762f19922720510b6a4c1239f010d677250801b83f88fef2e96d64b8a0769e
3,5-6-7-13-14-19-20-21,5-6-7-13-14-19-20-21,1-3-5-6-7-8-10-13-14-15-17-19-20-21,8,14,0.733,4,"cnot_0->1,cross_on_target,features_normal,sim_manual",1.0,/Users/iratimush/xqml-thesis/data/qsvm-traindata-4.csv,/Users/iratimush/xqml-thesis/data/qsvm-testdata-4.csv,40x2,1000x2,x0|x1,y,c6ab35d78e77b1d190dea52a7042c0a85b752b94ea37a8db325523310ecb2dc4,df762f19922720510b6a4c1239f010d677250801b83f88fef2e96d64b8a0769e
3,5-6-7-13-14-20,5-6-7-13-14-20,1-3-5-6-7-8-10-13-14-15-17-20,6,12,0.733,4,"cnot_0->1,cross_on_target,features_normal,sim_manual",1.0,/Users/iratimush/xqml-thesis/data/qsvm-traindata-4.csv,/Users/iratimush/xqml-thesis/data/qsvm-testdata-4.csv,40x2,1000x2,x0|x1,y,c6ab35d78e77b1d190dea52a7042c0a85b752b94ea37a8db325523310ecb2dc4,df762f19922720510b6a4c1239f010d677250801b83f88fef2e96d64b8a0769e
3,5-6-7-13-14-20-21,5-6-7-13-14-20-21,1-3-5-6-7-8-10-13-14-15-17-20-21,7,13,0.733,4,"cnot_0->1,cross_on_target,features_normal,sim_manual",1.0,/Users/iratimush/xqml-thesis/data/qsvm-traindata-4.csv,/Users/iratimush/xqml-thesis/data/qsvm-testdata-4.csv,40x2,1000x2,x0|x1,y,c6ab35d78e77b1d190dea52a7042c0a85b752b94ea37a8db325523310ecb2dc4,df762f19922720510b6a4c1239f010d677250801b83f88fef2e96d64b8a0769e
3,5-6-7-13-19-20,5-6-7-13-19-20,1-3-5-6-7-8-10-13-15-17-19-20,6,12,0.712,4,"cnot_0->1,cross_on_target,features_normal,sim_manual",1.0,/Users/iratimush/xqml-thesis/data/qsvm-traindata-4.csv,/Users/iratimush/xqml-thesis/data/qsvm-testdata-4.csv,40x2,1000x2,x0|x1,y,c6ab35d78e77b1d190dea52a7042c0a85b752b94ea37a8db325523310ecb2dc4,df762f19922720510b6a4c1239f010d677250801b83f88fef2e96d64b8a0769e
3,5-6-7-13-19-20-21,5-6-7-13-19-20-21,1-3-5-6-7-8-10-13-15-17-19-20-21,7,13,0.712,4,"cnot_0->1,cross_on_target,features_normal,sim_manual",1.0,/Users/iratimush/xqml-thesis/data/qsvm-traindata-4.csv,/Users/iratimush/xqml-thesis/data/qsvm-testdata-4.csv,40x2,1000x2,x0|x1,y,c6ab35d78e77b1d190dea52a7042c0a85b752b94ea37a8db325523310ecb2dc4,df762f19922720510b6a4c1239f010d677250801b83f88fef2e96d64b8a0769e
3,5-6-7-13-20,5-6-7-13-20,1-3-5-6-7-8-10-13-15-17-20,5,11,0.733,4,"cnot_0->1,cross_on_target,features_normal,sim_manual",1.0,/Users/iratimush/xqml-thesis/data/qsvm-traindata-4.csv,/Users/iratimush/xqml-thesis/data/qsvm-testdata-4.csv,40x2,1000x2,x0|x1,y,c6ab35d78e77b1d190dea52a7042c0a85b752b94ea37a8db325523310ecb2dc4,df762f19922720510b6a4c1239f010d677250801b83f88fef2e96d64b8a0769e
3,5-6-7-13-20-21,5-6-7-13-20-21,1-3-5-6-7-8-10-13-15-17-20-21,6,12,0.733,4,"cnot_0->1,cross_on_target,features_normal,sim_manual",1.0,/Users/iratimush/xqml-thesis/data/qsvm-traindata-4.csv,/Users/iratimush/xqml-thesis/data/qsvm-testdata-4.csv,40x2,1000x2,x0|x1,y,c6ab35d78e77b1d190dea52a7042c0a85b752b94ea37a8db325523310ecb2dc4,df762f19922720510b6a4c1239f010d677250801b83f88fef2e96d64b8a0769e
3,5-6-12-13-14-19-20,5-6-12-13-14-19-20,1-3-5-6-8-10-12-13-14-15-17-19-20,7,13,0.733,4,"cnot_0->1,cross_on_target,features_normal,sim_manual",1.0,/Users/iratimush/xqml-thesis/data/qsvm-traindata-4.csv,/Users/iratimush/xqml-thesis/data/qsvm-testdata-4.csv,40x2,1000x2,x0|x1,y,c6ab35d78e77b1d190dea52a7042c0a85b752b94ea37a8db325523310ecb2dc4,df762f19922720510b6a4c1239f010d677250801b83f88fef2e96d64b8a0769e
3,5-6-12-13-14-19-20-21,5-6-12-13-14-19-20-21,1-3-5-6-8-10-12-13-14-15-17-19-20-21,8,14,0.733,4,"cnot_0->1,cross_on_target,features_normal,sim_manual",1.0,/Users/iratimush/xqml-thesis/data/qsvm-traindata-4.csv,/Users/iratimush/xqml-thesis/data/qsvm-testdata-4.csv,40x2,1000x2,x0|x1,y,c6ab35d78e77b1d190dea52a7042c0a85b752b94ea37a8db325523310ecb2dc4,df762f19922720510b6a4c1239f010d677250801b83f88fef2e96d64b8a0769e
3,5-6-12-13-14-20,5-6-12-13-14-20,1-3-5-6-8-10-12-13-14-15-17-20,6,12,0.712,4,"cnot_0->1,cross_on_target,features_normal,sim_manual",1.0,/Users/iratimush/xqml-thesis/data/qsvm-traindata-4.csv,/Users/iratimush/xqml-thesis/data/qsvm-testdata-4.csv,40x2,1000x2,x0|x1,y,c6ab35d78e77b1d190dea52a7042c0a85b752b94ea37a8db325523310ecb2dc4,df762f19922720510b6a4c1239f010d677250801b83f88fef2e96d64b8a0769e
3,5-6-12-13-14-20-21,5-6-12-13-14-20-21,1-3-5-6-8-10-12-13-14-15-17-20-21,7,13,0.712,4,"cnot_0->1,cross_on_target,features_normal,sim_manual",1.0,/Users/iratimush/xqml-thesis/data/qsvm-traindata-4.csv,/Users/iratimush/xqml-thesis/data/qsvm-testdata-4.csv,40x2,1000x2,x0|x1,y,c6ab35d78e77b1d190dea52a7042c0a85b752b94ea37a8db325523310ecb2dc4,df762f19922720510b6a4c1239f010d677250801b83f88fef2e96d64b8a0769e
3,5-6-12-13-19-20,5-6-12-13-19-20,1-3-5-6-8-10-12-13-15-17-19-20,6,12,0.733,4,"cnot_0->1,cross_on_target,features_normal,sim_manual",1.0,/Users/iratimush/xqml-thesis/data/qsvm-traindata-4.csv,/Users/iratimush/xqml-thesis/data/qsvm-testdata-4.csv,40x2,1000x2,x0|x1,y,c6ab35d78e77b1d190dea52a7042c0a85b752b94ea37a8db325523310ecb2dc4,df762f19922720510b6a4c1239f010d677250801b83f88fef2e96d64b8a0769e
3,5-6-12-13-19-20-21,5-6-12-13-19-20-21,1-3-5-6-8-10-12-13-15-17-19-20-21,7,13,0.733,4,"cnot_0->1,cross_on_target,features_normal,sim_manual",1.0,/Users/iratimush/xqml-thesis/data/qsvm-traindata-4.csv,/Users/iratimush/xqml-thesis/data/qsvm-testdata-4.csv,40x2,1000x2,x0|x1,y,c6ab35d78e77b1d190dea52a7042c0a85b752b94ea37a8db325523310ecb2dc4,df762f19922720510b6a4c1239f010d677250801b83f88fef2e96d64b8a0769e
3,5-6-12-13-20,5-6-12-13-20,1-3-5-6-8-10-12-13-15-17-20,5,11,0.712,4,"cnot_0->1,cross_on_target,features_normal,sim_manual",1.0,/Users/iratimush/xqml-thesis/data/qsvm-traindata-4.csv,/Users/iratimush/xqml-thesis/data/qsvm-testdata-4.csv,40x2,1000x2,x0|x1,y,c6ab35d78e77b1d190dea52a7042c0a85b752b94ea37a8db325523310ecb2dc4,df762f19922720510b6a4c1239f010d677250801b83f88fef2e96d64b8a0769e
3,5-6-12-13-20-21,5-6-12-13-20-21,1-3-5-6-8-10-12-13-15-17-20-21,6,12,0.712,4,"cnot_0->1,cross_on_target,features_normal,sim_manual",1.0,/Users/iratimush/xqml-thesis/data/qsvm-traindata-4.csv,/Users/iratimush/xqml-thesis/data/qsvm-testdata-4.csv,40x2,1000x2,x0|x1,y,c6ab35d78e77b1d190dea52a7042c0a85b752b94ea37a8db325523310ecb2dc4,df762f19922720510b6a4c1239f010d677250801b83f88fef2e96d64b8a0769e
3,5-6-13-14-19-20,5-6-13-14-19-20,1-3-5-6-8-10-13-14-15-17-19-20,6,12,0.733,4,"cnot_0->1,cross_on_target,features_normal,sim_manual",1.0,/Users/iratimush/xqml-thesis/data/qsvm-traindata-4.csv,/Users/iratimush/xqml-thesis/data/qsvm-testdata-4.csv,40x2,1000x2,x0|x1,y,c6ab35d78e77b1d190dea52a7042c0a85b752b94ea37a8db325523310ecb2dc4,df762f19922720510b6a4c1239f010d677250801b83f88fef2e96d64b8a0769e
3,5-6-13-14-19-20-21,5-6-13-14-19-20-21,1-3-5-6-8-10-13-14-15-17-19-20-21,7,13,0.733,4,"cnot_0->1,cross_on_target,features_normal,sim_manual",1.0,/Users/iratimush/xqml-thesis/data/qsvm-traindata-4.csv,/Users/iratimush/xqml-thesis/data/qsvm-testdata-4.csv,40x2,1000x2,x0|x1,y,c6ab35d78e77b1d190dea52a7042c0a85b752b94ea37a8db325523310ecb2dc4,df762f19922720510b6a4c1239f010d677250801b83f88fef2e96d64b8a0769e
3,5-6-13-14-20,5-6-13-14-20,1-3-5-6-8-10-13-14-15-17-20,5,11,0.712,4,"cnot_0->1,cross_on_target,features_normal,sim_manual",1.0,/Users/iratimush/xqml-thesis/data/qsvm-traindata-4.csv,/Users/iratimush/xqml-thesis/data/qsvm-testdata-4.csv,40x2,1000x2,x0|x1,y,c6ab35d78e77b1d190dea52a7042c0a85b752b94ea37a8db325523310ecb2dc4,df762f19922720510b6a4c1239f010d677250801b83f88fef2e96d64b8a0769e
3,5-6-13-14-20-21,5-6-13-14-20-21,1-3-5-6-8-10-13-14-15-17-20-21,6,12,0.712,4,"cnot_0->1,cross_on_target,features_normal,sim_manual",1.0,/Users/iratimush/xqml-thesis/data/qsvm-traindata-4.csv,/Users/iratimush/xqml-thesis/data/qsvm-testdata-4.csv,40x2,1000x2,x0|x1,y,c6ab35d78e77b1d190dea52a7042c0a85b752b94ea37a8db325523310ecb2dc4,df762f19922720510b6a4c1239f010d677250801b83f88fef2e96d64b8a0769e
3,5-6-13-19-20,5-6-13-19-20,1-3-5-6-8-10-13-15-17-19-20,5,11,0.733,4,"cnot_0->1,cross_on_target,features_normal,sim_manual",1.0,/Users/iratimush/xqml-thesis/data/qsvm-traindata-4.csv,/Users/iratimush/xqml-thesis/data/qsvm-testdata-4.csv,40x2,1000x2,x0|x1,y,c6ab35d78e77b1d190dea52a7042c0a85b752b94ea37a8db325523310ecb2dc4,df762f19922720510b6a4c1239f010d677250801b83f88fef2e96d64b8a0769e
3,5-6-13-19-20-21,5-6-13-19-20-21,1-3-5-6-8-10-13-15-17-19-20-21,6,12,0.733,4,"cnot_0->1,cross_on_target,features_normal,sim_manual",1.0,/Users/iratimush/xqml-thesis/data/qsvm-traindata-4.csv,/Users/iratimush/xqml-thesis/data/qsvm-testdata-4.csv,40x2,1000x2,x0|x1,y,c6ab35d78e77b1d190dea52a7042c0a85b752b94ea37a8db325523310ecb2dc4,df762f19922720510b6a4c1239f010d677250801b83f88fef2e96d64b8a0769e
3,5-6-13-20,5-6-13-20,1-3-5-6-8-10-13-15-17-20,4,10,0.712,4,"cnot_0->1,cross_on_target,features_normal,sim_manual",1.0,/Users/iratimush/xqml-thesis/data/qsvm-traindata-4.csv,/Users/iratimush/xqml-thesis/data/qsvm-testdata-4.csv,40x2,1000x2,x0|x1,y,c6ab35d78e77b1d190dea52a7042c0a85b752b94ea37a8db325523310ecb2dc4,df762f19922720510b6a4c1239f010d677250801b83f88fef2e96d64b8a0769e
3,5-6-13-20-21,5-6-13-20-21,1-3-5-6-8-10-13-15-17-20-21,5,11,0.712,4,"cnot_0->1,cross_on_target,features_normal,sim_manual",1.0,/Users/iratimush/xqml-thesis/data/qsvm-traindata-4.csv,/Users/iratimush/xqml-thesis/data/qsvm-testdata-4.csv,40x2,1000x2,x0|x1,y,c6ab35d78e77b1d190dea52a7042c0a85b752b94ea37a8db325523310ecb2dc4,df762f19922720510b6a4c1239f010d677250801b83f88fef2e96d64b8a0769e
3,5-7,5-7,1-3-5-7-8-10-15-17,2,8,0.5,4,"cnot_0->1,cross_on_target,features_normal,sim_manual",1.0,/Users/iratimush/xqml-thesis/data/qsvm-traindata-4.csv,/Users/iratimush/xqml-thesis/data/qsvm-testdata-4.csv,40x2,1000x2,x0|x1,y,c6ab35d78e77b1d190dea52a7042c0a85b752b94ea37a8db325523310ecb2dc4,df762f19922720510b6a4c1239f010d677250801b83f88fef2e96d64b8a0769e
3,5-7-9-11-12-14-16-18-19-21,5-7-9-11-12-14-16-18-19-21,1-3-5-7-8-9-10-11-12-14-15-16-17-18-19-21,10,16,0.559,4,"cnot_0->1,cross_on_target,features_normal,sim_manual",1.0,/Users/iratimush/xqml-thesis/data/qsvm-traindata-4.csv,/Users/iratimush/xqml-thesis/data/qsvm-testdata-4.csv,40x2,1000x2,x0|x1,y,c6ab35d78e77b1d190dea52a7042c0a85b752b94ea37a8db325523310ecb2dc4,df762f19922720510b6a4c1239f010d677250801b83f88fef2e96d64b8a0769e
3,5-7-9-11-12-14-16-19-21,5-7-9-11-12-14-16-19-21,1-3-5-7-8-9-10-11-12-14-15-16-17-19-21,9,15,0.581,4,"cnot_0->1,cross_on_target,features_normal,sim_manual",1.0,/Users/iratimush/xqml-thesis/data/qsvm-traindata-4.csv,/Users/iratimush/xqml-thesis/data/qsvm-testdata-4.csv,40x2,1000x2,x0|x1,y,c6ab35d78e77b1d190dea52a7042c0a85b752b94ea37a8db325523310ecb2dc4,df762f19922720510b6a4c1239f010d677250801b83f88fef2e96d64b8a0769e
3,5-7-9-11-12-14-18-19-21,5-7-9-11-12-14-18-19-21,1-3-5-7-8-9-10-11-12-14-15-17-18-19-21,9,15,0.57,4,"cnot_0->1,cross_on_target,features_normal,sim_manual",1.0,/Users/iratimush/xqml-thesis/data/qsvm-traindata-4.csv,/Users/iratimush/xqml-thesis/data/qsvm-testdata-4.csv,40x2,1000x2,x0|x1,y,c6ab35d78e77b1d190dea52a7042c0a85b752b94ea37a8db325523310ecb2dc4,df762f19922720510b6a4c1239f010d677250801b83f88fef2e96d64b8a0769e
3,5-7-9-11-12-14-19-21,5-7-9-11-12-14-19-21,1-3-5-7-8-9-10-11-12-14-15-17-19-21,8,14,0.5,4,"cnot_0->1,cross_on_target,features_normal,sim_manual",1.0,/Users/iratimush/xqml-thesis/data/qsvm-traindata-4.csv,/Users/iratimush/xqml-thesis/data/qsvm-testdata-4.csv,40x2,1000x2,x0|x1,y,c6ab35d78e77b1d190dea52a7042c0a85b752b94ea37a8db325523310ecb2dc4,df762f19922720510b6a4c1239f010d677250801b83f88fef2e96d64b8a0769e
3,5-7-9-12-14-16-18-19-21,5-7-9-12-14-16-18-19-21,1-3-5-7-8-9-10-12-14-15-16-17-18-19-21,9,15,0.559,4,"cnot_0->1,cross_on_target,features_normal,sim_manual",1.0,/Users/iratimush/xqml-thesis/data/qsvm-traindata-4.csv,/Users/iratimush/xqml-thesis/data/qsvm-testdata-4.csv,40x2,1000x2,x0|x1,y,c6ab35d78e77b1d190dea52a7042c0a85b752b94ea37a8db325523310ecb2dc4,df762f19922720510b6a4c1239f010d677250801b83f88fef2e96d64b8a0769e
3,5-7-9-12-14-16-19-21,5-7-9-12-14-16-19-21,1-3-5-7-8-9-10-12-14-15-16-17-19-21,8,14,0.581,4,"cnot_0->1,cross_on_target,features_normal,sim_manual",1.0,/Users/iratimush/xqml-thesis/data/qsvm-traindata-4.csv,/Users/iratimush/xqml-thesis/data/qsvm-testdata-4.csv,40x2,1000x2,x0|x1,y,c6ab35d78e77b1d190dea52a7042c0a85b752b94ea37a8db325523310ecb2dc4,df762f19922720510b6a4c1239f010d677250801b83f88fef2e96d64b8a0769e
3,5-7-9-12-14-18-19-21,5-7-9-12-14-18-19-21,1-3-5-7-8-9-10-12-14-15-17-18-19-21,8,14,0.57,4,"cnot_0->1,cross_on_target,features_normal,sim_manual",1.0,/Users/iratimush/xqml-thesis/data/qsvm-traindata-4.csv,/Users/iratimush/xqml-thesis/data/qsvm-testdata-4.csv,40x2,1000x2,x0|x1,y,c6ab35d78e77b1d190dea52a7042c0a85b752b94ea37a8db325523310ecb2dc4,df762f19922720510b6a4c1239f010d677250801b83f88fef2e96d64b8a0769e
3,5-7-9-12-14-19-21,5-7-9-12-14-19-21,1-3-5-7-8-9-10-12-14-15-17-19-21,7,13,0.5,4,"cnot_0->1,cross_on_target,features_normal,sim_manual",1.0,/Users/iratimush/xqml-thesis/data/qsvm-traindata-4.csv,/Users/iratimush/xqml-thesis/data/qsvm-testdata-4.csv,40x2,1000x2,x0|x1,y,c6ab35d78e77b1d190dea52a7042c0a85b752b94ea37a8db325523310ecb2dc4,df762f19922720510b6a4c1239f010d677250801b83f88fef2e96d64b8a0769e
3,5-7-11-12-14-16-18-19-21,5-7-11-12-14-16-18-19-21,1-3-5-7-8-10-11-12-14-15-16-17-18-19-21,9,15,0.559,4,"cnot_0->1,cross_on_target,features_normal,sim_manual",1.0,/Users/iratimush/xqml-thesis/data/qsvm-traindata-4.csv,/Users/iratimush/xqml-thesis/data/qsvm-testdata-4.csv,40x2,1000x2,x0|x1,y,c6ab35d78e77b1d190dea52a7042c0a85b752b94ea37a8db325523310ecb2dc4,df762f19922720510b6a4c1239f010d677250801b83f88fef2e96d64b8a0769e
3,5-7-11-12-14-16-19-21,5-7-11-12-14-16-19-21,1-3-5-7-8-10-11-12-14-15-16-17-19-21,8,14,0.581,4,"cnot_0->1,cross_on_target,features_normal,sim_manual",1.0,/Users/iratimush/xqml-thesis/data/qsvm-traindata-4.csv,/Users/iratimush/xqml-thesis/data/qsvm-testdata-4.csv,40x2,1000x2,x0|x1,y,c6ab35d78e77b1d190dea52a7042c0a85b752b94ea37a8db325523310ecb2dc4,df762f19922720510b6a4c1239f010d677250801b83f88fef2e96d64b8a0769e
3,5-7-11-12-14-18-19-21,5-7-11-12-14-18-19-21,1-3-5-7-8-10-11-12-14-15-17-18-19-21,8,14,0.57,4,"cnot_0->1,cross_on_target,features_normal,sim_manual",1.0,/Users/iratimush/xqml-thesis/data/qsvm-traindata-4.csv,/Users/iratimush/xqml-thesis/data/qsvm-testdata-4.csv,40x2,1000x2,x0|x1,y,c6ab35d78e77b1d190dea52a7042c0a85b752b94ea37a8db325523310ecb2dc4,df762f19922720510b6a4c1239f010d677250801b83f88fef2e96d64b8a0769e
3,5-7-11-12-14-19-21,5-7-11-12-14-19-21,1-3-5-7-8-10-11-12-14-15-17-19-21,7,13,0.5,4,"cnot_0->1,cross_on_target,features_normal,sim_manual",1.0,/Users/iratimush/xqml-thesis/data/qsvm-traindata-4.csv,/Users/iratimush/xqml-thesis/data/qsvm-testdata-4.csv,40x2,1000x2,x0|x1,y,c6ab35d78e77b1d190dea52a7042c0a85b752b94ea37a8db325523310ecb2dc4,df762f19922720510b6a4c1239f010d677250801b83f88fef2e96d64b8a0769e
3,5-7-12,5-7-12,1-3-5-7-8-10-12-15-17,3,9,0.5,4,"cnot_0->1,cross_on_target,features_normal,sim_manual",1.0,/Users/iratimush/xqml-thesis/data/qsvm-traindata-4.csv,/Users/iratimush/xqml-thesis/data/qsvm-testdata-4.csv,40x2,1000x2,x0|x1,y,c6ab35d78e77b1d190dea52a7042c0a85b752b94ea37a8db325523310ecb2dc4,df762f19922720510b6a4c1239f010d677250801b83f88fef2e96d64b8a0769e
3,5-7-12-13-14-19-20-21,5-7-12-13-14-19-20-21,1-3-5-7-8-10-12-13-14-15-17-19-20-21,8,14,0.522,4,"cnot_0->1,cross_on_target,features_normal,sim_manual",1.0,/Users/iratimush/xqml-thesis/data/qsvm-traindata-4.csv,/Users/iratimush/xqml-thesis/data/qsvm-testdata-4.csv,40x2,1000x2,x0|x1,y,c6ab35d78e77b1d190dea52a7042c0a85b752b94ea37a8db325523310ecb2dc4,df762f19922720510b6a4c1239f010d677250801b83f88fef2e96d64b8a0769e
3,5-7-12-13-14-19-21,5-7-12-13-14-19-21,1-3-5-7-8-10-12-13-14-15-17-19-21,7,13,0.5,4,"cnot_0->1,cross_on_target,features_normal,sim_manual",1.0,/Users/iratimush/xqml-thesis/data/qsvm-traindata-4.csv,/Users/iratimush/xqml-thesis/data/qsvm-testdata-4.csv,40x2,1000x2,x0|x1,y,c6ab35d78e77b1d190dea52a7042c0a85b752b94ea37a8db325523310ecb2dc4,df762f19922720510b6a4c1239f010d677250801b83f88fef2e96d64b8a0769e
3,5-7-12-14,5-7-12-14,1-3-5-7-8-10-12-14-15-17,4,10,0.5,4,"cnot_0->1,cross_on_target,features_normal,sim_manual",1.0,/Users/iratimush/xqml-thesis/data/qsvm-traindata-4.csv,/Users/iratimush/xqml-thesis/data/qsvm-testdata-4.csv,40x2,1000x2,x0|x1,y,c6ab35d78e77b1d190dea52a7042c0a85b752b94ea37a8db325523310ecb2dc4,df762f19922720510b6a4c1239f010d677250801b83f88fef2e96d64b8a0769e
3,5-7-12-14-16-18-19-21,5-7-12-14-16-18-19-21,1-3-5-7-8-10-12-14-15-16-17-18-19-21,8,14,0.559,4,"cnot_0->1,cross_on_target,features_normal,sim_manual",1.0,/Users/iratimush/xqml-thesis/data/qsvm-traindata-4.csv,/Users/iratimush/xqml-thesis/data/qsvm-testdata-4.csv,40x2,1000x2,x0|x1,y,c6ab35d78e77b1d190dea52a7042c0a85b752b94ea37a8db325523310ecb2dc4,df762f19922720510b6a4c1239f010d677250801b83f88fef2e96d64b8a0769e
3,5-7-12-14-16-19-21,5-7-12-14-16-19-21,1-3-5-7-8-10-12-14-15-16-17-19-21,7,13,0.581,4,"cnot_0->1,cross_on_target,features_normal,sim_manual",1.0,/Users/iratimush/xqml-thesis/data/qsvm-traindata-4.csv,/Users/iratimush/xqml-thesis/data/qsvm-testdata-4.csv,40x2,1000x2,x0|x1,y,c6ab35d78e77b1d190dea52a7042c0a85b752b94ea37a8db325523310ecb2dc4,df762f19922720510b6a4c1239f010d677250801b83f88fef2e96d64b8a0769e
3,5-7-12-14-18-19-21,5-7-12-14-18-19-21,1-3-5-7-8-10-12-14-15-17-18-19-21,7,13,0.57,4,"cnot_0->1,cross_on_target,features_normal,sim_manual",1.0,/Users/iratimush/xqml-thesis/data/qsvm-traindata-4.csv,/Users/iratimush/xqml-thesis/data/qsvm-testdata-4.csv,40x2,1000x2,x0|x1,y,c6ab35d78e77b1d190dea52a7042c0a85b752b94ea37a8db325523310ecb2dc4,df762f19922720510b6a4c1239f010d677250801b83f88fef2e96d64b8a0769e
3,5-7-12-14-19,5-7-12-14-19,1-3-5-7-8-10-12-14-15-17-19,5,11,0.5,4,"cnot_0->1,cross_on_target,features_normal,sim_manual",1.0,/Users/iratimush/xqml-thesis/data/qsvm-traindata-4.csv,/Users/iratimush/xqml-thesis/data/qsvm-testdata-4.csv,40x2,1000x2,x0|x1,y,c6ab35d78e77b1d190dea52a7042c0a85b752b94ea37a8db325523310ecb2dc4,df762f19922720510b6a4c1239f010d677250801b83f88fef2e96d64b8a0769e
3,5-7-12-14-19-20-21,5-7-12-14-19-20-21,1-3-5-7-8-10-12-14-15-17-19-20-21,7,13,0.522,4,"cnot_0->1,cross_on_target,features_normal,sim_manual",1.0,/Users/iratimush/xqml-thesis/data/qsvm-traindata-4.csv,/Users/iratimush/xqml-thesis/data/qsvm-testdata-4.csv,40x2,1000x2,x0|x1,y,c6ab35d78e77b1d190dea52a7042c0a85b752b94ea37a8db325523310ecb2dc4,df762f19922720510b6a4c1239f010d677250801b83f88fef2e96d64b8a0769e
3,5-7-12-14-19-21,5-7-12-14-19-21,1-3-5-7-8-10-12-14-15-17-19-21,6,12,0.5,4,"cnot_0->1,cross_on_target,features_normal,sim_manual",1.0,/Users/iratimush/xqml-thesis/data/qsvm-traindata-4.csv,/Users/iratimush/xqml-thesis/data/qsvm-testdata-4.csv,40x2,1000x2,x0|x1,y,c6ab35d78e77b1d190dea52a7042c0a85b752b94ea37a8db325523310ecb2dc4,df762f19922720510b6a4c1239f010d677250801b83f88fef2e96d64b8a0769e
3,5-7-12-14-21,5-7-12-14-21,1-3-5-7-8-10-12-14-15-17-21,5,11,0.5,4,"cnot_0->1,cross_on_target,features_normal,sim_manual",1.0,/Users/iratimush/xqml-thesis/data/qsvm-traindata-4.csv,/Users/iratimush/xqml-thesis/data/qsvm-testdata-4.csv,40x2,1000x2,x0|x1,y,c6ab35d78e77b1d190dea52a7042c0a85b752b94ea37a8db325523310ecb2dc4,df762f19922720510b6a4c1239f010d677250801b83f88fef2e96d64b8a0769e
3,5-7-12-19,5-7-12-19,1-3-5-7-8-10-12-15-17-19,4,10,0.5,4,"cnot_0->1,cross_on_target,features_normal,sim_manual",1.0,/Users/iratimush/xqml-thesis/data/qsvm-traindata-4.csv,/Users/iratimush/xqml-thesis/data/qsvm-testdata-4.csv,40x2,1000x2,x0|x1,y,c6ab35d78e77b1d190dea52a7042c0a85b752b94ea37a8db325523310ecb2dc4,df762f19922720510b6a4c1239f010d677250801b83f88fef2e96d64b8a0769e
3,5-7-12-19-21,5-7-12-19-21,1-3-5-7-8-10-12-15-17-19-21,5,11,0.5,4,"cnot_0->1,cross_on_target,features_normal,sim_manual",1.0,/Users/iratimush/xqml-thesis/data/qsvm-traindata-4.csv,/Users/iratimush/xqml-thesis/data/qsvm-testdata-4.csv,40x2,1000x2,x0|x1,y,c6ab35d78e77b1d190dea52a7042c0a85b752b94ea37a8db325523310ecb2dc4,df762f19922720510b6a4c1239f010d677250801b83f88fef2e96d64b8a0769e
3,5-7-12-21,5-7-12-21,1-3-5-7-8-10-12-15-17-21,4,10,0.5,4,"cnot_0->1,cross_on_target,features_normal,sim_manual",1.0,/Users/iratimush/xqml-thesis/data/qsvm-traindata-4.csv,/Users/iratimush/xqml-thesis/data/qsvm-testdata-4.csv,40x2,1000x2,x0|x1,y,c6ab35d78e77b1d190dea52a7042c0a85b752b94ea37a8db325523310ecb2dc4,df762f19922720510b6a4c1239f010d677250801b83f88fef2e96d64b8a0769e
3,5-7-14,5-7-14,1-3-5-7-8-10-14-15-17,3,9,0.5,4,"cnot_0->1,cross_on_target,features_normal,sim_manual",1.0,/Users/iratimush/xqml-thesis/data/qsvm-traindata-4.csv,/Users/iratimush/xqml-thesis/data/qsvm-testdata-4.csv,40x2,1000x2,x0|x1,y,c6ab35d78e77b1d190dea52a7042c0a85b752b94ea37a8db325523310ecb2dc4,df762f19922720510b6a4c1239f010d677250801b83f88fef2e96d64b8a0769e
3,5-7-14-19,5-7-14-19,1-3-5-7-8-10-14-15-17-19,4,10,0.5,4,"cnot_0->1,cross_on_target,features_normal,sim_manual",1.0,/Users/iratimush/xqml-thesis/data/qsvm-traindata-4.csv,/Users/iratimush/xqml-thesis/data/qsvm-testdata-4.csv,40x2,1000x2,x0|x1,y,c6ab35d78e77b1d190dea52a7042c0a85b752b94ea37a8db325523310ecb2dc4,df762f19922720510b6a4c1239f010d677250801b83f88fef2e96d64b8a0769e
3,5-7-14-19-21,5-7-14-19-21,1-3-5-7-8-10-14-15-17-19-21,5,11,0.5,4,"cnot_0->1,cross_on_target,features_normal,sim_manual",1.0,/Users/iratimush/xqml-thesis/data/qsvm-traindata-4.csv,/Users/iratimush/xqml-thesis/data/qsvm-testdata-4.csv,40x2,1000x2,x0|x1,y,c6ab35d78e77b1d190dea52a7042c0a85b752b94ea37a8db325523310ecb2dc4,df762f19922720510b6a4c1239f010d677250801b83f88fef2e96d64b8a0769e
3,5-7-14-21,5-7-14-21,1-3-5-7-8-10-14-15-17-21,4,10,0.5,4,"cnot_0->1,cross_on_target,features_normal,sim_manual",1.0,/Users/iratimush/xqml-thesis/data/qsvm-traindata-4.csv,/Users/iratimush/xqml-thesis/data/qsvm-testdata-4.csv,40x2,1000x2,x0|x1,y,c6ab35d78e77b1d190dea52a7042c0a85b752b94ea37a8db325523310ecb2dc4,df762f19922720510b6a4c1239f010d677250801b83f88fef2e96d64b8a0769e
3,5-7-19,5-7-19,1-3-5-7-8-10-15-17-19,3,9,0.5,4,"cnot_0->1,cross_on_target,features_normal,sim_manual",1.0,/Users/iratimush/xqml-thesis/data/qsvm-traindata-4.csv,/Users/iratimush/xqml-thesis/data/qsvm-testdata-4.csv,40x2,1000x2,x0|x1,y,c6ab35d78e77b1d190dea52a7042c0a85b752b94ea37a8db325523310ecb2dc4,df762f19922720510b6a4c1239f010d677250801b83f88fef2e96d64b8a0769e
3,5-7-19-21,5-7-19-21,1-3-5-7-8-10-15-17-19-21,4,10,0.5,4,"cnot_0->1,cross_on_target,features_normal,sim_manual",1.0,/Users/iratimush/xqml-thesis/data/qsvm-traindata-4.csv,/Users/iratimush/xqml-thesis/data/qsvm-testdata-4.csv,40x2,1000x2,x0|x1,y,c6ab35d78e77b1d190dea52a7042c0a85b752b94ea37a8db325523310ecb2dc4,df762f19922720510b6a4c1239f010d677250801b83f88fef2e96d64b8a0769e
3,5-7-21,5-7-21,1-3-5-7-8-10-15-17-21,3,9,0.5,4,"cnot_0->1,cross_on_target,features_normal,sim_manual",1.0,/Users/iratimush/xqml-thesis/data/qsvm-traindata-4.csv,/Users/iratimush/xqml-thesis/data/qsvm-testdata-4.csv,40x2,1000x2,x0|x1,y,c6ab35d78e77b1d190dea52a7042c0a85b752b94ea37a8db325523310ecb2dc4,df762f19922720510b6a4c1239f010d677250801b83f88fef2e96d64b8a0769e
3,5-12,5-12,1-3-5-8-10-12-15-17,2,8,0.5,4,"cnot_0->1,cross_on_target,features_normal,sim_manual",1.0,/Users/iratimush/xqml-thesis/data/qsvm-traindata-4.csv,/Users/iratimush/xqml-thesis/data/qsvm-testdata-4.csv,40x2,1000x2,x0|x1,y,c6ab35d78e77b1d190dea52a7042c0a85b752b94ea37a8db325523310ecb2dc4,df762f19922720510b6a4c1239f010d677250801b83f88fef2e96d64b8a0769e
3,5-12-14,5-12-14,1-3-5-8-10-12-14-15-17,3,9,0.5,4,"cnot_0->1,cross_on_target,features_normal,sim_manual",1.0,/Users/iratimush/xqml-thesis/data/qsvm-traindata-4.csv,/Users/iratimush/xqml-thesis/data/qsvm-testdata-4.csv,40x2,1000x2,x0|x1,y,c6ab35d78e77b1d190dea52a7042c0a85b752b94ea37a8db325523310ecb2dc4,df762f19922720510b6a4c1239f010d677250801b83f88fef2e96d64b8a0769e
3,5-12-14-19,5-12-14-19,1-3-5-8-10-12-14-15-17-19,4,10,0.5,4,"cnot_0->1,cross_on_target,features_normal,sim_manual",1.0,/Users/iratimush/xqml-thesis/data/qsvm-traindata-4.csv,/Users/iratimush/xqml-thesis/data/qsvm-testdata-4.csv,40x2,1000x2,x0|x1,y,c6ab35d78e77b1d190dea52a7042c0a85b752b94ea37a8db325523310ecb2dc4,df762f19922720510b6a4c1239f010d677250801b83f88fef2e96d64b8a0769e
3,5-12-14-19-21,5-12-14-19-21,1-3-5-8-10-12-14-15-17-19-21,5,11,0.5,4,"cnot_0->1,cross_on_target,features_normal,sim_manual",1.0,/Users/iratimush/xqml-thesis/data/qsvm-traindata-4.csv,/Users/iratimush/xqml-thesis/data/qsvm-testdata-4.csv,40x2,1000x2,x0|x1,y,c6ab35d78e77b1d190dea52a7042c0a85b752b94ea37a8db325523310ecb2dc4,df762f19922720510b6a4c1239f010d677250801b83f88fef2e96d64b8a0769e
3,5-12-14-21,5-12-14-21,1-3-5-8-10-12-14-15-17-21,4,10,0.5,4,"cnot_0->1,cross_on_target,features_normal,sim_manual",1.0,/Users/iratimush/xqml-thesis/data/qsvm-traindata-4.csv,/Users/iratimush/xqml-thesis/data/qsvm-testdata-4.csv,40x2,1000x2,x0|x1,y,c6ab35d78e77b1d190dea52a7042c0a85b752b94ea37a8db325523310ecb2dc4,df762f19922720510b6a4c1239f010d677250801b83f88fef2e96d64b8a0769e
3,5-12-19,5-12-19,1-3-5-8-10-12-15-17-19,3,9,0.5,4,"cnot_0->1,cross_on_target,features_normal,sim_manual",1.0,/Users/iratimush/xqml-thesis/data/qsvm-traindata-4.csv,/Users/iratimush/xqml-thesis/data/qsvm-testdata-4.csv,40x2,1000x2,x0|x1,y,c6ab35d78e77b1d190dea52a7042c0a85b752b94ea37a8db325523310ecb2dc4,df762f19922720510b6a4c1239f010d677250801b83f88fef2e96d64b8a0769e
3,5-12-19-21,5-12-19-21,1-3-5-8-10-12-15-17-19-21,4,10,0.5,4,"cnot_0->1,cross_on_target,features_normal,sim_manual",1.0,/Users/iratimush/xqml-thesis/data/qsvm-traindata-4.csv,/Users/iratimush/xqml-thesis/data/qsvm-testdata-4.csv,40x2,1000x2,x0|x1,y,c6ab35d78e77b1d190dea52a7042c0a85b752b94ea37a8db325523310ecb2dc4,df762f19922720510b6a4c1239f010d677250801b83f88fef2e96d64b8a0769e
3,5-12-21,5-12-21,1-3-5-8-10-12-15-17-21,3,9,0.5,4,"cnot_0->1,cross_on_target,features_normal,sim_manual",1.0,/Users/iratimush/xqml-thesis/data/qsvm-traindata-4.csv,/Users/iratimush/xqml-thesis/data/qsvm-testdata-4.csv,40x2,1000x2,x0|x1,y,c6ab35d78e77b1d190dea52a7042c0a85b752b94ea37a8db325523310ecb2dc4,df762f19922720510b6a4c1239f010d677250801b83f88fef2e96d64b8a0769e
3,5-14,5-14,1-3-5-8-10-14-15-17,2,8,0.5,4,"cnot_0->1,cross_on_target,features_normal,sim_manual",1.0,/Users/iratimush/xqml-thesis/data/qsvm-traindata-4.csv,/Users/iratimush/xqml-thesis/data/qsvm-testdata-4.csv,40x2,1000x2,x0|x1,y,c6ab35d78e77b1d190dea52a7042c0a85b752b94ea37a8db325523310ecb2dc4,df762f19922720510b6a4c1239f010d677250801b83f88fef2e96d64b8a0769e
3,5-14-19,5-14-19,1-3-5-8-10-14-15-17-19,3,9,0.5,4,"cnot_0->1,cross_on_target,features_normal,sim_manual",1.0,/Users/iratimush/xqml-thesis/data/qsvm-traindata-4.csv,/Users/iratimush/xqml-thesis/data/qsvm-testdata-4.csv,40x2,1000x2,x0|x1,y,c6ab35d78e77b1d190dea52a7042c0a85b752b94ea37a8db325523310ecb2dc4,df762f19922720510b6a4c1239f010d677250801b83f88fef2e96d64b8a0769e
3,5-14-19-21,5-14-19-21,1-3-5-8-10-14-15-17-19-21,4,10,0.5,4,"cnot_0->1,cross_on_target,features_normal,sim_manual",1.0,/Users/iratimush/xqml-thesis/data/qsvm-traindata-4.csv,/Users/iratimush/xqml-thesis/data/qsvm-testdata-4.csv,40x2,1000x2,x0|x1,y,c6ab35d78e77b1d190dea52a7042c0a85b752b94ea37a8db325523310ecb2dc4,df762f19922720510b6a4c1239f010d677250801b83f88fef2e96d64b8a0769e
3,5-14-21,5-14-21,1-3-5-8-10-14-15-17-21,3,9,0.5,4,"cnot_0->1,cross_on_target,features_normal,sim_manual",1.0,/Users/iratimush/xqml-thesis/data/qsvm-traindata-4.csv,/Users/iratimush/xqml-thesis/data/qsvm-testdata-4.csv,40x2,1000x2,x0|x1,y,c6ab35d78e77b1d190dea52a7042c0a85b752b94ea37a8db325523310ecb2dc4,df762f19922720510b6a4c1239f010d677250801b83f88fef2e96d64b8a0769e
3,5-19,5-19,1-3-5-8-10-15-17-19,2,8,0.5,4,"cnot_0->1,cross_on_target,features_normal,sim_manual",1.0,/Users/iratimush/xqml-thesis/data/qsvm-traindata-4.csv,/Users/iratimush/xqml-thesis/data/qsvm-testdata-4.csv,40x2,1000x2,x0|x1,y,c6ab35d78e77b1d190dea52a7042c0a85b752b94ea37a8db325523310ecb2dc4,df762f19922720510b6a4c1239f010d677250801b83f88fef2e96d64b8a0769e
3,5-19-21,5-19-21,1-3-5-8-10-15-17-19-21,3,9,0.5,4,"cnot_0->1,cross_on_target,features_normal,sim_manual",1.0,/Users/iratimush/xqml-thesis/data/qsvm-traindata-4.csv,/Users/iratimush/xqml-thesis/data/qsvm-testdata-4.csv,40x2,1000x2,x0|x1,y,c6ab35d78e77b1d190dea52a7042c0a85b752b94ea37a8db325523310ecb2dc4,df762f19922720510b6a4c1239f010d677250801b83f88fef2e96d64b8a0769e
3,5-21,5-21,1-3-5-8-10-15-17-21,2,8,0.5,4,"cnot_0->1,cross_on_target,features_normal,sim_manual",1.0,/Users/iratimush/xqml-thesis/data/qsvm-traindata-4.csv,/Users/iratimush/xqml-thesis/data/qsvm-testdata-4.csv,40x2,1000x2,x0|x1,y,c6ab35d78e77b1d190dea52a7042c0a85b752b94ea37a8db325523310ecb2dc4,df762f19922720510b6a4c1239f010d677250801b83f88fef2e96d64b8a0769e
3,6,6,1-3-6-8-10-15-17,1,7,0.522,4,"cnot_0->1,cross_on_target,features_normal,sim_manual",1.0,/Users/iratimush/xqml-thesis/data/qsvm-traindata-4.csv,/Users/iratimush/xqml-thesis/data/qsvm-testdata-4.csv,40x2,1000x2,x0|x1,y,c6ab35d78e77b1d190dea52a7042c0a85b752b94ea37a8db325523310ecb2dc4,df762f19922720510b6a4c1239f010d677250801b83f88fef2e96d64b8a0769e
3,6-7-12-13-14-19-20,6-7-12-13-14-19-20,1-3-6-7-8-10-12-13-14-15-17-19-20,7,13,0.737,4,"cnot_0->1,cross_on_target,features_normal,sim_manual",1.0,/Users/iratimush/xqml-thesis/data/qsvm-traindata-4.csv,/Users/iratimush/xqml-thesis/data/qsvm-testdata-4.csv,40x2,1000x2,x0|x1,y,c6ab35d78e77b1d190dea52a7042c0a85b752b94ea37a8db325523310ecb2dc4,df762f19922720510b6a4c1239f010d677250801b83f88fef2e96d64b8a0769e
3,6-7-12-13-14-19-20-21,6-7-12-13-14-19-20-21,1-3-6-7-8-10-12-13-14-15-17-19-20-21,8,14,0.737,4,"cnot_0->1,cross_on_target,features_normal,sim_manual",1.0,/Users/iratimush/xqml-thesis/data/qsvm-traindata-4.csv,/Users/iratimush/xqml-thesis/data/qsvm-testdata-4.csv,40x2,1000x2,x0|x1,y,c6ab35d78e77b1d190dea52a7042c0a85b752b94ea37a8db325523310ecb2dc4,df762f19922720510b6a4c1239f010d677250801b83f88fef2e96d64b8a0769e
3,6-7-12-13-14-20,6-7-12-13-14-20,1-3-6-7-8-10-12-13-14-15-17-20,6,12,0.735,4,"cnot_0->1,cross_on_target,features_normal,sim_manual",1.0,/Users/iratimush/xqml-thesis/data/qsvm-traindata-4.csv,/Users/iratimush/xqml-thesis/data/qsvm-testdata-4.csv,40x2,1000x2,x0|x1,y,c6ab35d78e77b1d190dea52a7042c0a85b752b94ea37a8db325523310ecb2dc4,df762f19922720510b6a4c1239f010d677250801b83f88fef2e96d64b8a0769e
3,6-7-12-13-14-20-21,6-7-12-13-14-20-21,1-3-6-7-8-10-12-13-14-15-17-20-21,7,13,0.735,4,"cnot_0->1,cross_on_target,features_normal,sim_manual",1.0,/Users/iratimush/xqml-thesis/data/qsvm-traindata-4.csv,/Users/iratimush/xqml-thesis/data/qsvm-testdata-4.csv,40x2,1000x2,x0|x1,y,c6ab35d78e77b1d190dea52a7042c0a85b752b94ea37a8db325523310ecb2dc4,df762f19922720510b6a4c1239f010d677250801b83f88fef2e96d64b8a0769e
3,6-7-12-13-19-20,6-7-12-13-19-20,1-3-6-7-8-10-12-13-15-17-19-20,6,12,0.735,4,"cnot_0->1,cross_on_target,features_normal,sim_manual",1.0,/Users/iratimush/xqml-thesis/data/qsvm-traindata-4.csv,/Users/iratimush/xqml-thesis/data/qsvm-testdata-4.csv,40x2,1000x2,x0|x1,y,c6ab35d78e77b1d190dea52a7042c0a85b752b94ea37a8db325523310ecb2dc4,df762f19922720510b6a4c1239f010d677250801b83f88fef2e96d64b8a0769e
3,6-7-12-13-19-20-21,6-7-12-13-19-20-21,1-3-6-7-8-10-12-13-15-17-19-20-21,7,13,0.735,4,"cnot_0->1,cross_on_target,features_normal,sim_manual",1.0,/Users/iratimush/xqml-thesis/data/qsvm-traindata-4.csv,/Users/iratimush/xqml-thesis/data/qsvm-testdata-4.csv,40x2,1000x2,x0|x1,y,c6ab35d78e77b1d190dea52a7042c0a85b752b94ea37a8db325523310ecb2dc4,df762f19922720510b6a4c1239f010d677250801b83f88fef2e96d64b8a0769e
3,6-7-12-13-20,6-7-12-13-20,1-3-6-7-8-10-12-13-15-17-20,5,11,0.735,4,"cnot_0->1,cross_on_target,features_normal,sim_manual",1.0,/Users/iratimush/xqml-thesis/data/qsvm-traindata-4.csv,/Users/iratimush/xqml-thesis/data/qsvm-testdata-4.csv,40x2,1000x2,x0|x1,y,c6ab35d78e77b1d190dea52a7042c0a85b752b94ea37a8db325523310ecb2dc4,df762f19922720510b6a4c1239f010d677250801b83f88fef2e96d64b8a0769e
3,6-7-12-13-20-21,6-7-12-13-20-21,1-3-6-7-8-10-12-13-15-17-20-21,6,12,0.735,4,"cnot_0->1,cross_on_target,features_normal,sim_manual",1.0,/Users/iratimush/xqml-thesis/data/qsvm-traindata-4.csv,/Users/iratimush/xqml-thesis/data/qsvm-testdata-4.csv,40x2,1000x2,x0|x1,y,c6ab35d78e77b1d190dea52a7042c0a85b752b94ea37a8db325523310ecb2dc4,df762f19922720510b6a4c1239f010d677250801b83f88fef2e96d64b8a0769e
3,6-7-13-14-19-20,6-7-13-14-19-20,1-3-6-7-8-10-13-14-15-17-19-20,6,12,0.733,4,"cnot_0->1,cross_on_target,features_normal,sim_manual",1.0,/Users/iratimush/xqml-thesis/data/qsvm-traindata-4.csv,/Users/iratimush/xqml-thesis/data/qsvm-testdata-4.csv,40x2,1000x2,x0|x1,y,c6ab35d78e77b1d190dea52a7042c0a85b752b94ea37a8db325523310ecb2dc4,df762f19922720510b6a4c1239f010d677250801b83f88fef2e96d64b8a0769e
3,6-7-13-14-19-20-21,6-7-13-14-19-20-21,1-3-6-7-8-10-13-14-15-17-19-20-21,7,13,0.733,4,"cnot_0->1,cross_on_target,features_normal,sim_manual",1.0,/Users/iratimush/xqml-thesis/data/qsvm-traindata-4.csv,/Users/iratimush/xqml-thesis/data/qsvm-testdata-4.csv,40x2,1000x2,x0|x1,y,c6ab35d78e77b1d190dea52a7042c0a85b752b94ea37a8db325523310ecb2dc4,df762f19922720510b6a4c1239f010d677250801b83f88fef2e96d64b8a0769e
3,6-7-13-14-20,6-7-13-14-20,1-3-6-7-8-10-13-14-15-17-20,5,11,0.733,4,"cnot_0->1,cross_on_target,features_normal,sim_manual",1.0,/Users/iratimush/xqml-thesis/data/qsvm-traindata-4.csv,/Users/iratimush/xqml-thesis/data/qsvm-testdata-4.csv,40x2,1000x2,x0|x1,y,c6ab35d78e77b1d190dea52a7042c0a85b752b94ea37a8db325523310ecb2dc4,df762f19922720510b6a4c1239f010d677250801b83f88fef2e96d64b8a0769e
3,6-7-13-14-20-21,6-7-13-14-20-21,1-3-6-7-8-10-13-14-15-17-20-21,6,12,0.733,4,"cnot_0->1,cross_on_target,features_normal,sim_manual",1.0,/Users/iratimush/xqml-thesis/data/qsvm-traindata-4.csv,/Users/iratimush/xqml-thesis/data/qsvm-testdata-4.csv,40x2,1000x2,x0|x1,y,c6ab35d78e77b1d190dea52a7042c0a85b752b94ea37a8db325523310ecb2dc4,df762f19922720510b6a4c1239f010d677250801b83f88fef2e96d64b8a0769e
3,6-7-13-19-20,6-7-13-19-20,1-3-6-7-8-10-13-15-17-19-20,5,11,0.712,4,"cnot_0->1,cross_on_target,features_normal,sim_manual",1.0,/Users/iratimush/xqml-thesis/data/qsvm-traindata-4.csv,/Users/iratimush/xqml-thesis/data/qsvm-testdata-4.csv,40x2,1000x2,x0|x1,y,c6ab35d78e77b1d190dea52a7042c0a85b752b94ea37a8db325523310ecb2dc4,df762f19922720510b6a4c1239f010d677250801b83f88fef2e96d64b8a0769e
3,6-7-13-19-20-21,6-7-13-19-20-21,1-3-6-7-8-10-13-15-17-19-20-21,6,12,0.712,4,"cnot_0->1,cross_on_target,features_normal,sim_manual",1.0,/Users/iratimush/xqml-thesis/data/qsvm-traindata-4.csv,/Users/iratimush/xqml-thesis/data/qsvm-testdata-4.csv,40x2,1000x2,x0|x1,y,c6ab35d78e77b1d190dea52a7042c0a85b752b94ea37a8db325523310ecb2dc4,df762f19922720510b6a4c1239f010d677250801b83f88fef2e96d64b8a0769e
3,6-7-13-20,6-7-13-20,1-3-6-7-8-10-13-15-17-20,4,10,0.733,4,"cnot_0->1,cross_on_target,features_normal,sim_manual",1.0,/Users/iratimush/xqml-thesis/data/qsvm-traindata-4.csv,/Users/iratimush/xqml-thesis/data/qsvm-testdata-4.csv,40x2,1000x2,x0|x1,y,c6ab35d78e77b1d190dea52a7042c0a85b752b94ea37a8db325523310ecb2dc4,df762f19922720510b6a4c1239f010d677250801b83f88fef2e96d64b8a0769e
3,6-7-13-20-21,6-7-13-20-21,1-3-6-7-8-10-13-15-17-20-21,5,11,0.733,4,"cnot_0->1,cross_on_target,features_normal,sim_manual",1.0,/Users/iratimush/xqml-thesis/data/qsvm-traindata-4.csv,/Users/iratimush/xqml-thesis/data/qsvm-testdata-4.csv,40x2,1000x2,x0|x1,y,c6ab35d78e77b1d190dea52a7042c0a85b752b94ea37a8db325523310ecb2dc4,df762f19922720510b6a4c1239f010d677250801b83f88fef2e96d64b8a0769e
3,6-9-11-13-16-18-20,6-9-11-13-16-18-20,1-3-6-8-9-10-11-13-15-16-17-18-20,7,13,0.563,4,"cnot_0->1,cross_on_target,features_normal,sim_manual",1.0,/Users/iratimush/xqml-thesis/data/qsvm-traindata-4.csv,/Users/iratimush/xqml-thesis/data/qsvm-testdata-4.csv,40x2,1000x2,x0|x1,y,c6ab35d78e77b1d190dea52a7042c0a85b752b94ea37a8db325523310ecb2dc4,df762f19922720510b6a4c1239f010d677250801b83f88fef2e96d64b8a0769e
3,6-9-11-13-16-20,6-9-11-13-16-20,1-3-6-8-9-10-11-13-15-16-17-20,6,12,0.694,4,"cnot_0->1,cross_on_target,features_normal,sim_manual",1.0,/Users/iratimush/xqml-thesis/data/qsvm-traindata-4.csv,/Users/iratimush/xqml-thesis/data/qsvm-testdata-4.csv,40x2,1000x2,x0|x1,y,c6ab35d78e77b1d190dea52a7042c0a85b752b94ea37a8db325523310ecb2dc4,df762f19922720510b6a4c1239f010d677250801b83f88fef2e96d64b8a0769e
3,6-9-11-13-18-20,6-9-11-13-18-20,1-3-6-8-9-10-11-13-15-17-18-20,6,12,0.578,4,"cnot_0->1,cross_on_target,features_normal,sim_manual",1.0,/Users/iratimush/xqml-thesis/data/qsvm-traindata-4.csv,/Users/iratimush/xqml-thesis/data/qsvm-testdata-4.csv,40x2,1000x2,x0|x1,y,c6ab35d78e77b1d190dea52a7042c0a85b752b94ea37a8db325523310ecb2dc4,df762f19922720510b6a4c1239f010d677250801b83f88fef2e96d64b8a0769e
3,6-9-11-13-20,6-9-11-13-20,1-3-6-8-9-10-11-13-15-17-20,5,11,0.74,4,"cnot_0->1,cross_on_target,features_normal,sim_manual",1.0,/Users/iratimush/xqml-thesis/data/qsvm-traindata-4.csv,/Users/iratimush/xqml-thesis/data/qsvm-testdata-4.csv,40x2,1000x2,x0|x1,y,c6ab35d78e77b1d190dea52a7042c0a85b752b94ea37a8db325523310ecb2dc4,df762f19922720510b6a4c1239f010d677250801b83f88fef2e96d64b8a0769e
3,6-9-13-16-18-20,6-9-13-16-18-20,1-3-6-8-9-10-13-15-16-17-18-20,6,12,0.555,4,"cnot_0->1,cross_on_target,features_normal,sim_manual",1.0,/Users/iratimush/xqml-thesis/data/qsvm-traindata-4.csv,/Users/iratimush/xqml-thesis/data/qsvm-testdata-4.csv,40x2,1000x2,x0|x1,y,c6ab35d78e77b1d190dea52a7042c0a85b752b94ea37a8db325523310ecb2dc4,df762f19922720510b6a4c1239f010d677250801b83f88fef2e96d64b8a0769e
3,6-9-13-16-20,6-9-13-16-20,1-3-6-8-9-10-13-15-16-17-20,5,11,0.65,4,"cnot_0->1,cross_on_target,features_normal,sim_manual",1.0,/Users/iratimush/xqml-thesis/data/qsvm-traindata-4.csv,/Users/iratimush/xqml-thesis/data/qsvm-testdata-4.csv,40x2,1000x2,x0|x1,y,c6ab35d78e77b1d190dea52a7042c0a85b752b94ea37a8db325523310ecb2dc4,df762f19922720510b6a4c1239f010d677250801b83f88fef2e96d64b8a0769e
3,6-9-13-18-20,6-9-13-18-20,1-3-6-8-9-10-13-15-17-18-20,5,11,0.517,4,"cnot_0->1,cross_on_target,features_normal,sim_manual",1.0,/Users/iratimush/xqml-thesis/data/qsvm-traindata-4.csv,/Users/iratimush/xqml-thesis/data/qsvm-testdata-4.csv,40x2,1000x2,x0|x1,y,c6ab35d78e77b1d190dea52a7042c0a85b752b94ea37a8db325523310ecb2dc4,df762f19922720510b6a4c1239f010d677250801b83f88fef2e96d64b8a0769e
3,6-9-13-20,6-9-13-20,1-3-6-8-9-10-13-15-17-20,4,10,0.712,4,"cnot_0->1,cross_on_target,features_normal,sim_manual",1.0,/Users/iratimush/xqml-thesis/data/qsvm-traindata-4.csv,/Users/iratimush/xqml-thesis/data/qsvm-testdata-4.csv,40x2,1000x2,x0|x1,y,c6ab35d78e77b1d190dea52a7042c0a85b752b94ea37a8db325523310ecb2dc4,df762f19922720510b6a4c1239f010d677250801b83f88fef2e96d64b8a0769e
3,6-11-13-16-18-20,6-11-13-16-18-20,1-3-6-8-10-11-13-15-16-17-18-20,6,12,0.563,4,"cnot_0->1,cross_on_target,features_normal,sim_manual",1.0,/Users/iratimush/xqml-thesis/data/qsvm-traindata-4.csv,/Users/iratimush/xqml-thesis/data/qsvm-testdata-4.csv,40x2,1000x2,x0|x1,y,c6ab35d78e77b1d190dea52a7042c0a85b752b94ea37a8db325523310ecb2dc4,df762f19922720510b6a4c1239f010d677250801b83f88fef2e96d64b8a0769e
3,6-11-13-16-20,6-11-13-16-20,1-3-6-8-10-11-13-15-16-17-20,5,11,0.694,4,"cnot_0->1,cross_on_target,features_normal,sim_manual",1.0,/Users/iratimush/xqml-thesis/data/qsvm-traindata-4.csv,/Users/iratimush/xqml-thesis/data/qsvm-testdata-4.csv,40x2,1000x2,x0|x1,y,c6ab35d78e77b1d190dea52a7042c0a85b752b94ea37a8db325523310ecb2dc4,df762f19922720510b6a4c1239f010d677250801b83f88fef2e96d64b8a0769e
3,6-11-13-18-20,6-11-13-18-20,1-3-6-8-10-11-13-15-17-18-20,5,11,0.578,4,"cnot_0->1,cross_on_target,features_normal,sim_manual",1.0,/Users/iratimush/xqml-thesis/data/qsvm-traindata-4.csv,/Users/iratimush/xqml-thesis/data/qsvm-testdata-4.csv,40x2,1000x2,x0|x1,y,c6ab35d78e77b1d190dea52a7042c0a85b752b94ea37a8db325523310ecb2dc4,df762f19922720510b6a4c1239f010d677250801b83f88fef2e96d64b8a0769e
3,6-11-13-20,6-11-13-20,1-3-6-8-10-11-13-15-17-20,4,10,0.74,4,"cnot_0->1,cross_on_target,features_normal,sim_manual",1.0,/Users/iratimush/xqml-thesis/data/qsvm-traindata-4.csv,/Users/iratimush/xqml-thesis/data/qsvm-testdata-4.csv,40x2,1000x2,x0|x1,y,c6ab35d78e77b1d190dea52a7042c0a85b752b94ea37a8db325523310ecb2dc4,df762f19922720510b6a4c1239f010d677250801b83f88fef2e96d64b8a0769e
3,6-12-13-14-19-20,6-12-13-14-19-20,1-3-6-8-10-12-13-14-15-17-19-20,6,12,0.733,4,"cnot_0->1,cross_on_target,features_normal,sim_manual",1.0,/Users/iratimush/xqml-thesis/data/qsvm-traindata-4.csv,/Users/iratimush/xqml-thesis/data/qsvm-testdata-4.csv,40x2,1000x2,x0|x1,y,c6ab35d78e77b1d190dea52a7042c0a85b752b94ea37a8db325523310ecb2dc4,df762f19922720510b6a4c1239f010d677250801b83f88fef2e96d64b8a0769e
3,6-12-13-14-19-20-21,6-12-13-14-19-20-21,1-3-6-8-10-12-13-14-15-17-19-20-21,7,13,0.733,4,"cnot_0->1,cross_on_target,features_normal,sim_manual",1.0,/Users/iratimush/xqml-thesis/data/qsvm-traindata-4.csv,/Users/iratimush/xqml-thesis/data/qsvm-testdata-4.csv,40x2,1000x2,x0|x1,y,c6ab35d78e77b1d190dea52a7042c0a85b752b94ea37a8db325523310ecb2dc4,df762f19922720510b6a4c1239f010d677250801b83f88fef2e96d64b8a0769e
3,6-12-13-14-20,6-12-13-14-20,1-3-6-8-10-12-13-14-15-17-20,5,11,0.712,4,"cnot_0->1,cross_on_target,features_normal,sim_manual",1.0,/Users/iratimush/xqml-thesis/data/qsvm-traindata-4.csv,/Users/iratimush/xqml-thesis/data/qsvm-testdata-4.csv,40x2,1000x2,x0|x1,y,c6ab35d78e77b1d190dea52a7042c0a85b752b94ea37a8db325523310ecb2dc4,df762f19922720510b6a4c1239f010d677250801b83f88fef2e96d64b8a0769e
3,6-12-13-14-20-21,6-12-13-14-20-21,1-3-6-8-10-12-13-14-15-17-20-21,6,12,0.712,4,"cnot_0->1,cross_on_target,features_normal,sim_manual",1.0,/Users/iratimush/xqml-thesis/data/qsvm-traindata-4.csv,/Users/iratimush/xqml-thesis/data/qsvm-testdata-4.csv,40x2,1000x2,x0|x1,y,c6ab35d78e77b1d190dea52a7042c0a85b752b94ea37a8db325523310ecb2dc4,df762f19922720510b6a4c1239f010d677250801b83f88fef2e96d64b8a0769e
3,6-12-13-19-20,6-12-13-19-20,1-3-6-8-10-12-13-15-17-19-20,5,11,0.733,4,"cnot_0->1,cross_on_target,features_normal,sim_manual",1.0,/Users/iratimush/xqml-thesis/data/qsvm-traindata-4.csv,/Users/iratimush/xqml-thesis/data/qsvm-testdata-4.csv,40x2,1000x2,x0|x1,y,c6ab35d78e77b1d190dea52a7042c0a85b752b94ea37a8db325523310ecb2dc4,df762f19922720510b6a4c1239f010d677250801b83f88fef2e96d64b8a0769e
3,6-12-13-19-20-21,6-12-13-19-20-21,1-3-6-8-10-12-13-15-17-19-20-21,6,12,0.733,4,"cnot_0->1,cross_on_target,features_normal,sim_manual",1.0,/Users/iratimush/xqml-thesis/data/qsvm-traindata-4.csv,/Users/iratimush/xqml-thesis/data/qsvm-testdata-4.csv,40x2,1000x2,x0|x1,y,c6ab35d78e77b1d190dea52a7042c0a85b752b94ea37a8db325523310ecb2dc4,df762f19922720510b6a4c1239f010d677250801b83f88fef2e96d64b8a0769e
3,6-12-13-20,6-12-13-20,1-3-6-8-10-12-13-15-17-20,4,10,0.712,4,"cnot_0->1,cross_on_target,features_normal,sim_manual",1.0,/Users/iratimush/xqml-thesis/data/qsvm-traindata-4.csv,/Users/iratimush/xqml-thesis/data/qsvm-testdata-4.csv,40x2,1000x2,x0|x1,y,c6ab35d78e77b1d190dea52a7042c0a85b752b94ea37a8db325523310ecb2dc4,df762f19922720510b6a4c1239f010d677250801b83f88fef2e96d64b8a0769e
3,6-12-13-20-21,6-12-13-20-21,1-3-6-8-10-12-13-15-17-20-21,5,11,0.712,4,"cnot_0->1,cross_on_target,features_normal,sim_manual",1.0,/Users/iratimush/xqml-thesis/data/qsvm-traindata-4.csv,/Users/iratimush/xqml-thesis/data/qsvm-testdata-4.csv,40x2,1000x2,x0|x1,y,c6ab35d78e77b1d190dea52a7042c0a85b752b94ea37a8db325523310ecb2dc4,df762f19922720510b6a4c1239f010d677250801b83f88fef2e96d64b8a0769e
3,6-13,6-13,1-3-6-8-10-13-15-17,2,8,0.741,4,"cnot_0->1,cross_on_target,features_normal,sim_manual",1.0,/Users/iratimush/xqml-thesis/data/qsvm-traindata-4.csv,/Users/iratimush/xqml-thesis/data/qsvm-testdata-4.csv,40x2,1000x2,x0|x1,y,c6ab35d78e77b1d190dea52a7042c0a85b752b94ea37a8db325523310ecb2dc4,df762f19922720510b6a4c1239f010d677250801b83f88fef2e96d64b8a0769e
3,6-13-14-19-20,6-13-14-19-20,1-3-6-8-10-13-14-15-17-19-20,5,11,0.733,4,"cnot_0->1,cross_on_target,features_normal,sim_manual",1.0,/Users/iratimush/xqml-thesis/data/qsvm-traindata-4.csv,/Users/iratimush/xqml-thesis/data/qsvm-testdata-4.csv,40x2,1000x2,x0|x1,y,c6ab35d78e77b1d190dea52a7042c0a85b752b94ea37a8db325523310ecb2dc4,df762f19922720510b6a4c1239f010d677250801b83f88fef2e96d64b8a0769e
3,6-13-14-19-20-21,6-13-14-19-20-21,1-3-6-8-10-13-14-15-17-19-20-21,6,12,0.733,4,"cnot_0->1,cross_on_target,features_normal,sim_manual",1.0,/Users/iratimush/xqml-thesis/data/qsvm-traindata-4.csv,/Users/iratimush/xqml-thesis/data/qsvm-testdata-4.csv,40x2,1000x2,x0|x1,y,c6ab35d78e77b1d190dea52a7042c0a85b752b94ea37a8db325523310ecb2dc4,df762f19922720510b6a4c1239f010d677250801b83f88fef2e96d64b8a0769e
3,6-13-14-20,6-13-14-20,1-3-6-8-10-13-14-15-17-20,4,10,0.712,4,"cnot_0->1,cross_on_target,features_normal,sim_manual",1.0,/Users/iratimush/xqml-thesis/data/qsvm-traindata-4.csv,/Users/iratimush/xqml-thesis/data/qsvm-testdata-4.csv,40x2,1000x2,x0|x1,y,c6ab35d78e77b1d190dea52a7042c0a85b752b94ea37a8db325523310ecb2dc4,df762f19922720510b6a4c1239f010d677250801b83f88fef2e96d64b8a0769e
3,6-13-14-20-21,6-13-14-20-21,1-3-6-8-10-13-14-15-17-20-21,5,11,0.712,4,"cnot_0->1,cross_on_target,features_normal,sim_manual",1.0,/Users/iratimush/xqml-thesis/data/qsvm-traindata-4.csv,/Users/iratimush/xqml-thesis/data/qsvm-testdata-4.csv,40x2,1000x2,x0|x1,y,c6ab35d78e77b1d190dea52a7042c0a85b752b94ea37a8db325523310ecb2dc4,df762f19922720510b6a4c1239f010d677250801b83f88fef2e96d64b8a0769e
3,6-13-16-18-20,6-13-16-18-20,1-3-6-8-10-13-15-16-17-18-20,5,11,0.555,4,"cnot_0->1,cross_on_target,features_normal,sim_manual",1.0,/Users/iratimush/xqml-thesis/data/qsvm-traindata-4.csv,/Users/iratimush/xqml-thesis/data/qsvm-testdata-4.csv,40x2,1000x2,x0|x1,y,c6ab35d78e77b1d190dea52a7042c0a85b752b94ea37a8db325523310ecb2dc4,df762f19922720510b6a4c1239f010d677250801b83f88fef2e96d64b8a0769e
3,6-13-16-20,6-13-16-20,1-3-6-8-10-13-15-16-17-20,4,10,0.65,4,"cnot_0->1,cross_on_target,features_normal,sim_manual",1.0,/Users/iratimush/xqml-thesis/data/qsvm-traindata-4.csv,/Users/iratimush/xqml-thesis/data/qsvm-testdata-4.csv,40x2,1000x2,x0|x1,y,c6ab35d78e77b1d190dea52a7042c0a85b752b94ea37a8db325523310ecb2dc4,df762f19922720510b6a4c1239f010d677250801b83f88fef2e96d64b8a0769e
3,6-13-18-20,6-13-18-20,1-3-6-8-10-13-15-17-18-20,4,10,0.517,4,"cnot_0->1,cross_on_target,features_normal,sim_manual",1.0,/Users/iratimush/xqml-thesis/data/qsvm-traindata-4.csv,/Users/iratimush/xqml-thesis/data/qsvm-testdata-4.csv,40x2,1000x2,x0|x1,y,c6ab35d78e77b1d190dea52a7042c0a85b752b94ea37a8db325523310ecb2dc4,df762f19922720510b6a4c1239f010d677250801b83f88fef2e96d64b8a0769e
3,6-13-19-20,6-13-19-20,1-3-6-8-10-13-15-17-19-20,4,10,0.733,4,"cnot_0->1,cross_on_target,features_normal,sim_manual",1.0,/Users/iratimush/xqml-thesis/data/qsvm-traindata-4.csv,/Users/iratimush/xqml-thesis/data/qsvm-testdata-4.csv,40x2,1000x2,x0|x1,y,c6ab35d78e77b1d190dea52a7042c0a85b752b94ea37a8db325523310ecb2dc4,df762f19922720510b6a4c1239f010d677250801b83f88fef2e96d64b8a0769e
3,6-13-19-20-21,6-13-19-20-21,1-3-6-8-10-13-15-17-19-20-21,5,11,0.733,4,"cnot_0->1,cross_on_target,features_normal,sim_manual",1.0,/Users/iratimush/xqml-thesis/data/qsvm-traindata-4.csv,/Users/iratimush/xqml-thesis/data/qsvm-testdata-4.csv,40x2,1000x2,x0|x1,y,c6ab35d78e77b1d190dea52a7042c0a85b752b94ea37a8db325523310ecb2dc4,df762f19922720510b6a4c1239f010d677250801b83f88fef2e96d64b8a0769e
3,6-13-20,6-13-20,1-3-6-8-10-13-15-17-20,3,9,0.712,4,"cnot_0->1,cross_on_target,features_normal,sim_manual",1.0,/Users/iratimush/xqml-thesis/data/qsvm-traindata-4.csv,/Users/iratimush/xqml-thesis/data/qsvm-testdata-4.csv,40x2,1000x2,x0|x1,y,c6ab35d78e77b1d190dea52a7042c0a85b752b94ea37a8db325523310ecb2dc4,df762f19922720510b6a4c1239f010d677250801b83f88fef2e96d64b8a0769e
3,6-13-20-21,6-13-20-21,1-3-6-8-10-13-15-17-20-21,4,10,0.712,4,"cnot_0->1,cross_on_target,features_normal,sim_manual",1.0,/Users/iratimush/xqml-thesis/data/qsvm-traindata-4.csv,/Users/iratimush/xqml-thesis/data/qsvm-testdata-4.csv,40x2,1000x2,x0|x1,y,c6ab35d78e77b1d190dea52a7042c0a85b752b94ea37a8db325523310ecb2dc4,df762f19922720510b6a4c1239f010d677250801b83f88fef2e96d64b8a0769e
3,6-20,6-20,1-3-6-8-10-15-17-20,2,8,0.737,4,"cnot_0->1,cross_on_target,features_normal,sim_manual",1.0,/Users/iratimush/xqml-thesis/data/qsvm-traindata-4.csv,/Users/iratimush/xqml-thesis/data/qsvm-testdata-4.csv,40x2,1000x2,x0|x1,y,c6ab35d78e77b1d190dea52a7042c0a85b752b94ea37a8db325523310ecb2dc4,df762f19922720510b6a4c1239f010d677250801b83f88fef2e96d64b8a0769e
3,7,7,1-3-7-8-10-15-17,1,7,0.5,4,"cnot_0->1,cross_on_target,features_normal,sim_manual",1.0,/Users/iratimush/xqml-thesis/data/qsvm-traindata-4.csv,/Users/iratimush/xqml-thesis/data/qsvm-testdata-4.csv,40x2,1000x2,x0|x1,y,c6ab35d78e77b1d190dea52a7042c0a85b752b94ea37a8db325523310ecb2dc4,df762f19922720510b6a4c1239f010d677250801b83f88fef2e96d64b8a0769e
3,7-12,7-12,1-3-7-8-10-12-15-17,2,8,0.5,4,"cnot_0->1,cross_on_target,features_normal,sim_manual",1.0,/Users/iratimush/xqml-thesis/data/qsvm-traindata-4.csv,/Users/iratimush/xqml-thesis/data/qsvm-testdata-4.csv,40x2,1000x2,x0|x1,y,c6ab35d78e77b1d190dea52a7042c0a85b752b94ea37a8db325523310ecb2dc4,df762f19922720510b6a4c1239f010d677250801b83f88fef2e96d64b8a0769e
3,7-12-14,7-12-14,1-3-7-8-10-12-14-15-17,3,9,0.5,4,"cnot_0->1,cross_on_target,features_normal,sim_manual",1.0,/Users/iratimush/xqml-thesis/data/qsvm-traindata-4.csv,/Users/iratimush/xqml-thesis/data/qsvm-testdata-4.csv,40x2,1000x2,x0|x1,y,c6ab35d78e77b1d190dea52a7042c0a85b752b94ea37a8db325523310ecb2dc4,df762f19922720510b6a4c1239f010d677250801b83f88fef2e96d64b8a0769e
3,7-12-14-19,7-12-14-19,1-3-7-8-10-12-14-15-17-19,4,10,0.5,4,"cnot_0->1,cross_on_target,features_normal,sim_manual",1.0,/Users/iratimush/xqml-thesis/data/qsvm-traindata-4.csv,/Users/iratimush/xqml-thesis/data/qsvm-testdata-4.csv,40x2,1000x2,x0|x1,y,c6ab35d78e77b1d190dea52a7042c0a85b752b94ea37a8db325523310ecb2dc4,df762f19922720510b6a4c1239f010d677250801b83f88fef2e96d64b8a0769e
3,7-12-14-19-21,7-12-14-19-21,1-3-7-8-10-12-14-15-17-19-21,5,11,0.5,4,"cnot_0->1,cross_on_target,features_normal,sim_manual",1.0,/Users/iratimush/xqml-thesis/data/qsvm-traindata-4.csv,/Users/iratimush/xqml-thesis/data/qsvm-testdata-4.csv,40x2,1000x2,x0|x1,y,c6ab35d78e77b1d190dea52a7042c0a85b752b94ea37a8db325523310ecb2dc4,df762f19922720510b6a4c1239f010d677250801b83f88fef2e96d64b8a0769e
3,7-12-14-21,7-12-14-21,1-3-7-8-10-12-14-15-17-21,4,10,0.5,4,"cnot_0->1,cross_on_target,features_normal,sim_manual",1.0,/Users/iratimush/xqml-thesis/data/qsvm-traindata-4.csv,/Users/iratimush/xqml-thesis/data/qsvm-testdata-4.csv,40x2,1000x2,x0|x1,y,c6ab35d78e77b1d190dea52a7042c0a85b752b94ea37a8db325523310ecb2dc4,df762f19922720510b6a4c1239f010d677250801b83f88fef2e96d64b8a0769e
3,7-12-19,7-12-19,1-3-7-8-10-12-15-17-19,3,9,0.5,4,"cnot_0->1,cross_on_target,features_normal,sim_manual",1.0,/Users/iratimush/xqml-thesis/data/qsvm-traindata-4.csv,/Users/iratimush/xqml-thesis/data/qsvm-testdata-4.csv,40x2,1000x2,x0|x1,y,c6ab35d78e77b1d190dea52a7042c0a85b752b94ea37a8db325523310ecb2dc4,df762f19922720510b6a4c1239f010d677250801b83f88fef2e96d64b8a0769e
3,7-12-19-21,7-12-19-21,1-3-7-8-10-12-15-17-19-21,4,10,0.5,4,"cnot_0->1,cross_on_target,features_normal,sim_manual",1.0,/Users/iratimush/xqml-thesis/data/qsvm-traindata-4.csv,/Users/iratimush/xqml-thesis/data/qsvm-testdata-4.csv,40x2,1000x2,x0|x1,y,c6ab35d78e77b1d190dea52a7042c0a85b752b94ea37a8db325523310ecb2dc4,df762f19922720510b6a4c1239f010d677250801b83f88fef2e96d64b8a0769e
3,7-12-21,7-12-21,1-3-7-8-10-12-15-17-21,3,9,0.5,4,"cnot_0->1,cross_on_target,features_normal,sim_manual",1.0,/Users/iratimush/xqml-thesis/data/qsvm-traindata-4.csv,/Users/iratimush/xqml-thesis/data/qsvm-testdata-4.csv,40x2,1000x2,x0|x1,y,c6ab35d78e77b1d190dea52a7042c0a85b752b94ea37a8db325523310ecb2dc4,df762f19922720510b6a4c1239f010d677250801b83f88fef2e96d64b8a0769e
3,7-14,7-14,1-3-7-8-10-14-15-17,2,8,0.5,4,"cnot_0->1,cross_on_target,features_normal,sim_manual",1.0,/Users/iratimush/xqml-thesis/data/qsvm-traindata-4.csv,/Users/iratimush/xqml-thesis/data/qsvm-testdata-4.csv,40x2,1000x2,x0|x1,y,c6ab35d78e77b1d190dea52a7042c0a85b752b94ea37a8db325523310ecb2dc4,df762f19922720510b6a4c1239f010d677250801b83f88fef2e96d64b8a0769e
3,7-14-19,7-14-19,1-3-7-8-10-14-15-17-19,3,9,0.5,4,"cnot_0->1,cross_on_target,features_normal,sim_manual",1.0,/Users/iratimush/xqml-thesis/data/qsvm-traindata-4.csv,/Users/iratimush/xqml-thesis/data/qsvm-testdata-4.csv,40x2,1000x2,x0|x1,y,c6ab35d78e77b1d190dea52a7042c0a85b752b94ea37a8db325523310ecb2dc4,df762f19922720510b6a4c1239f010d677250801b83f88fef2e96d64b8a0769e
3,7-14-19-21,7-14-19-21,1-3-7-8-10-14-15-17-19-21,4,10,0.5,4,"cnot_0->1,cross_on_target,features_normal,sim_manual",1.0,/Users/iratimush/xqml-thesis/data/qsvm-traindata-4.csv,/Users/iratimush/xqml-thesis/data/qsvm-testdata-4.csv,40x2,1000x2,x0|x1,y,c6ab35d78e77b1d190dea52a7042c0a85b752b94ea37a8db325523310ecb2dc4,df762f19922720510b6a4c1239f010d677250801b83f88fef2e96d64b8a0769e
3,7-14-21,7-14-21,1-3-7-8-10-14-15-17-21,3,9,0.5,4,"cnot_0->1,cross_on_target,features_normal,sim_manual",1.0,/Users/iratimush/xqml-thesis/data/qsvm-traindata-4.csv,/Users/iratimush/xqml-thesis/data/qsvm-testdata-4.csv,40x2,1000x2,x0|x1,y,c6ab35d78e77b1d190dea52a7042c0a85b752b94ea37a8db325523310ecb2dc4,df762f19922720510b6a4c1239f010d677250801b83f88fef2e96d64b8a0769e
3,7-19,7-19,1-3-7-8-10-15-17-19,2,8,0.5,4,"cnot_0->1,cross_on_target,features_normal,sim_manual",1.0,/Users/iratimush/xqml-thesis/data/qsvm-traindata-4.csv,/Users/iratimush/xqml-thesis/data/qsvm-testdata-4.csv,40x2,1000x2,x0|x1,y,c6ab35d78e77b1d190dea52a7042c0a85b752b94ea37a8db325523310ecb2dc4,df762f19922720510b6a4c1239f010d677250801b83f88fef2e96d64b8a0769e
3,7-19-21,7-19-21,1-3-7-8-10-15-17-19-21,3,9,0.5,4,"cnot_0->1,cross_on_target,features_normal,sim_manual",1.0,/Users/iratimush/xqml-thesis/data/qsvm-traindata-4.csv,/Users/iratimush/xqml-thesis/data/qsvm-testdata-4.csv,40x2,1000x2,x0|x1,y,c6ab35d78e77b1d190dea52a7042c0a85b752b94ea37a8db325523310ecb2dc4,df762f19922720510b6a4c1239f010d677250801b83f88fef2e96d64b8a0769e
3,7-21,7-21,1-3-7-8-10-15-17-21,2,8,0.5,4,"cnot_0->1,cross_on_target,features_normal,sim_manual",1.0,/Users/iratimush/xqml-thesis/data/qsvm-traindata-4.csv,/Users/iratimush/xqml-thesis/data/qsvm-testdata-4.csv,40x2,1000x2,x0|x1,y,c6ab35d78e77b1d190dea52a7042c0a85b752b94ea37a8db325523310ecb2dc4,df762f19922720510b6a4c1239f010d677250801b83f88fef2e96d64b8a0769e
3,9,9,1-3-8-9-10-15-17,1,7,0.5,4,"cnot_0->1,cross_on_target,features_normal,sim_manual",1.0,/Users/iratimush/xqml-thesis/data/qsvm-traindata-4.csv,/Users/iratimush/xqml-thesis/data/qsvm-testdata-4.csv,40x2,1000x2,x0|x1,y,c6ab35d78e77b1d190dea52a7042c0a85b752b94ea37a8db325523310ecb2dc4,df762f19922720510b6a4c1239f010d677250801b83f88fef2e96d64b8a0769e
3,9-11,9-11,1-3-8-9-10-11-15-17,2,8,0.5,4,"cnot_0->1,cross_on_target,features_normal,sim_manual",1.0,/Users/iratimush/xqml-thesis/data/qsvm-traindata-4.csv,/Users/iratimush/xqml-thesis/data/qsvm-testdata-4.csv,40x2,1000x2,x0|x1,y,c6ab35d78e77b1d190dea52a7042c0a85b752b94ea37a8db325523310ecb2dc4,df762f19922720510b6a4c1239f010d677250801b83f88fef2e96d64b8a0769e
3,9-11-16,9-11-16,1-3-8-9-10-11-15-16-17,3,9,0.581,4,"cnot_0->1,cross_on_target,features_normal,sim_manual",1.0,/Users/iratimush/xqml-thesis/data/qsvm-traindata-4.csv,/Users/iratimush/xqml-thesis/data/qsvm-testdata-4.csv,40x2,1000x2,x0|x1,y,c6ab35d78e77b1d190dea52a7042c0a85b752b94ea37a8db325523310ecb2dc4,df762f19922720510b6a4c1239f010d677250801b83f88fef2e96d64b8a0769e
3,9-11-16-18,9-11-16-18,1-3-8-9-10-11-15-16-17-18,4,10,0.559,4,"cnot_0->1,cross_on_target,features_normal,sim_manual",1.0,/Users/iratimush/xqml-thesis/data/qsvm-traindata-4.csv,/Users/iratimush/xqml-thesis/data/qsvm-testdata-4.csv,40x2,1000x2,x0|x1,y,c6ab35d78e77b1d190dea52a7042c0a85b752b94ea37a8db325523310ecb2dc4,df762f19922720510b6a4c1239f010d677250801b83f88fef2e96d64b8a0769e
3,9-11-18,9-11-18,1-3-8-9-10-11-15-17-18,3,9,0.57,4,"cnot_0->1,cross_on_target,features_normal,sim_manual",1.0,/Users/iratimush/xqml-thesis/data/qsvm-traindata-4.csv,/Users/iratimush/xqml-thesis/data/qsvm-testdata-4.csv,40x2,1000x2,x0|x1,y,c6ab35d78e77b1d190dea52a7042c0a85b752b94ea37a8db325523310ecb2dc4,df762f19922720510b6a4c1239f010d677250801b83f88fef2e96d64b8a0769e
3,9-16,9-16,1-3-8-9-10-15-16-17,2,8,0.581,4,"cnot_0->1,cross_on_target,features_normal,sim_manual",1.0,/Users/iratimush/xqml-thesis/data/qsvm-traindata-4.csv,/Users/iratimush/xqml-thesis/data/qsvm-testdata-4.csv,40x2,1000x2,x0|x1,y,c6ab35d78e77b1d190dea52a7042c0a85b752b94ea37a8db325523310ecb2dc4,df762f19922720510b6a4c1239f010d677250801b83f88fef2e96d64b8a0769e
3,9-16-18,9-16-18,1-3-8-9-10-15-16-17-18,3,9,0.559,4,"cnot_0->1,cross_on_target,features_normal,sim_manual",1.0,/Users/iratimush/xqml-thesis/data/qsvm-traindata-4.csv,/Users/iratimush/xqml-thesis/data/qsvm-testdata-4.csv,40x2,1000x2,x0|x1,y,c6ab35d78e77b1d190dea52a7042c0a85b752b94ea37a8db325523310ecb2dc4,df762f19922720510b6a4c1239f010d677250801b83f88fef2e96d64b8a0769e
3,9-18,9-18,1-3-8-9-10-15-17-18,2,8,0.57,4,"cnot_0->1,cross_on_target,features_normal,sim_manual",1.0,/Users/iratimush/xqml-thesis/data/qsvm-traindata-4.csv,/Users/iratimush/xqml-thesis/data/qsvm-testdata-4.csv,40x2,1000x2,x0|x1,y,c6ab35d78e77b1d190dea52a7042c0a85b752b94ea37a8db325523310ecb2dc4,df762f19922720510b6a4c1239f010d677250801b83f88fef2e96d64b8a0769e
3,11,11,1-3-8-10-11-15-17,1,7,0.5,4,"cnot_0->1,cross_on_target,features_normal,sim_manual",1.0,/Users/iratimush/xqml-thesis/data/qsvm-traindata-4.csv,/Users/iratimush/xqml-thesis/data/qsvm-testdata-4.csv,40x2,1000x2,x0|x1,y,c6ab35d78e77b1d190dea52a7042c0a85b752b94ea37a8db325523310ecb2dc4,df762f19922720510b6a4c1239f010d677250801b83f88fef2e96d64b8a0769e
3,11-16,11-16,1-3-8-10-11-15-16-17,2,8,0.581,4,"cnot_0->1,cross_on_target,features_normal,sim_manual",1.0,/Users/iratimush/xqml-thesis/data/qsvm-traindata-4.csv,/Users/iratimush/xqml-thesis/data/qsvm-testdata-4.csv,40x2,1000x2,x0|x1,y,c6ab35d78e77b1d190dea52a7042c0a85b752b94ea37a8db325523310ecb2dc4,df762f19922720510b6a4c1239f010d677250801b83f88fef2e96d64b8a0769e
3,11-16-18,11-16-18,1-3-8-10-11-15-16-17-18,3,9,0.559,4,"cnot_0->1,cross_on_target,features_normal,sim_manual",1.0,/Users/iratimush/xqml-thesis/data/qsvm-traindata-4.csv,/Users/iratimush/xqml-thesis/data/qsvm-testdata-4.csv,40x2,1000x2,x0|x1,y,c6ab35d78e77b1d190dea52a7042c0a85b752b94ea37a8db325523310ecb2dc4,df762f19922720510b6a4c1239f010d677250801b83f88fef2e96d64b8a0769e
3,11-18,11-18,1-3-8-10-11-15-17-18,2,8,0.57,4,"cnot_0->1,cross_on_target,features_normal,sim_manual",1.0,/Users/iratimush/xqml-thesis/data/qsvm-traindata-4.csv,/Users/iratimush/xqml-thesis/data/qsvm-testdata-4.csv,40x2,1000x2,x0|x1,y,c6ab35d78e77b1d190dea52a7042c0a85b752b94ea37a8db325523310ecb2dc4,df762f19922720510b6a4c1239f010d677250801b83f88fef2e96d64b8a0769e
3,12,12,1-3-8-10-12-15-17,1,7,0.5,4,"cnot_0->1,cross_on_target,features_normal,sim_manual",1.0,/Users/iratimush/xqml-thesis/data/qsvm-traindata-4.csv,/Users/iratimush/xqml-thesis/data/qsvm-testdata-4.csv,40x2,1000x2,x0|x1,y,c6ab35d78e77b1d190dea52a7042c0a85b752b94ea37a8db325523310ecb2dc4,df762f19922720510b6a4c1239f010d677250801b83f88fef2e96d64b8a0769e
3,12-14,12-14,1-3-8-10-12-14-15-17,2,8,0.5,4,"cnot_0->1,cross_on_target,features_normal,sim_manual",1.0,/Users/iratimush/xqml-thesis/data/qsvm-traindata-4.csv,/Users/iratimush/xqml-thesis/data/qsvm-testdata-4.csv,40x2,1000x2,x0|x1,y,c6ab35d78e77b1d190dea52a7042c0a85b752b94ea37a8db325523310ecb2dc4,df762f19922720510b6a4c1239f010d677250801b83f88fef2e96d64b8a0769e
3,12-14-19,12-14-19,1-3-8-10-12-14-15-17-19,3,9,0.5,4,"cnot_0->1,cross_on_target,features_normal,sim_manual",1.0,/Users/iratimush/xqml-thesis/data/qsvm-traindata-4.csv,/Users/iratimush/xqml-thesis/data/qsvm-testdata-4.csv,40x2,1000x2,x0|x1,y,c6ab35d78e77b1d190dea52a7042c0a85b752b94ea37a8db325523310ecb2dc4,df762f19922720510b6a4c1239f010d677250801b83f88fef2e96d64b8a0769e
3,12-14-19-21,12-14-19-21,1-3-8-10-12-14-15-17-19-21,4,10,0.5,4,"cnot_0->1,cross_on_target,features_normal,sim_manual",1.0,/Users/iratimush/xqml-thesis/data/qsvm-traindata-4.csv,/Users/iratimush/xqml-thesis/data/qsvm-testdata-4.csv,40x2,1000x2,x0|x1,y,c6ab35d78e77b1d190dea52a7042c0a85b752b94ea37a8db325523310ecb2dc4,df762f19922720510b6a4c1239f010d677250801b83f88fef2e96d64b8a0769e
3,12-14-21,12-14-21,1-3-8-10-12-14-15-17-21,3,9,0.5,4,"cnot_0->1,cross_on_target,features_normal,sim_manual",1.0,/Users/iratimush/xqml-thesis/data/qsvm-traindata-4.csv,/Users/iratimush/xqml-thesis/data/qsvm-testdata-4.csv,40x2,1000x2,x0|x1,y,c6ab35d78e77b1d190dea52a7042c0a85b752b94ea37a8db325523310ecb2dc4,df762f19922720510b6a4c1239f010d677250801b83f88fef2e96d64b8a0769e
3,12-19,12-19,1-3-8-10-12-15-17-19,2,8,0.5,4,"cnot_0->1,cross_on_target,features_normal,sim_manual",1.0,/Users/iratimush/xqml-thesis/data/qsvm-traindata-4.csv,/Users/iratimush/xqml-thesis/data/qsvm-testdata-4.csv,40x2,1000x2,x0|x1,y,c6ab35d78e77b1d190dea52a7042c0a85b752b94ea37a8db325523310ecb2dc4,df762f19922720510b6a4c1239f010d677250801b83f88fef2e96d64b8a0769e
3,12-19-21,12-19-21,1-3-8-10-12-15-17-19-21,3,9,0.5,4,"cnot_0->1,cross_on_target,features_normal,sim_manual",1.0,/Users/iratimush/xqml-thesis/data/qsvm-traindata-4.csv,/Users/iratimush/xqml-thesis/data/qsvm-testdata-4.csv,40x2,1000x2,x0|x1,y,c6ab35d78e77b1d190dea52a7042c0a85b752b94ea37a8db325523310ecb2dc4,df762f19922720510b6a4c1239f010d677250801b83f88fef2e96d64b8a0769e
3,12-21,12-21,1-3-8-10-12-15-17-21,2,8,0.5,4,"cnot_0->1,cross_on_target,features_normal,sim_manual",1.0,/Users/iratimush/xqml-thesis/data/qsvm-traindata-4.csv,/Users/iratimush/xqml-thesis/data/qsvm-testdata-4.csv,40x2,1000x2,x0|x1,y,c6ab35d78e77b1d190dea52a7042c0a85b752b94ea37a8db325523310ecb2dc4,df762f19922720510b6a4c1239f010d677250801b83f88fef2e96d64b8a0769e
3,13,13,1-3-8-10-13-15-17,1,7,0.5,4,"cnot_0->1,cross_on_target,features_normal,sim_manual",1.0,/Users/iratimush/xqml-thesis/data/qsvm-traindata-4.csv,/Users/iratimush/xqml-thesis/data/qsvm-testdata-4.csv,40x2,1000x2,x0|x1,y,c6ab35d78e77b1d190dea52a7042c0a85b752b94ea37a8db325523310ecb2dc4,df762f19922720510b6a4c1239f010d677250801b83f88fef2e96d64b8a0769e
3,13-20,13-20,1-3-8-10-13-15-17-20,2,8,0.522,4,"cnot_0->1,cross_on_target,features_normal,sim_manual",1.0,/Users/iratimush/xqml-thesis/data/qsvm-traindata-4.csv,/Users/iratimush/xqml-thesis/data/qsvm-testdata-4.csv,40x2,1000x2,x0|x1,y,c6ab35d78e77b1d190dea52a7042c0a85b752b94ea37a8db325523310ecb2dc4,df762f19922720510b6a4c1239f010d677250801b83f88fef2e96d64b8a0769e
3,14,14,1-3-8-10-14-15-17,1,7,0.5,4,"cnot_0->1,cross_on_target,features_normal,sim_manual",1.0,/Users/iratimush/xqml-thesis/data/qsvm-traindata-4.csv,/Users/iratimush/xqml-thesis/data/qsvm-testdata-4.csv,40x2,1000x2,x0|x1,y,c6ab35d78e77b1d190dea52a7042c0a85b752b94ea37a8db325523310ecb2dc4,df762f19922720510b6a4c1239f010d677250801b83f88fef2e96d64b8a0769e
3,14-19,14-19,1-3-8-10-14-15-17-19,2,8,0.5,4,"cnot_0->1,cross_on_target,features_normal,sim_manual",1.0,/Users/iratimush/xqml-thesis/data/qsvm-traindata-4.csv,/Users/iratimush/xqml-thesis/data/qsvm-testdata-4.csv,40x2,1000x2,x0|x1,y,c6ab35d78e77b1d190dea52a7042c0a85b752b94ea37a8db325523310ecb2dc4,df762f19922720510b6a4c1239f010d677250801b83f88fef2e96d64b8a0769e
3,14-19-21,14-19-21,1-3-8-10-14-15-17-19-21,3,9,0.5,4,"cnot_0->1,cross_on_target,features_normal,sim_manual",1.0,/Users/iratimush/xqml-thesis/data/qsvm-traindata-4.csv,/Users/iratimush/xqml-thesis/data/qsvm-testdata-4.csv,40x2,1000x2,x0|x1,y,c6ab35d78e77b1d190dea52a7042c0a85b752b94ea37a8db325523310ecb2dc4,df762f19922720510b6a4c1239f010d677250801b83f88fef2e96d64b8a0769e
3,14-21,14-21,1-3-8-10-14-15-17-21,2,8,0.5,4,"cnot_0->1,cross_on_target,features_normal,sim_manual",1.0,/Users/iratimush/xqml-thesis/data/qsvm-traindata-4.csv,/Users/iratimush/xqml-thesis/data/qsvm-testdata-4.csv,40x2,1000x2,x0|x1,y,c6ab35d78e77b1d190dea52a7042c0a85b752b94ea37a8db325523310ecb2dc4,df762f19922720510b6a4c1239f010d677250801b83f88fef2e96d64b8a0769e
3,16,16,1-3-8-10-15-16-17,1,7,0.581,4,"cnot_0->1,cross_on_target,features_normal,sim_manual",1.0,/Users/iratimush/xqml-thesis/data/qsvm-traindata-4.csv,/Users/iratimush/xqml-thesis/data/qsvm-testdata-4.csv,40x2,1000x2,x0|x1,y,c6ab35d78e77b1d190dea52a7042c0a85b752b94ea37a8db325523310ecb2dc4,df762f19922720510b6a4c1239f010d677250801b83f88fef2e96d64b8a0769e
3,16-18,16-18,1-3-8-10-15-16-17-18,2,8,0.559,4,"cnot_0->1,cross_on_target,features_normal,sim_manual",1.0,/Users/iratimush/xqml-thesis/data/qsvm-traindata-4.csv,/Users/iratimush/xqml-thesis/data/qsvm-testdata-4.csv,40x2,1000x2,x0|x1,y,c6ab35d78e77b1d190dea52a7042c0a85b752b94ea37a8db325523310ecb2dc4,df762f19922720510b6a4c1239f010d677250801b83f88fef2e96d64b8a0769e
3,18,18,1-3-8-10-15-17-18,1,7,0.57,4,"cnot_0->1,cross_on_target,features_normal,sim_manual",1.0,/Users/iratimush/xqml-thesis/data/qsvm-traindata-4.csv,/Users/iratimush/xqml-thesis/data/qsvm-testdata-4.csv,40x2,1000x2,x0|x1,y,c6ab35d78e77b1d190dea52a7042c0a85b752b94ea37a8db325523310ecb2dc4,df762f19922720510b6a4c1239f010d677250801b83f88fef2e96d64b8a0769e
3,19,19,1-3-8-10-15-17-19,1,7,0.5,4,"cnot_0->1,cross_on_target,features_normal,sim_manual",1.0,/Users/iratimush/xqml-thesis/data/qsvm-traindata-4.csv,/Users/iratimush/xqml-thesis/data/qsvm-testdata-4.csv,40x2,1000x2,x0|x1,y,c6ab35d78e77b1d190dea52a7042c0a85b752b94ea37a8db325523310ecb2dc4,df762f19922720510b6a4c1239f010d677250801b83f88fef2e96d64b8a0769e
3,19-21,19-21,1-3-8-10-15-17-19-21,2,8,0.5,4,"cnot_0->1,cross_on_target,features_normal,sim_manual",1.0,/Users/iratimush/xqml-thesis/data/qsvm-traindata-4.csv,/Users/iratimush/xqml-thesis/data/qsvm-testdata-4.csv,40x2,1000x2,x0|x1,y,c6ab35d78e77b1d190dea52a7042c0a85b752b94ea37a8db325523310ecb2dc4,df762f19922720510b6a4c1239f010d677250801b83f88fef2e96d64b8a0769e
3,20,20,1-3-8-10-15-17-20,1,7,0.522,4,"cnot_0->1,cross_on_target,features_normal,sim_manual",1.0,/Users/iratimush/xqml-thesis/data/qsvm-traindata-4.csv,/Users/iratimush/xqml-thesis/data/qsvm-testdata-4.csv,40x2,1000x2,x0|x1,y,c6ab35d78e77b1d190dea52a7042c0a85b752b94ea37a8db325523310ecb2dc4,df762f19922720510b6a4c1239f010d677250801b83f88fef2e96d64b8a0769e
3,21,21,1-3-8-10-15-17-21,1,7,0.5,4,"cnot_0->1,cross_on_target,features_normal,sim_manual",1.0,/Users/iratimush/xqml-thesis/data/qsvm-traindata-4.csv,/Users/iratimush/xqml-thesis/data/qsvm-testdata-4.csv,40x2,1000x2,x0|x1,y,c6ab35d78e77b1d190dea52a7042c0a85b752b94ea37a8db325523310ecb2dc4,df762f19922720510b6a4c1239f010d677250801b83f88fef2e96d64b8a0769e
