r,coalition_key,active_gate_indices,included_gate_indices_total,n_active_gates,n_total_gates,value_accuracy,data_index,convention,svc_c,train_path,test_path,train_shape,test_shape,feature_columns,label_column,train_sha256,test_sha256
3,2-4-5-6-7-9-11-12-13-14-16-18-19-20-21,2-4-5-6-7-9-11-12-13-14-16-18-19-20-21,1-2-3-4-5-6-7-8-9-10-11-12-13-14-15-16-17-18-19-20-21,15,21,0.925,2,"cnot_0->1,cross_on_target,features_normal,sim_manual",1.0,data/qsvm-traindata-2.csv,data/qsvm-testdata-2.csv,40x2,1000x2,x0|x1,y,486285e43db7df1ddc8e7cc28aa1f96db473c130a853275dad66f4f6f75afefe,601996c04b89d2183367caeaabe6d4ca54dca466af96d04a702271f964ec3c21
3,empty,,1-3-8-10-15-17,0,6,0.5,2,"cnot_0->1,cross_on_target,features_normal,sim_manual",1.0,data/qsvm-traindata-2.csv,data/qsvm-testdata-2.csv,40x2,1000x2,x0|x1,y,486285e43db7df1ddc8e7cc28aa1f96db473c130a853275dad66f4f6f75afefe,601996c04b89d2183367caeaabe6d4ca54dca466af96d04a702271f964ec3c21
3,2,2,1-2-3-8-10-15-17,1,7,0.451,2,"cnot_0->1,cross_on_target,features_normal,sim_manual",1.0,data/qsvm-traindata-2.csv,data/qsvm-testdata-2.csv,40x2,1000x2,x0|x1,y,486285e43db7df1ddc8e7cc28aa1f96db473c130a853275dad66f4f6f75afefe,601996c04b89d2183367caeaabe6d4ca54dca466af96d04a702271f964ec3c21
3,2-4,2-4,1-2-3-4-8-10-15-17,2,8,0.605,2,"cnot_0->1,cross_on_target,features_normal,sim_manual",1.0,data/qsvm-traindata-2.csv,data/qsvm-testdata-2.csv,40x2,1000x2,x0|x1,y,486285e43db7df1ddc8e7cc28aa1f96db473c130a853275dad66f4f6f75afefe,601996c04b89d2183367caeaabe6d4ca54dca466af96d04a702271f964ec3c21
3,2-4-5-6-7-9-11-12-13-14-16-18-19-20,2-4-5-6-7-9-11-12-13-14-16-18-19-20,1-2-3-4-5-6-7-8-9-10-11-12-13-14-15-16-17-18-19-20,14,20,0.925,2,"cnot_0->1,cross_on_target,features_normal,sim_manual",1.0,data/qsvm-traindata-2.csv,data/qsvm-testdata-2.csv,40x2,1000x2,x0|x1,y,486285e43db7df1ddc8e7cc28aa1f96db473c130a853275dad66f4f6f75afefe,601996c04b89d2183367caeaabe6d4ca54dca466af96d04a702271f964ec3c21
3,2-4-5-6-7-9-11-12-13-14-16-18-19-21,2-4-5-6-7-9-11-12-13-14-16-18-19-21,1-2-3-4-5-6-7-8-9-10-11-12-13-14-15-16-17-18-19-21,14,20,0.914,2,"cnot_0->1,cross_on_target,features_normal,sim_manual",1.0,data/qsvm-traindata-2.csv,data/qsvm-testdata-2.csv,40x2,1000x2,x0|x1,y,486285e43db7df1ddc8e7cc28aa1f96db473c130a853275dad66f4f6f75afefe,601996c04b89d2183367caeaabe6d4ca54dca466af96d04a702271f964ec3c21
3,2-4-5-6-7-9-11-12-13-14-16-18-20,2-4-5-6-7-9-11-12-13-14-16-18-20,1-2-3-4-5-6-7-8-9-10-11-12-13-14-15-16-17-18-20,13,19,0.861,2,"cnot_0->1,cross_on_target,features_normal,sim_manual",1.0,data/qsvm-traindata-2.csv,data/qsvm-testdata-2.csv,40x2,1000x2,x0|x1,y,486285e43db7df1ddc8e7cc28aa1f96db473c130a853275dad66f4f6f75afefe,601996c04b89d2183367caeaabe6d4ca54dca466af96d04a702271f964ec3c21
3,2-4-5-6-7-9-11-12-13-14-16-18-20-21,2-4-5-6-7-9-11-12-13-14-16-18-20-21,1-2-3-4-5-6-7-8-9-10-11-12-13-14-15-16-17-18-20-21,14,20,0.861,2,"cnot_0->1,cross_on_target,features_normal,sim_manual",1.0,data/qsvm-traindata-2.csv,data/qsvm-testdata-2.csv,40x2,1000x2,x0|x1,y,486285e43db7df1ddc8e7cc28aa1f96db473c130a853275dad66f4f6f75afefe,601996c04b89d2183367caeaabe6d4ca54dca466af96d04a702271f964ec3c21
3,2-4-5-6-7-9-11-12-13-14-16-19-20-21,2-4-5-6-7-9-11-12-13-14-16-19-20-21,1-2-3-4-5-6-7-8-9-10-11-12-13-14-15-16-17-19-20-21,14,20,0.862,2,"cnot_0->1,cross_on_target,features_normal,sim_manual",1.0,data/qsvm-traindata-2.csv,data/qsvm-testdata-2.csv,40x2,1000x2,x0|x1,y,486285e43db7df1ddc8e7cc28aa1f96db473c130a853275dad66f4f6f75afefe,601996c04b89d2183367caeaabe6d4ca54dca466af96d04a702271f964ec3c21
3,2-4-5-6-7-9-11-12-13-14-18-19-20-21,2-4-5-6-7-9-11-12-13-14-18-19-20-21,1-2-3-4-5-6-7-8-9-10-11-12-13-14-15-17-18-19-20-21,14,20,0.872,2,"cnot_0->1,cross_on_target,features_normal,sim_manual",1.0,data/qsvm-traindata-2.csv,data/qsvm-testdata-2.csv,40x2,1000x2,x0|x1,y,486285e43db7df1ddc8e7cc28aa1f96db473c130a853275dad66f4f6f75afefe,601996c04b89d2183367caeaabe6d4ca54dca466af96d04a702271f964ec3c21
3,2-4-5-6-7-9-11-12-13-14-19-20-21,2-4-5-6-7-9-11-12-13-14-19-20-21,1-2-3-4-5-6-7-8-9-10-11-12-13-14-15-17-19-20-21,13,19,0.86,2,"cnot_0->1,cross_on_target,features_normal,sim_manual",1.0,data/qsvm-traindata-2.csv,data/qsvm-testdata-2.csv,40x2,1000x2,x0|x1,y,486285e43db7df1ddc8e7cc28aa1f96db473c130a853275dad66f4f6f75afefe,601996c04b89d2183367caeaabe6d4ca54dca466af96d04a702271f964ec3c21
3,2-4-5-6-7-9-11-12-13-16-18-19-20,2-4-5-6-7-9-11-12-13-16-18-19-20,1-2-3-4-5-6-7-8-9-10-11-12-13-15-16-17-18-19-20,13,19,0.88,2,"cnot_0->1,cross_on_target,features_normal,sim_manual",1.0,data/qsvm-traindata-2.csv,data/qsvm-testdata-2.csv,40x2,1000x2,x0|x1,y,486285e43db7df1ddc8e7cc28aa1f96db473c130a853275dad66f4f6f75afefe,601996c04b89d2183367caeaabe6d4ca54dca466af96d04a702271f964ec3c21
3,2-4-5-6-7-9-11-12-13-16-18-19-20-21,2-4-5-6-7-9-11-12-13-16-18-19-20-21,1-2-3-4-5-6-7-8-9-10-11-12-13-15-16-17-18-19-20-21,14,20,0.88,2,"cnot_0->1,cross_on_target,features_normal,sim_manual",1.0,data/qsvm-traindata-2.csv,data/qsvm-testdata-2.csv,40x2,1000x2,x0|x1,y,486285e43db7df1ddc8e7cc28aa1f96db473c130a853275dad66f4f6f75afefe,601996c04b89d2183367caeaabe6d4ca54dca466af96d04a702271f964ec3c21
3,2-4-5-6-7-9-11-12-13-16-18-20,2-4-5-6-7-9-11-12-13-16-18-20,1-2-3-4-5-6-7-8-9-10-11-12-13-15-16-17-18-20,12,18,0.879,2,"cnot_0->1,cross_on_target,features_normal,sim_manual",1.0,data/qsvm-traindata-2.csv,data/qsvm-testdata-2.csv,40x2,1000x2,x0|x1,y,486285e43db7df1ddc8e7cc28aa1f96db473c130a853275dad66f4f6f75afefe,601996c04b89d2183367caeaabe6d4ca54dca466af96d04a702271f964ec3c21
3,2-4-5-6-7-9-11-12-13-16-18-20-21,2-4-5-6-7-9-11-12-13-16-18-20-21,1-2-3-4-5-6-7-8-9-10-11-12-13-15-16-17-18-20-21,13,19,0.879,2,"cnot_0->1,cross_on_target,features_normal,sim_manual",1.0,data/qsvm-traindata-2.csv,data/qsvm-testdata-2.csv,40x2,1000x2,x0|x1,y,486285e43db7df1ddc8e7cc28aa1f96db473c130a853275dad66f4f6f75afefe,601996c04b89d2183367caeaabe6d4ca54dca466af96d04a702271f964ec3c21
3,2-4-5-6-7-9-11-12-14-16-18-19-20-21,2-4-5-6-7-9-11-12-14-16-18-19-20-21,1-2-3-4-5-6-7-8-9-10-11-12-14-15-16-17-18-19-20-21,14,20,0.905,2,"cnot_0->1,cross_on_target,features_normal,sim_manual",1.0,data/qsvm-traindata-2.csv,data/qsvm-testdata-2.csv,40x2,1000x2,x0|x1,y,486285e43db7df1ddc8e7cc28aa1f96db473c130a853275dad66f4f6f75afefe,601996c04b89d2183367caeaabe6d4ca54dca466af96d04a702271f964ec3c21
3,2-4-5-6-7-9-11-12-14-16-18-19-21,2-4-5-6-7-9-11-12-14-16-18-19-21,1-2-3-4-5-6-7-8-9-10-11-12-14-15-16-17-18-19-21,13,19,0.869,2,"cnot_0->1,cross_on_target,features_normal,sim_manual",1.0,data/qsvm-traindata-2.csv,data/qsvm-testdata-2.csv,40x2,1000x2,x0|x1,y,486285e43db7df1ddc8e7cc28aa1f96db473c130a853275dad66f4f6f75afefe,601996c04b89d2183367caeaabe6d4ca54dca466af96d04a702271f964ec3c21
3,2-4-5-6-7-9-11-13-14-16-18-19-20,2-4-5-6-7-9-11-13-14-16-18-19-20,1-2-3-4-5-6-7-8-9-10-11-13-14-15-16-17-18-19-20,13,19,0.584,2,"cnot_0->1,cross_on_target,features_normal,sim_manual",1.0,data/qsvm-traindata-2.csv,data/qsvm-testdata-2.csv,40x2,1000x2,x0|x1,y,486285e43db7df1ddc8e7cc28aa1f96db473c130a853275dad66f4f6f75afefe,601996c04b89d2183367caeaabe6d4ca54dca466af96d04a702271f964ec3c21
3,2-4-5-6-7-9-11-13-14-16-18-19-20-21,2-4-5-6-7-9-11-13-14-16-18-19-20-21,1-2-3-4-5-6-7-8-9-10-11-13-14-15-16-17-18-19-20-21,14,20,0.584,2,"cnot_0->1,cross_on_target,features_normal,sim_manual",1.0,data/qsvm-traindata-2.csv,data/qsvm-testdata-2.csv,40x2,1000x2,x0|x1,y,486285e43db7df1ddc8e7cc28aa1f96db473c130a853275dad66f4f6f75afefe,601996c04b89d2183367caeaabe6d4ca54dca466af96d04a702271f964ec3c21
3,2-4-5-6-7-9-11-13-14-16-18-20,2-4-5-6-7-9-11-13-14-16-18-20,1-2-3-4-5-6-7-8-9-10-11-13-14-15-16-17-18-20,12,18,0.568,2,"cnot_0->1,cross_on_target,features_normal,sim_manual",1.0,data/qsvm-traindata-2.csv,data/qsvm-testdata-2.csv,40x2,1000x2,x0|x1,y,486285e43db7df1ddc8e7cc28aa1f96db473c130a853275dad66f4f6f75afefe,601996c04b89d2183367caeaabe6d4ca54dca466af96d04a702271f964ec3c21
3,2-4-5-6-7-9-11-13-14-16-18-20-21,2-4-5-6-7-9-11-13-14-16-18-20-21,1-2-3-4-5-6-7-8-9-10-11-13-14-15-16-17-18-20-21,13,19,0.568,2,"cnot_0->1,cross_on_target,features_normal,sim_manual",1.0,data/qsvm-traindata-2.csv,data/qsvm-testdata-2.csv,40x2,1000x2,x0|x1,y,486285e43db7df1ddc8e7cc28aa1f96db473c130a853275dad66f4f6f75afefe,601996c04b89d2183367caeaabe6d4ca54dca466af96d04a702271f964ec3c21
3,2-4-5-6-7-9-11-13-16-18-19-20,2-4-5-6-7-9-11-13-16-18-19-20,1-2-3-4-5-6-7-8-9-10-11-13-15-16-17-18-19-20,12,18,0.673,2,"cnot_0->1,cross_on_target,features_normal,sim_manual",1.0,data/qsvm-traindata-2.csv,data/qsvm-testdata-2.csv,40x2,1000x2,x0|x1,y,486285e43db7df1ddc8e7cc28aa1f96db473c130a853275dad66f4f6f75afefe,601996c04b89d2183367caeaabe6d4ca54dca466af96d04a702271f964ec3c21
3,2-4-5-6-7-9-11-13-16-18-19-20-21,2-4-5-6-7-9-11-13-16-18-19-20-21,1-2-3-4-5-6-7-8-9-10-11-13-15-16-17-18-19-20-21,13,19,0.673,2,"cnot_0->1,cross_on_target,features_normal,sim_manual",1.0,data/qsvm-traindata-2.csv,data/qsvm-testdata-2.csv,40x2,1000x2,x0|x1,y,486285e43db7df1ddc8e7cc28aa1f96db473c130a853275dad66f4f6f75afefe,601996c04b89d2183367caeaabe6d4ca54dca466af96d04a702271f964ec3c21
3,2-4-5-6-7-9-11-13-16-18-20,2-4-5-6-7-9-11-13-16-18-20,1-2-3-4-5-6-7-8-9-10-11-13-15-16-17-18-20,11,17,0.653,2,"cnot_0->1,cross_on_target,features_normal,sim_manual",1.0,data/qsvm-traindata-2.csv,data/qsvm-testdata-2.csv,40x2,1000x2,x0|x1,y,486285e43db7df1ddc8e7cc28aa1f96db473c130a853275dad66f4f6f75afefe,601996c04b89d2183367caeaabe6d4ca54dca466af96d04a702271f964ec3c21
3,2-4-5-6-7-9-11-13-16-18-20-21,2-4-5-6-7-9-11-13-16-18-20-21,1-2-3-4-5-6-7-8-9-10-11-13-15-16-17-18-20-21,12,18,0.653,2,"cnot_0->1,cross_on_target,features_normal,sim_manual",1.0,data/qsvm-traindata-2.csv,data/qsvm-testdata-2.csv,40x2,1000x2,x0|x1,y,486285e43db7df1ddc8e7cc28aa1f96db473c130a853275dad66f4f6f75afefe,601996c04b89d2183367caeaabe6d4ca54dca466af96d04a702271f964ec3c21
3,2-4-5-6-7-9-12-13-14-16-18-19-20-21,2-4-5-6-7-9-12-13-14-16-18-19-20-21,1-2-3-4-5-6-7-8-9-10-12-13-14-15-16-17-18-19-20-21,14,20,0.695,2,"cnot_0->1,cross_on_target,features_normal,sim_manual",1.0,data/qsvm-traindata-2.csv,data/qsvm-testdata-2.csv,40x2,1000x2,x0|x1,y,486285e43db7df1ddc8e7cc28aa1f96db473c130a853275dad66f4f6f75afefe,601996c04b89d2183367caeaabe6d4ca54dca466af96d04a702271f964ec3c21
3,2-4-5-6-7-9-12-13-14-16-19-20-21,2-4-5-6-7-9-12-13-14-16-19-20-21,1-2-3-4-5-6-7-8-9-10-12-13-14-15-16-17-19-20-21,13,19,0.72,2,"cnot_0->1,cross_on_target,features_normal,sim_manual",1.0,data/qsvm-traindata-2.csv,data/qsvm-testdata-2.csv,40x2,1000x2,x0|x1,y,486285e43db7df1ddc8e7cc28aa1f96db473c130a853275dad66f4f6f75afefe,601996c04b89d2183367caeaabe6d4ca54dca466af96d04a702271f964ec3c21
3,2-4-5-6-7-9-12-13-14-18-19-20-21,2-4-5-6-7-9-12-13-14-18-19-20-21,1-2-3-4-5-6-7-8-9-10-12-13-14-15-17-18-19-20-21,13,19,0.609,2,"cnot_0->1,cross_on_target,features_normal,sim_manual",1.0,data/qsvm-traindata-2.csv,data/qsvm-testdata-2.csv,40x2,1000x2,x0|x1,y,486285e43db7df1ddc8e7cc28aa1f96db473c130a853275dad66f4f6f75afefe,601996c04b89d2183367caeaabe6d4ca54dca466af96d04a702271f964ec3c21
3,2-4-5-6-7-9-12-13-14-19-20-21,2-4-5-6-7-9-12-13-14-19-20-21,1-2-3-4-5-6-7-8-9-10-12-13-14-15-17-19-20-21,12,18,0.703,2,"cnot_0->1,cross_on_target,features_normal,sim_manual",1.0,data/qsvm-traindata-2.csv,data/qsvm-testdata-2.csv,40x2,1000x2,x0|x1,y,486285e43db7df1ddc8e7cc28aa1f96db473c130a853275dad66f4f6f75afefe,601996c04b89d2183367caeaabe6d4ca54dca466af96d04a702271f964ec3c21
3,2-4-5-6-7-11-12-13-14-16-18-19-20-21,2-4-5-6-7-11-12-13-14-16-18-19-20-21,1-2-3-4-5-6-7-8-10-11-12-13-14-15-16-17-18-19-20-21,14,20,0.772,2,"cnot_0->1,cross_on_target,features_normal,sim_manual",1.0,data/qsvm-traindata-2.csv,data/qsvm-testdata-2.csv,40x2,1000x2,x0|x1,y,486285e43db7df1ddc8e7cc28aa1f96db473c130a853275dad66f4f6f75afefe,601996c04b89d2183367caeaabe6d4ca54dca466af96d04a702271f964ec3c21
3,2-4-5-6-7-11-12-13-14-16-19-20-21,2-4-5-6-7-11-12-13-14-16-19-20-21,1-2-3-4-5-6-7-8-10-11-12-13-14-15-16-17-19-20-21,13,19,0.724,2,"cnot_0->1,cross_on_target,features_normal,sim_manual",1.0,data/qsvm-traindata-2.csv,data/qsvm-testdata-2.csv,40x2,1000x2,x0|x1,y,486285e43db7df1ddc8e7cc28aa1f96db473c130a853275dad66f4f6f75afefe,601996c04b89d2183367caeaabe6d4ca54dca466af96d04a702271f964ec3c21
3,2-4-5-6-7-11-12-13-14-18-19-20-21,2-4-5-6-7-11-12-13-14-18-19-20-21,1-2-3-4-5-6-7-8-10-11-12-13-14-15-17-18-19-20-21,13,19,0.764,2,"cnot_0->1,cross_on_target,features_normal,sim_manual",1.0,data/qsvm-traindata-2.csv,data/qsvm-testdata-2.csv,40x2,1000x2,x0|x1,y,486285e43db7df1ddc8e7cc28aa1f96db473c130a853275dad66f4f6f75afefe,601996c04b89d2183367caeaabe6d4ca54dca466af96d04a702271f964ec3c21
3,2-4-5-6-7-11-12-13-14-19-20-21,2-4-5-6-7-11-12-13-14-19-20-21,1-2-3-4-5-6-7-8-10-11-12-13-14-15-17-19-20-21,12,18,0.692,2,"cnot_0->1,cross_on_target,features_normal,sim_manual",1.0,data/qsvm-traindata-2.csv,data/qsvm-testdata-2.csv,40x2,1000x2,x0|x1,y,486285e43db7df1ddc8e7cc28aa1f96db473c130a853275dad66f4f6f75afefe,601996c04b89d2183367caeaabe6d4ca54dca466af96d04a702271f964ec3c21
3,2-4-5-6-7-12-13-14-16-18-19-20-21,2-4-5-6-7-12-13-14-16-18-19-20-21,1-2-3-4-5-6-7-8-10-12-13-14-15-16-17-18-19-20-21,13,19,0.592,2,"cnot_0->1,cross_on_target,features_normal,sim_manual",1.0,data/qsvm-traindata-2.csv,data/qsvm-testdata-2.csv,40x2,1000x2,x0|x1,y,486285e43db7df1ddc8e7cc28aa1f96db473c130a853275dad66f4f6f75afefe,601996c04b89d2183367caeaabe6d4ca54dca466af96d04a702271f964ec3c21
3,2-4-5-6-7-12-13-14-16-19-20-21,2-4-5-6-7-12-13-14-16-19-20-21,1-2-3-4-5-6-7-8-10-12-13-14-15-16-17-19-20-21,12,18,0.632,2,"cnot_0->1,cross_on_target,features_normal,sim_manual",1.0,data/qsvm-traindata-2.csv,data/qsvm-testdata-2.csv,40x2,1000x2,x0|x1,y,486285e43db7df1ddc8e7cc28aa1f96db473c130a853275dad66f4f6f75afefe,601996c04b89d2183367caeaabe6d4ca54dca466af96d04a702271f964ec3c21
3,2-4-5-6-7-12-13-14-18-19-20-21,2-4-5-6-7-12-13-14-18-19-20-21,1-2-3-4-5-6-7-8-10-12-13-14-15-17-18-19-20-21,12,18,0.591,2,"cnot_0->1,cross_on_target,features_normal,sim_manual",1.0,data/qsvm-traindata-2.csv,data/qsvm-testdata-2.csv,40x2,1000x2,x0|x1,y,486285e43db7df1ddc8e7cc28aa1f96db473c130a853275dad66f4f6f75afefe,601996c04b89d2183367caeaabe6d4ca54dca466af96d04a702271f964ec3c21
3,2-4-5-6-7-12-13-14-19-20-21,2-4-5-6-7-12-13-14-19-20-21,1-2-3-4-5-6-7-8-10-12-13-14-15-17-19-20-21,11,17,0.575,2,"cnot_0->1,cross_on_target,features_normal,sim_manual",1.0,data/qsvm-traindata-2.csv,data/qsvm-testdata-2.csv,40x2,1000x2,x0|x1,y,486285e43db7df1ddc8e7cc28aa1f96db473c130a853275dad66f4f6f75afefe,601996c04b89d2183367caeaabe6d4ca54dca466af96d04a702271f964ec3c21
3,2-4-5-6-9-11-12-13-14-16-18-19-20,2-4-5-6-9-11-12-13-14-16-18-19-20,1-2-3-4-5-6-8-9-10-11-12-13-14-15-16-17-18-19-20,13,19,0.668,2,"cnot_0->1,cross_on_target,features_normal,sim_manual",1.0,data/qsvm-traindata-2.csv,data/qsvm-testdata-2.csv,40x2,1000x2,x0|x1,y,486285e43db7df1ddc8e7cc28aa1f96db473c130a853275dad66f4f6f75afefe,601996c04b89d2183367caeaabe6d4ca54dca466af96d04a702271f964ec3c21
3,2-4-5-6-9-11-12-13-14-16-18-19-20-21,2-4-5-6-9-11-12-13-14-16-18-19-20-21,1-2-3-4-5-6-8-9-10-11-12-13-14-15-16-17-18-19-20-21,14,20,0.668,2,"cnot_0->1,cross_on_target,features_normal,sim_manual",1.0,data/qsvm-traindata-2.csv,data/qsvm-testdata-2.csv,40x2,1000x2,x0|x1,y,486285e43db7df1ddc8e7cc28aa1f96db473c130a853275dad66f4f6f75afefe,601996c04b89d2183367caeaabe6d4ca54dca466af96d04a702271f964ec3c21
3,2-4-5-6-9-11-12-13-14-16-18-20,2-4-5-6-9-11-12-13-14-16-18-20,1-2-3-4-5-6-8-9-10-11-12-13-14-15-16-17-18-20,12,18,0.595,2,"cnot_0->1,cross_on_target,features_normal,sim_manual",1.0,data/qsvm-traindata-2.csv,data/qsvm-testdata-2.csv,40x2,1000x2,x0|x1,y,486285e43db7df1ddc8e7cc28aa1f96db473c130a853275dad66f4f6f75afefe,601996c04b89d2183367caeaabe6d4ca54dca466af96d04a702271f964ec3c21
3,2-4-5-6-9-11-12-13-14-16-18-20-21,2-4-5-6-9-11-12-13-14-16-18-20-21,1-2-3-4-5-6-8-9-10-11-12-13-14-15-16-17-18-20-21,13,19,0.595,2,"cnot_0->1,cross_on_target,features_normal,sim_manual",1.0,data/qsvm-traindata-2.csv,data/qsvm-testdata-2.csv,40x2,1000x2,x0|x1,y,486285e43db7df1ddc8e7cc28aa1f96db473c130a853275dad66f4f6f75afefe,601996c04b89d2183367caeaabe6d4ca54dca466af96d04a702271f964ec3c21
3,2-4-5-6-9-11-12-13-16-18-19-20,2-4-5-6-9-11-12-13-16-18-19-20,1-2-3-4-5-6-8-9-10-11-12-13-15-16-17-18-19-20,12,18,0.844,2,"cnot_0->1,cross_on_target,features_normal,sim_manual",1.0,data/qsvm-traindata-2.csv,data/qsvm-testdata-2.csv,40x2,1000x2,x0|x1,y,486285e43db7df1ddc8e7cc28aa1f96db473c130a853275dad66f4f6f75afefe,601996c04b89d2183367caeaabe6d4ca54dca466af96d04a702271f964ec3c21
3,2-4-5-6-9-11-12-13-16-18-19-20-21,2-4-5-6-9-11-12-13-16-18-19-20-21,1-2-3-4-5-6-8-9-10-11-12-13-15-16-17-18-19-20-21,13,19,0.844,2,"cnot_0->1,cross_on_target,features_normal,sim_manual",1.0,data/qsvm-traindata-2.csv,data/qsvm-testdata-2.csv,40x2,1000x2,x0|x1,y,486285e43db7df1ddc8e7cc28aa1f96db473c130a853275dad66f4f6f75afefe,601996c04b89d2183367caeaabe6d4ca54dca466af96d04a702271f964ec3c21
3,2-4-5-6-9-11-12-13-16-18-20,2-4-5-6-9-11-12-13-16-18-20,1-2-3-4-5-6-8-9-10-11-12-13-15-16-17-18-20,11,17,0.677,2,"cnot_0->1,cross_on_target,features_normal,sim_manual",1.0,data/qsvm-traindata-2.csv,data/qsvm-testdata-2.csv,40x2,1000x2,x0|x1,y,486285e43db7df1ddc8e7cc28aa1f96db473c130a853275dad66f4f6f75afefe,601996c04b89d2183367caeaabe6d4ca54dca466af96d04a702271f964ec3c21
3,2-4-5-6-9-11-12-13-16-18-20-21,2-4-5-6-9-11-12-13-16-18-20-21,1-2-3-4-5-6-8-9-10-11-12-13-15-16-17-18-20-21,12,18,0.677,2,"cnot_0->1,cross_on_target,features_normal,sim_manual",1.0,data/qsvm-traindata-2.csv,data/qsvm-testdata-2.csv,40x2,1000x2,x0|x1,y,486285e43db7df1ddc8e7cc28aa1f96db473c130a853275dad66f4f6f75afefe,601996c04b89d2183367caeaabe6d4ca54dca466af96d04a702271f964ec3c21
3,2-4-5-6-9-11-13-14-16-18-19-20,2-4-5-6-9-11-13-14-16-18-19-20,1-2-3-4-5-6-8-9-10-11-13-14-15-16-17-18-19-20,12,18,0.707,2,"cnot_0->1,cross_on_target,features_normal,sim_manual",1.0,data/qsvm-traindata-2.csv,data/qsvm-testdata-2.csv,40x2,1000x2,x0|x1,y,486285e43db7df1ddc8e7cc28aa1f96db473c130a853275dad66f4f6f75afefe,601996c04b89d2183367caeaabe6d4ca54dca466af96d04a702271f964ec3c21
3,2-4-5-6-9-11-13-14-16-18-19-20-21,2-4-5-6-9-11-13-14-16-18-19-20-21,1-2-3-4-5-6-8-9-10-11-13-14-15-16-17-18-19-20-21,13,19,0.707,2,"cnot_0->1,cross_on_target,features_normal,sim_manual",1.0,data/qsvm-traindata-2.csv,data/qsvm-testdata-2.csv,40x2,1000x2,x0|x1,y,486285e43db7df1ddc8e7cc28aa1f96db473c130a853275dad66f4f6f75afefe,601996c04b89d2183367caeaabe6d4ca54dca466af96d04a702271f964ec3c21
3,2-4-5-6-9-11-13-14-16-18-20,2-4-5-6-9-11-13-14-16-18-20,1-2-3-4-5-6-8-9-10-11-13-14-15-16-17-18-20,11,17,0.694,2,"cnot_0->1,cross_on_target,features_normal,sim_manual",1.0,data/qsvm-traindata-2.csv,data/qsvm-testdata-2.csv,40x2,1000x2,x0|x1,y,486285e43db7df1ddc8e7cc28aa1f96db473c130a853275dad66f4f6f75afefe,601996c04b89d2183367caeaabe6d4ca54dca466af96d04a702271f964ec3c21
3,2-4-5-6-9-11-13-14-16-18-20-21,2-4-5-6-9-11-13-14-16-18-20-21,1-2-3-4-5-6-8-9-10-11-13-14-15-16-17-18-20-21,12,18,0.694,2,"cnot_0->1,cross_on_target,features_normal,sim_manual",1.0,data/qsvm-traindata-2.csv,data/qsvm-testdata-2.csv,40x2,1000x2,x0|x1,y,486285e43db7df1ddc8e7cc28aa1f96db473c130a853275dad66f4f6f75afefe,601996c04b89d2183367caeaabe6d4ca54dca466af96d04a702271f964ec3c21
3,2-4-5-6-9-11-13-16-18-19-20,2-4-5-6-9-11-13-16-18-19-20,1-2-3-4-5-6-8-9-10-11-13-15-16-17-18-19-20,11,17,0.665,2,"cnot_0->1,cross_on_target,features_normal,sim_manual",1.0,data/qsvm-traindata-2.csv,data/qsvm-testdata-2.csv,40x2,1000x2,x0|x1,y,486285e43db7df1ddc8e7cc28aa1f96db473c130a853275dad66f4f6f75afefe,601996c04b89d2183367caeaabe6d4ca54dca466af96d04a702271f964ec3c21
3,2-4-5-6-9-11-13-16-18-19-20-21,2-4-5-6-9-11-13-16-18-19-20-21,1-2-3-4-5-6-8-9-10-11-13-15-16-17-18-19-20-21,12,18,0.665,2,"cnot_0->1,cross_on_target,features_normal,sim_manual",1.0,data/qsvm-traindata-2.csv,data/qsvm-testdata-2.csv,40x2,1000x2,x0|x1,y,486285e43db7df1ddc8e7cc28aa1f96db473c130a853275dad66f4f6f75afefe,601996c04b89d2183367caeaabe6d4ca54dca466af96d04a702271f964ec3c21
3,2-4-5-6-9-11-13-16-18-20,2-4-5-6-9-11-13-16-18-20,1-2-3-4-5-6-8-9-10-11-13-15-16-17-18-20,10,16,0.727,2,"cnot_0->1,cross_on_target,features_normal,sim_manual",1.0,data/qsvm-traindata-2.csv,data/qsvm-testdata-2.csv,40x2,1000x2,x0|x1,y,486285e43db7df1ddc8e7cc28aa1f96db473c130a853275dad66f4f6f75afefe,601996c04b89d2183367caeaabe6d4ca54dca466af96d04a702271f964ec3c21
3,2-4-5-6-9-11-13-16-18-20-21,2-4-5-6-9-11-13-16-18-20-21,1-2-3-4-5-6-8-9-10-11-13-15-16-17-18-20-21,11,17,0.727,2,"cnot_0->1,cross_on_target,features_normal,sim_manual",1.0,data/qsvm-traindata-2.csv,data/qsvm-testdata-2.csv,40x2,1000x2,x0|x1,y,486285e43db7df1ddc8e7cc28aa1f96db473c130a853275dad66f4f6f75afefe,601996c04b89d2183367caeaabe6d4ca54dca466af96d04a702271f964ec3c21
3,2-4-5-7-9-11-12-13-14-16-18-19-20-21,2-4-5-7-9-11-12-13-14-16-18-19-20-21,1-2-3-4-5-7-8-9-10-11-12-13-14-15-16-17-18-19-20-21,14,20,0.696,2,"cnot_0->1,cross_on_target,features_normal,sim_manual",1.0,data/qsvm-traindata-2.csv,data/qsvm-testdata-2.csv,40x2,1000x2,x0|x1,y,486285e43db7df1ddc8e7cc28aa1f96db473c130a853275dad66f4f6f75afefe,601996c04b89d2183367caeaabe6d4ca54dca466af96d04a702271f964ec3c21
3,2-4-5-7-9-11-12-13-14-16-18-19-21,2-4-5-7-9-11-12-13-14-16-18-19-21,1-2-3-4-5-7-8-9-10-11-12-13-14-15-16-17-18-19-21,13,19,0.754,2,"cnot_0->1,cross_on_target,features_normal,sim_manual",1.0,data/qsvm-traindata-2.csv,data/qsvm-testdata-2.csv,40x2,1000x2,x0|x1,y,486285e43db7df1ddc8e7cc28aa1f96db473c130a853275dad66f4f6f75afefe,601996c04b89d2183367caeaabe6d4ca54dca466af96d04a702271f964ec3c21
3,2-4-5-7-9-11-12-14-16-18,2-4-5-7-9-11-12-14-16-18,1-2-3-4-5-7-8-9-10-11-12-14-15-16-17-18,10,16,0.722,2,"cnot_0->1,cross_on_target,features_normal,sim_manual",1.0,data/qsvm-traindata-2.csv,data/qsvm-testdata-2.csv,40x2,1000x2,x0|x1,y,486285e43db7df1ddc8e7cc28aa1f96db473c130a853275dad66f4f6f75afefe,601996c04b89d2183367caeaabe6d4ca54dca466af96d04a702271f964ec3c21
3,2-4-5-7-9-11-12-14-16-18-19,2-4-5-7-9-11-12-14-16-18-19,1-2-3-4-5-7-8-9-10-11-12-14-15-16-17-18-19,11,17,0.722,2,"cnot_0->1,cross_on_target,features_normal,sim_manual",1.0,data/qsvm-traindata-2.csv,data/qsvm-testdata-2.csv,40x2,1000x2,x0|x1,y,486285e43db7df1ddc8e7cc28aa1f96db473c130a853275dad66f4f6f75afefe,601996c04b89d2183367caeaabe6d4ca54dca466af96d04a702271f964ec3c21
3,2-4-5-7-9-11-12-14-16-18-19-20-21,2-4-5-7-9-11-12-14-16-18-19-20-21,1-2-3-4-5-7-8-9-10-11-12-14-15-16-17-18-19-20-21,13,19,0.721,2,"cnot_0->1,cross_on_target,features_normal,sim_manual",1.0,data/qsvm-traindata-2.csv,data/qsvm-testdata-2.csv,40x2,1000x2,x0|x1,y,486285e43db7df1ddc8e7cc28aa1f96db473c130a853275dad66f4f6f75afefe,601996c04b89d2183367caeaabe6d4ca54dca466af96d04a702271f964ec3c21
3,2-4-5-7-9-11-12-14-16-18-19-21,2-4-5-7-9-11-12-14-16-18-19-21,1-2-3-4-5-7-8-9-10-11-12-14-15-16-17-18-19-21,12,18,0.722,2,"cnot_0->1,cross_on_target,features_normal,sim_manual",1.0,data/qsvm-traindata-2.csv,data/qsvm-testdata-2.csv,40x2,1000x2,x0|x1,y,486285e43db7df1ddc8e7cc28aa1f96db473c130a853275dad66f4f6f75afefe,601996c04b89d2183367caeaabe6d4ca54dca466af96d04a702271f964ec3c21
3,2-4-5-7-9-11-12-14-16-18-21,2-4-5-7-9-11-12-14-16-18-21,1-2-3-4-5-7-8-9-10-11-12-14-15-16-17-18-21,11,17,0.722,2,"cnot_0->1,cross_on_target,features_normal,sim_manual",1.0,data/qsvm-traindata-2.csv,data/qsvm-testdata-2.csv,40x2,1000x2,x0|x1,y,486285e43db7df1ddc8e7cc28aa1f96db473c130a853275dad66f4f6f75afefe,601996c04b89d2183367caeaabe6d4ca54dca466af96d04a702271f964ec3c21
3,2-4-5-7-9-11-12-14-16-19-21,2-4-5-7-9-11-12-14-16-19-21,1-2-3-4-5-7-8-9-10-11-12-14-15-16-17-19-21,11,17,0.739,2,"cnot_0->1,cross_on_target,features_normal,sim_manual",1.0,data/qsvm-traindata-2.csv,data/qsvm-testdata-2.csv,40x2,1000x2,x0|x1,y,486285e43db7df1ddc8e7cc28aa1f96db473c130a853275dad66f4f6f75afefe,601996c04b89d2183367caeaabe6d4ca54dca466af96d04a702271f964ec3c21
3,2-4-5-7-9-11-12-14-18-19-21,2-4-5-7-9-11-12-14-18-19-21,1-2-3-4-5-7-8-9-10-11-12-14-15-17-18-19-21,11,17,0.707,2,"cnot_0->1,cross_on_target,features_normal,sim_manual",1.0,data/qsvm-traindata-2.csv,data/qsvm-testdata-2.csv,40x2,1000x2,x0|x1,y,486285e43db7df1ddc8e7cc28aa1f96db473c130a853275dad66f4f6f75afefe,601996c04b89d2183367caeaabe6d4ca54dca466af96d04a702271f964ec3c21
3,2-4-5-7-9-11-12-14-19-21,2-4-5-7-9-11-12-14-19-21,1-2-3-4-5-7-8-9-10-11-12-14-15-17-19-21,10,16,0.7,2,"cnot_0->1,cross_on_target,features_normal,sim_manual",1.0,data/qsvm-traindata-2.csv,data/qsvm-testdata-2.csv,40x2,1000x2,x0|x1,y,486285e43db7df1ddc8e7cc28aa1f96db473c130a853275dad66f4f6f75afefe,601996c04b89d2183367caeaabe6d4ca54dca466af96d04a702271f964ec3c21
3,2-4-5-7-9-11-12-16-18,2-4-5-7-9-11-12-16-18,1-2-3-4-5-7-8-9-10-11-12-15-16-17-18,9,15,0.771,2,"cnot_0->1,cross_on_target,features_normal,sim_manual",1.0,data/qsvm-traindata-2.csv,data/qsvm-testdata-2.csv,40x2,1000x2,x0|x1,y,486285e43db7df1ddc8e7cc28aa1f96db473c130a853275dad66f4f6f75afefe,601996c04b89d2183367caeaabe6d4ca54dca466af96d04a702271f964ec3c21
3,2-4-5-7-9-11-12-16-18-19,2-4-5-7-9-11-12-16-18-19,1-2-3-4-5-7-8-9-10-11-12-15-16-17-18-19,10,16,0.771,2,"cnot_0->1,cross_on_target,features_normal,sim_manual",1.0,data/qsvm-traindata-2.csv,data/qsvm-testdata-2.csv,40x2,1000x2,x0|x1,y,486285e43db7df1ddc8e7cc28aa1f96db473c130a853275dad66f4f6f75afefe,601996c04b89d2183367caeaabe6d4ca54dca466af96d04a702271f964ec3c21
3,2-4-5-7-9-11-12-16-18-19-21,2-4-5-7-9-11-12-16-18-19-21,1-2-3-4-5-7-8-9-10-11-12-15-16-17-18-19-21,11,17,0.771,2,"cnot_0->1,cross_on_target,features_normal,sim_manual",1.0,data/qsvm-traindata-2.csv,data/qsvm-testdata-2.csv,40x2,1000x2,x0|x1,y,486285e43db7df1ddc8e7cc28aa1f96db473c130a853275dad66f4f6f75afefe,601996c04b89d2183367caeaabe6d4ca54dca466af96d04a702271f964ec3c21
3,2-4-5-7-9-11-12-16-18-21,2-4-5-7-9-11-12-16-18-21,1-2-3-4-5-7-8-9-10-11-12-15-16-17-18-21,10,16,0.771,2,"cnot_0->1,cross_on_target,features_normal,sim_manual",1.0,data/qsvm-traindata-2.csv,data/qsvm-testdata-2.csv,40x2,1000x2,x0|x1,y,486285e43db7df1ddc8e7cc28aa1f96db473c130a853275dad66f4f6f75afefe,601996c04b89d2183367caeaabe6d4ca54dca466af96d04a702271f964ec3c21
3,2-4-5-7-9-11-14-16-18,2-4-5-7-9-11-14-16-18,1-2-3-4-5-7-8-9-10-11-14-15-16-17-18,9,15,0.771,2,"cnot_0->1,cross_on_target,features_normal,sim_manual",1.0,data/qsvm-traindata-2.csv,data/qsvm-testdata-2.csv,40x2,1000x2,x0|x1,y,486285e43db7df1ddc8e7cc28aa1f96db473c130a853275dad66f4f6f75afefe,601996c04b89d2183367caeaabe6d4ca54dca466af96d04a702271f964ec3c21
3,2-4-5-7-9-11-14-16-18-19,2-4-5-7-9-11-14-16-18-19,1-2-3-4-5-7-8-9-10-11-14-15-16-17-18-19,10,16,0.771,2,"cnot_0->1,cross_on_target,features_normal,sim_manual",1.0,data/qsvm-traindata-2.csv,data/qsvm-testdata-2.csv,40x2,1000x2,x0|x1,y,486285e43db7df1ddc8e7cc28aa1f96db473c130a853275dad66f4f6f75afefe,601996c04b89d2183367caeaabe6d4ca54dca466af96d04a702271f964ec3c21
3,2-4-5-7-9-11-14-16-18-19-21,2-4-5-7-9-11-14-16-18-19-21,1-2-3-4-5-7-8-9-10-11-14-15-16-17-18-19-21,11,17,0.771,2,"cnot_0->1,cross_on_target,features_normal,sim_manual",1.0,data/qsvm-traindata-2.csv,data/qsvm-testdata-2.csv,40x2,1000x2,x0|x1,y,486285e43db7df1ddc8e7cc28aa1f96db473c130a853275dad66f4f6f75afefe,601996c04b89d2183367caeaabe6d4ca54dca466af96d04a702271f964ec3c21
3,2-4-5-7-9-11-14-16-18-21,2-4-5-7-9-11-14-16-18-21,1-2-3-4-5-7-8-9-10-11-14-15-16-17-18-21,10,16,0.771,2,"cnot_0->1,cross_on_target,features_normal,sim_manual",1.0,data/qsvm-traindata-2.csv,data/qsvm-testdata-2.csv,40x2,1000x2,x0|x1,y,486285e43db7df1ddc8e7cc28aa1f96db473c130a853275dad66f4f6f75afefe,601996c04b89d2183367caeaabe6d4ca54dca466af96d04a702271f964ec3c21
3,2-4-5-7-9-11-16-18,2-4-5-7-9-11-16-18,1-2-3-4-5-7-8-9-10-11-15-16-17-18,8,14,0.722,2,"cnot_0->1,cross_on_target,features_normal,sim_manual",1.0,data/qsvm-traindata-2.csv,data/qsvm-testdata-2.csv,40x2,1000x2,x0|x1,y,486285e43db7df1ddc8e7cc28aa1f96db473c130a853275dad66f4f6f75afefe,601996c04b89d2183367caeaabe6d4ca54dca466af96d04a702271f964ec3c21
3,2-4-5-7-9-11-16-18-19,2-4-5-7-9-11-16-18-19,1-2-3-4-5-7-8-9-10-11-15-16-17-18-19,9,15,0.722,2,"cnot_0->1,cross_on_target,features_normal,sim_manual",1.0,data/qsvm-traindata-2.csv,data/qsvm-testdata-2.csv,40x2,1000x2,x0|x1,y,486285e43db7df1ddc8e7cc28aa1f96db473c130a853275dad66f4f6f75afefe,601996c04b89d2183367caeaabe6d4ca54dca466af96d04a702271f964ec3c21
3,2-4-5-7-9-11-16-18-19-21,2-4-5-7-9-11-16-18-19-21,1-2-3-4-5-7-8-9-10-11-15-16-17-18-19-21,10,16,0.722,2,"cnot_0->1,cross_on_target,features_normal,sim_manual",1.0,data/qsvm-traindata-2.csv,data/qsvm-testdata-2.csv,40x2,1000x2,x0|x1,y,486285e43db7df1ddc8e7cc28aa1f96db473c130a853275dad66f4f6f75afefe,601996c04b89d2183367caeaabe6d4ca54dca466af96d04a702271f964ec3c21
3,2-4-5-7-9-11-16-18-21,2-4-5-7-9-11-16-18-21,1-2-3-4-5-7-8-9-10-11-15-16-17-18-21,9,15,0.722,2,"cnot_0->1,cross_on_target,features_normal,sim_manual",1.0,data/qsvm-traindata-2.csv,data/qsvm-testdata-2.csv,40x2,1000x2,x0|x1,y,486285e43db7df1ddc8e7cc28aa1f96db473c130a853275dad66f4f6f75afefe,601996c04b89d2183367caeaabe6d4ca54dca466af96d04a702271f964ec3c21
3,2-4-5-7-9-12-14-16-18-19-21,2-4-5-7-9-12-14-16-18-19-21,1-2-3-4-5-7-8-9-10-12-14-15-16-17-18-19-21,11,17,0.709,2,"cnot_0->1,cross_on_target,features_normal,sim_manual",1.0,data/qsvm-traindata-2.csv,data/qsvm-testdata-2.csv,40x2,1000x2,x0|x1,y,486285e43db7df1ddc8e7cc28aa1f96db473c130a853275dad66f4f6f75afefe,601996c04b89d2183367caeaabe6d4ca54dca466af96d04a702271f964ec3c21
3,2-4-5-7-9-12-14-16-19-21,2-4-5-7-9-12-14-16-19-21,1-2-3-4-5-7-8-9-10-12-14-15-16-17-19-21,10,16,0.665,2,"cnot_0->1,cross_on_target,features_normal,sim_manual",1.0,data/qsvm-traindata-2.csv,data/qsvm-testdata-2.csv,40x2,1000x2,x0|x1,y,486285e43db7df1ddc8e7cc28aa1f96db473c130a853275dad66f4f6f75afefe,601996c04b89d2183367caeaabe6d4ca54dca466af96d04a702271f964ec3c21
3,2-4-5-7-9-12-14-18-19-21,2-4-5-7-9-12-14-18-19-21,1-2-3-4-5-7-8-9-10-12-14-15-17-18-19-21,10,16,0.701,2,"cnot_0->1,cross_on_target,features_normal,sim_manual",1.0,data/qsvm-traindata-2.csv,data/qsvm-testdata-2.csv,40x2,1000x2,x0|x1,y,486285e43db7df1ddc8e7cc28aa1f96db473c130a853275dad66f4f6f75afefe,601996c04b89d2183367caeaabe6d4ca54dca466af96d04a702271f964ec3c21
3,2-4-5-7-9-12-14-19-21,2-4-5-7-9-12-14-19-21,1-2-3-4-5-7-8-9-10-12-14-15-17-19-21,9,15,0.635,2,"cnot_0->1,cross_on_target,features_normal,sim_manual",1.0,data/qsvm-traindata-2.csv,data/qsvm-testdata-2.csv,40x2,1000x2,x0|x1,y,486285e43db7df1ddc8e7cc28aa1f96db473c130a853275dad66f4f6f75afefe,601996c04b89d2183367caeaabe6d4ca54dca466af96d04a702271f964ec3c21
3,2-4-5-7-11-12-14-16-18-19-21,2-4-5-7-11-12-14-16-18-19-21,1-2-3-4-5-7-8-10-11-12-14-15-16-17-18-19-21,11,17,0.695,2,"cnot_0->1,cross_on_target,features_normal,sim_manual",1.0,data/qsvm-traindata-2.csv,data/qsvm-testdata-2.csv,40x2,1000x2,x0|x1,y,486285e43db7df1ddc8e7cc28aa1f96db473c130a853275dad66f4f6f75afefe,601996c04b89d2183367caeaabe6d4ca54dca466af96d04a702271f964ec3c21
3,2-4-5-7-11-12-14-16-19-21,2-4-5-7-11-12-14-16-19-21,1-2-3-4-5-7-8-10-11-12-14-15-16-17-19-21,10,16,0.71,2,"cnot_0->1,cross_on_target,features_normal,sim_manual",1.0,data/qsvm-traindata-2.csv,data/qsvm-testdata-2.csv,40x2,1000x2,x0|x1,y,486285e43db7df1ddc8e7cc28aa1f96db473c130a853275dad66f4f6f75afefe,601996c04b89d2183367caeaabe6d4ca54dca466af96d04a702271f964ec3c21
3,2-4-5-7-11-12-14-18-19-21,2-4-5-7-11-12-14-18-19-21,1-2-3-4-5-7-8-10-11-12-14-15-17-18-19-21,10,16,0.68,2,"cnot_0->1,cross_on_target,features_normal,sim_manual",1.0,data/qsvm-traindata-2.csv,data/qsvm-testdata-2.csv,40x2,1000x2,x0|x1,y,486285e43db7df1ddc8e7cc28aa1f96db473c130a853275dad66f4f6f75afefe,601996c04b89d2183367caeaabe6d4ca54dca466af96d04a702271f964ec3c21
3,2-4-5-7-11-12-14-19-21,2-4-5-7-11-12-14-19-21,1-2-3-4-5-7-8-10-11-12-14-15-17-19-21,9,15,0.666,2,"cnot_0->1,cross_on_target,features_normal,sim_manual",1.0,data/qsvm-traindata-2.csv,data/qsvm-testdata-2.csv,40x2,1000x2,x0|x1,y,486285e43db7df1ddc8e7cc28aa1f96db473c130a853275dad66f4f6f75afefe,601996c04b89d2183367caeaabe6d4ca54dca466af96d04a702271f964ec3c21
3,2-4-5-7-12-14-16-18-19-21,2-4-5-7-12-14-16-18-19-21,1-2-3-4-5-7-8-10-12-14-15-16-17-18-19-21,10,16,0.731,2,"cnot_0->1,cross_on_target,features_normal,sim_manual",1.0,data/qsvm-traindata-2.csv,data/qsvm-testdata-2.csv,40x2,1000x2,x0|x1,y,486285e43db7df1ddc8e7cc28aa1f96db473c130a853275dad66f4f6f75afefe,601996c04b89d2183367caeaabe6d4ca54dca466af96d04a702271f964ec3c21
3,2-4-5-7-12-14-16-19-21,2-4-5-7-12-14-16-19-21,1-2-3-4-5-7-8-10-12-14-15-16-17-19-21,9,15,0.688,2,"cnot_0->1,cross_on_target,features_normal,sim_manual",1.0,data/qsvm-traindata-2.csv,data/qsvm-testdata-2.csv,40x2,1000x2,x0|x1,y,486285e43db7df1ddc8e7cc28aa1f96db473c130a853275dad66f4f6f75afefe,601996c04b89d2183367caeaabe6d4ca54dca466af96d04a702271f964ec3c21
3,2-4-5-7-12-14-18-19-21,2-4-5-7-12-14-18-19-21,1-2-3-4-5-7-8-10-12-14-15-17-18-19-21,9,15,0.68,2,"cnot_0->1,cross_on_target,features_normal,sim_manual",1.0,data/qsvm-traindata-2.csv,data/qsvm-testdata-2.csv,40x2,1000x2,x0|x1,y,486285e43db7df1ddc8e7cc28aa1f96db473c130a853275dad66f4f6f75afefe,601996c04b89d2183367caeaabe6d4ca54dca466af96d04a702271f964ec3c21
3,2-4-5-7-12-14-19-21,2-4-5-7-12-14-19-21,1-2-3-4-5-7-8-10-12-14-15-17-19-21,8,14,0.605,2,"cnot_0->1,cross_on_target,features_normal,sim_manual",1.0,data/qsvm-traindata-2.csv,data/qsvm-testdata-2.csv,40x2,1000x2,x0|x1,y,486285e43db7df1ddc8e7cc28aa1f96db473c130a853275dad66f4f6f75afefe,601996c04b89d2183367caeaabe6d4ca54dca466af96d04a702271f964ec3c21
3,2-4-5-9-11-12-14-16-18,2-4-5-9-11-12-14-16-18,1-2-3-4-5-8-9-10-11-12-14-15-16-17-18,9,15,0.713,2,"cnot_0->1,cross_on_target,features_normal,sim_manual",1.0,data/qsvm-traindata-2.csv,data/qsvm-testdata-2.csv,40x2,1000x2,x0|x1,y,486285e43db7df1ddc8e7cc28aa1f96db473c130a853275dad66f4f6f75afefe,601996c04b89d2183367caeaabe6d4ca54dca466af96d04a702271f964ec3c21
3,2-4-5-9-11-12-14-16-18-19,2-4-5-9-11-12-14-16-18-19,1-2-3-4-5-8-9-10-11-12-14-15-16-17-18-19,10,16,0.713,2,"cnot_0->1,cross_on_target,features_normal,sim_manual",1.0,data/qsvm-traindata-2.csv,data/qsvm-testdata-2.csv,40x2,1000x2,x0|x1,y,486285e43db7df1ddc8e7cc28aa1f96db473c130a853275dad66f4f6f75afefe,601996c04b89d2183367caeaabe6d4ca54dca466af96d04a702271f964ec3c21
3,2-4-5-9-11-12-14-16-18-19-21,2-4-5-9-11-12-14-16-18-19-21,1-2-3-4-5-8-9-10-11-12-14-15-16-17-18-19-21,11,17,0.713,2,"cnot_0->1,cross_on_target,features_normal,sim_manual",1.0,data/qsvm-traindata-2.csv,data/qsvm-testdata-2.csv,40x2,1000x2,x0|x1,y,486285e43db7df1ddc8e7cc28aa1f96db473c130a853275dad66f4f6f75afefe,601996c04b89d2183367caeaabe6d4ca54dca466af96d04a702271f964ec3c21
3,2-4-5-9-11-12-14-16-18-21,2-4-5-9-11-12-14-16-18-21,1-2-3-4-5-8-9-10-11-12-14-15-16-17-18-21,10,16,0.713,2,"cnot_0->1,cross_on_target,features_normal,sim_manual",1.0,data/qsvm-traindata-2.csv,data/qsvm-testdata-2.csv,40x2,1000x2,x0|x1,y,486285e43db7df1ddc8e7cc28aa1f96db473c130a853275dad66f4f6f75afefe,601996c04b89d2183367caeaabe6d4ca54dca466af96d04a702271f964ec3c21
3,2-4-5-9-11-12-16-18,2-4-5-9-11-12-16-18,1-2-3-4-5-8-9-10-11-12-15-16-17-18,8,14,0.703,2,"cnot_0->1,cross_on_target,features_normal,sim_manual",1.0,data/qsvm-traindata-2.csv,data/qsvm-testdata-2.csv,40x2,1000x2,x0|x1,y,486285e43db7df1ddc8e7cc28aa1f96db473c130a853275dad66f4f6f75afefe,601996c04b89d2183367caeaabe6d4ca54dca466af96d04a702271f964ec3c21
3,2-4-5-9-11-12-16-18-19,2-4-5-9-11-12-16-18-19,1-2-3-4-5-8-9-10-11-12-15-16-17-18-19,9,15,0.703,2,"cnot_0->1,cross_on_target,features_normal,sim_manual",1.0,data/qsvm-traindata-2.csv,data/qsvm-testdata-2.csv,40x2,1000x2,x0|x1,y,486285e43db7df1ddc8e7cc28aa1f96db473c130a853275dad66f4f6f75afefe,601996c04b89d2183367caeaabe6d4ca54dca466af96d04a702271f964ec3c21
3,2-4-5-9-11-12-16-18-19-21,2-4-5-9-11-12-16-18-19-21,1-2-3-4-5-8-9-10-11-12-15-16-17-18-19-21,10,16,0.703,2,"cnot_0->1,cross_on_target,features_normal,sim_manual",1.0,data/qsvm-traindata-2.csv,data/qsvm-testdata-2.csv,40x2,1000x2,x0|x1,y,486285e43db7df1ddc8e7cc28aa1f96db473c130a853275dad66f4f6f75afefe,601996c04b89d2183367caeaabe6d4ca54dca466af96d04a702271f964ec3c21
3,2-4-5-9-11-12-16-18-21,2-4-5-9-11-12-16-18-21,1-2-3-4-5-8-9-10-11-12-15-16-17-18-21,9,15,0.703,2,"cnot_0->1,cross_on_target,features_normal,sim_manual",1.0,data/qsvm-traindata-2.csv,data/qsvm-testdata-2.csv,40x2,1000x2,x0|x1,y,486285e43db7df1ddc8e7cc28aa1f96db473c130a853275dad66f4f6f75afefe,601996c04b89d2183367caeaabe6d4ca54dca466af96d04a702271f964ec3c21
3,2-4-5-9-11-14-16-18,2-4-5-9-11-14-16-18,1-2-3-4-5-8-9-10-11-14-15-16-17-18,8,14,0.703,2,"cnot_0->1,cross_on_target,features_normal,sim_manual",1.0,data/qsvm-traindata-2.csv,data/qsvm-testdata-2.csv,40x2,1000x2,x0|x1,y,486285e43db7df1ddc8e7cc28aa1f96db473c130a853275dad66f4f6f75afefe,601996c04b89d2183367caeaabe6d4ca54dca466af96d04a702271f964ec3c21
3,2-4-5-9-11-14-16-18-19,2-4-5-9-11-14-16-18-19,1-2-3-4-5-8-9-10-11-14-15-16-17-18-19,9,15,0.703,2,"cnot_0->1,cross_on_target,features_normal,sim_manual",1.0,data/qsvm-traindata-2.csv,data/qsvm-testdata-2.csv,40x2,1000x2,x0|x1,y,486285e43db7df1ddc8e7cc28aa1f96db473c130a853275dad66f4f6f75afefe,601996c04b89d2183367caeaabe6d4ca54dca466af96d04a702271f964ec3c21
3,2-4-5-9-11-14-16-18-19-21,2-4-5-9-11-14-16-18-19-21,1-2-3-4-5-8-9-10-11-14-15-16-17-18-19-21,10,16,0.703,2,"cnot_0->1,cross_on_target,features_normal,sim_manual",1.0,data/qsvm-traindata-2.csv,data/qsvm-testdata-2.csv,40x2,1000x2,x0|x1,y,486285e43db7df1ddc8e7cc28aa1f96db473c130a853275dad66f4f6f75afefe,601996c04b89d2183367caeaabe6d4ca54dca466af96d04a702271f964ec3c21
3,2-4-5-9-11-14-16-18-21,2-4-5-9-11-14-16-18-21,1-2-3-4-5-8-9-10-11-14-15-16-17-18-21,9,15,0.703,2,"cnot_0->1,cross_on_target,features_normal,sim_manual",1.0,data/qsvm-traindata-2.csv,data/qsvm-testdata-2.csv,40x2,1000x2,x0|x1,y,486285e43db7df1ddc8e7cc28aa1f96db473c130a853275dad66f4f6f75afefe,601996c04b89d2183367caeaabe6d4ca54dca466af96d04a702271f964ec3c21
3,2-4-5-9-11-16-18,2-4-5-9-11-16-18,1-2-3-4-5-8-9-10-11-15-16-17-18,7,13,0.713,2,"cnot_0->1,cross_on_target,features_normal,sim_manual",1.0,data/qsvm-traindata-2.csv,data/qsvm-testdata-2.csv,40x2,1000x2,x0|x1,y,486285e43db7df1ddc8e7cc28aa1f96db473c130a853275dad66f4f6f75afefe,601996c04b89d2183367caeaabe6d4ca54dca466af96d04a702271f964ec3c21
3,2-4-5-9-11-16-18-19,2-4-5-9-11-16-18-19,1-2-3-4-5-8-9-10-11-15-16-17-18-19,8,14,0.713,2,"cnot_0->1,cross_on_target,features_normal,sim_manual",1.0,data/qsvm-traindata-2.csv,data/qsvm-testdata-2.csv,40x2,1000x2,x0|x1,y,486285e43db7df1ddc8e7cc28aa1f96db473c130a853275dad66f4f6f75afefe,601996c04b89d2183367caeaabe6d4ca54dca466af96d04a702271f964ec3c21
3,2-4-5-9-11-16-18-19-21,2-4-5-9-11-16-18-19-21,1-2-3-4-5-8-9-10-11-15-16-17-18-19-21,9,15,0.713,2,"cnot_0->1,cross_on_target,features_normal,sim_manual",1.0,data/qsvm-traindata-2.csv,data/qsvm-testdata-2.csv,40x2,1000x2,x0|x1,y,486285e43db7df1ddc8e7cc28aa1f96db473c130a853275dad66f4f6f75afefe,601996c04b89d2183367caeaabe6d4ca54dca466af96d04a702271f964ec3c21
3,2-4-5-9-11-16-18-21,2-4-5-9-11-16-18-21,1-2-3-4-5-8-9-10-11-15-16-17-18-21,8,14,0.713,2,"cnot_0->1,cross_on_target,features_normal,sim_manual",1.0,data/qsvm-traindata-2.csv,data/qsvm-testdata-2.csv,40x2,1000x2,x0|x1,y,486285e43db7df1ddc8e7cc28aa1f96db473c130a853275dad66f4f6f75afefe,601996c04b89d2183367caeaabe6d4ca54dca466af96d04a702271f964ec3c21
3,2-4-6-7-9-11-12-13-14-16-18-19-20,2-4-6-7-9-11-12-13-14-16-18-19-20,1-2-3-4-6-7-8-9-10-11-12-13-14-15-16-17-18-19-20,13,19,0.681,2,"cnot_0->1,cross_on_target,features_normal,sim_manual",1.0,data/qsvm-traindata-2.csv,data/qsvm-testdata-2.csv,40x2,1000x2,x0|x1,y,486285e43db7df1ddc8e7cc28aa1f96db473c130a853275dad66f4f6f75afefe,601996c04b89d2183367caeaabe6d4ca54dca466af96d04a702271f964ec3c21
3,2-4-6-7-9-11-12-13-14-16-18-19-20-21,2-4-6-7-9-11-12-13-14-16-18-19-20-21,1-2-3-4-6-7-8-9-10-11-12-13-14-15-16-17-18-19-20-21,14,20,0.681,2,"cnot_0->1,cross_on_target,features_normal,sim_manual",1.0,data/qsvm-traindata-2.csv,data/qsvm-testdata-2.csv,40x2,1000x2,x0|x1,y,486285e43db7df1ddc8e7cc28aa1f96db473c130a853275dad66f4f6f75afefe,601996c04b89d2183367caeaabe6d4ca54dca466af96d04a702271f964ec3c21
3,2-4-6-7-9-11-12-13-14-16-18-20,2-4-6-7-9-11-12-13-14-16-18-20,1-2-3-4-6-7-8-9-10-11-12-13-14-15-16-17-18-20,12,18,0.662,2,"cnot_0->1,cross_on_target,features_normal,sim_manual",1.0,data/qsvm-traindata-2.csv,data/qsvm-testdata-2.csv,40x2,1000x2,x0|x1,y,486285e43db7df1ddc8e7cc28aa1f96db473c130a853275dad66f4f6f75afefe,601996c04b89d2183367caeaabe6d4ca54dca466af96d04a702271f964ec3c21
3,2-4-6-7-9-11-12-13-14-16-18-20-21,2-4-6-7-9-11-12-13-14-16-18-20-21,1-2-3-4-6-7-8-9-10-11-12-13-14-15-16-17-18-20-21,13,19,0.662,2,"cnot_0->1,cross_on_target,features_normal,sim_manual",1.0,data/qsvm-traindata-2.csv,data/qsvm-testdata-2.csv,40x2,1000x2,x0|x1,y,486285e43db7df1ddc8e7cc28aa1f96db473c130a853275dad66f4f6f75afefe,601996c04b89d2183367caeaabe6d4ca54dca466af96d04a702271f964ec3c21
3,2-4-6-7-9-11-12-13-16-18-19-20,2-4-6-7-9-11-12-13-16-18-19-20,1-2-3-4-6-7-8-9-10-11-12-13-15-16-17-18-19-20,12,18,0.762,2,"cnot_0->1,cross_on_target,features_normal,sim_manual",1.0,data/qsvm-traindata-2.csv,data/qsvm-testdata-2.csv,40x2,1000x2,x0|x1,y,486285e43db7df1ddc8e7cc28aa1f96db473c130a853275dad66f4f6f75afefe,601996c04b89d2183367caeaabe6d4ca54dca466af96d04a702271f964ec3c21
3,2-4-6-7-9-11-12-13-16-18-19-20-21,2-4-6-7-9-11-12-13-16-18-19-20-21,1-2-3-4-6-7-8-9-10-11-12-13-15-16-17-18-19-20-21,13,19,0.762,2,"cnot_0->1,cross_on_target,features_normal,sim_manual",1.0,data/qsvm-traindata-2.csv,data/qsvm-testdata-2.csv,40x2,1000x2,x0|x1,y,486285e43db7df1ddc8e7cc28aa1f96db473c130a853275dad66f4f6f75afefe,601996c04b89d2183367caeaabe6d4ca54dca466af96d04a702271f964ec3c21
3,2-4-6-7-9-11-12-13-16-18-20,2-4-6-7-9-11-12-13-16-18-20,1-2-3-4-6-7-8-9-10-11-12-13-15-16-17-18-20,11,17,0.706,2,"cnot_0->1,cross_on_target,features_normal,sim_manual",1.0,data/qsvm-traindata-2.csv,data/qsvm-testdata-2.csv,40x2,1000x2,x0|x1,y,486285e43db7df1ddc8e7cc28aa1f96db473c130a853275dad66f4f6f75afefe,601996c04b89d2183367caeaabe6d4ca54dca466af96d04a702271f964ec3c21
3,2-4-6-7-9-11-12-13-16-18-20-21,2-4-6-7-9-11-12-13-16-18-20-21,1-2-3-4-6-7-8-9-10-11-12-13-15-16-17-18-20-21,12,18,0.706,2,"cnot_0->1,cross_on_target,features_normal,sim_manual",1.0,data/qsvm-traindata-2.csv,data/qsvm-testdata-2.csv,40x2,1000x2,x0|x1,y,486285e43db7df1ddc8e7cc28aa1f96db473c130a853275dad66f4f6f75afefe,601996c04b89d2183367caeaabe6d4ca54dca466af96d04a702271f964ec3c21
3,2-4-6-7-9-11-13-14-16-18-19-20,2-4-6-7-9-11-13-14-16-18-19-20,1-2-3-4-6-7-8-9-10-11-13-14-15-16-17-18-19-20,12,18,0.575,2,"cnot_0->1,cross_on_target,features_normal,sim_manual",1.0,data/qsvm-traindata-2.csv,data/qsvm-testdata-2.csv,40x2,1000x2,x0|x1,y,486285e43db7df1ddc8e7cc28aa1f96db473c130a853275dad66f4f6f75afefe,601996c04b89d2183367caeaabe6d4ca54dca466af96d04a702271f964ec3c21
3,2-4-6-7-9-11-13-14-16-18-19-20-21,2-4-6-7-9-11-13-14-16-18-19-20-21,1-2-3-4-6-7-8-9-10-11-13-14-15-16-17-18-19-20-21,13,19,0.575,2,"cnot_0->1,cross_on_target,features_normal,sim_manual",1.0,data/qsvm-traindata-2.csv,data/qsvm-testdata-2.csv,40x2,1000x2,x0|x1,y,486285e43db7df1ddc8e7cc28aa1f96db473c130a853275dad66f4f6f75afefe,601996c04b89d2183367caeaabe6d4ca54dca466af96d04a702271f964ec3c21
3,2-4-6-7-9-11-13-14-16-18-20,2-4-6-7-9-11-13-14-16-18-20,1-2-3-4-6-7-8-9-10-11-13-14-15-16-17-18-20,11,17,0.676,2,"cnot_0->1,cross_on_target,features_normal,sim_manual",1.0,data/qsvm-traindata-2.csv,data/qsvm-testdata-2.csv,40x2,1000x2,x0|x1,y,486285e43db7df1ddc8e7cc28aa1f96db473c130a853275dad66f4f6f75afefe,601996c04b89d2183367caeaabe6d4ca54dca466af96d04a702271f964ec3c21
3,2-4-6-7-9-11-13-14-16-18-20-21,2-4-6-7-9-11-13-14-16-18-20-21,1-2-3-4-6-7-8-9-10-11-13-14-15-16-17-18-20-21,12,18,0.676,2,"cnot_0->1,cross_on_target,features_normal,sim_manual",1.0,data/qsvm-traindata-2.csv,data/qsvm-testdata-2.csv,40x2,1000x2,x0|x1,y,486285e43db7df1ddc8e7cc28aa1f96db473c130a853275dad66f4f6f75afefe,601996c04b89d2183367caeaabe6d4ca54dca466af96d04a702271f964ec3c21
3,2-4-6-7-9-11-13-16-18-19-20,2-4-6-7-9-11-13-16-18-19-20,1-2-3-4-6-7-8-9-10-11-13-15-16-17-18-19-20,11,17,0.663,2,"cnot_0->1,cross_on_target,features_normal,sim_manual",1.0,data/qsvm-traindata-2.csv,data/qsvm-testdata-2.csv,40x2,1000x2,x0|x1,y,486285e43db7df1ddc8e7cc28aa1f96db473c130a853275dad66f4f6f75afefe,601996c04b89d2183367caeaabe6d4ca54dca466af96d04a702271f964ec3c21
3,2-4-6-7-9-11-13-16-18-19-20-21,2-4-6-7-9-11-13-16-18-19-20-21,1-2-3-4-6-7-8-9-10-11-13-15-16-17-18-19-20-21,12,18,0.663,2,"cnot_0->1,cross_on_target,features_normal,sim_manual",1.0,data/qsvm-traindata-2.csv,data/qsvm-testdata-2.csv,40x2,1000x2,x0|x1,y,486285e43db7df1ddc8e7cc28aa1f96db473c130a853275dad66f4f6f75afefe,601996c04b89d2183367caeaabe6d4ca54dca466af96d04a702271f964ec3c21
3,2-4-6-7-9-11-13-16-18-20,2-4-6-7-9-11-13-16-18-20,1-2-3-4-6-7-8-9-10-11-13-15-16-17-18-20,10,16,0.708,2,"cnot_0->1,cross_on_target,features_normal,sim_manual",1.0,data/qsvm-traindata-2.csv,data/qsvm-testdata-2.csv,40x2,1000x2,x0|x1,y,486285e43db7df1ddc8e7cc28aa1f96db473c130a853275dad66f4f6f75afefe,601996c04b89d2183367caeaabe6d4ca54dca466af96d04a702271f964ec3c21
3,2-4-6-7-9-11-13-16-18-20-21,2-4-6-7-9-11-13-16-18-20-21,1-2-3-4-6-7-8-9-10-11-13-15-16-17-18-20-21,11,17,0.708,2,"cnot_0->1,cross_on_target,features_normal,sim_manual",1.0,data/qsvm-traindata-2.csv,data/qsvm-testdata-2.csv,40x2,1000x2,x0|x1,y,486285e43db7df1ddc8e7cc28aa1f96db473c130a853275dad66f4f6f75afefe,601996c04b89d2183367caeaabe6d4ca54dca466af96d04a702271f964ec3c21
3,2-4-6-9-11-12-13-14-16-18-19-20,2-4-6-9-11-12-13-14-16-18-19-20,1-2-3-4-6-8-9-10-11-12-13-14-15-16-17-18-19-20,12,18,0.587,2,"cnot_0->1,cross_on_target,features_normal,sim_manual",1.0,data/qsvm-traindata-2.csv,data/qsvm-testdata-2.csv,40x2,1000x2,x0|x1,y,486285e43db7df1ddc8e7cc28aa1f96db473c130a853275dad66f4f6f75afefe,601996c04b89d2183367caeaabe6d4ca54dca466af96d04a702271f964ec3c21
3,2-4-6-9-11-12-13-14-16-18-19-20-21,2-4-6-9-11-12-13-14-16-18-19-20-21,1-2-3-4-6-8-9-10-11-12-13-14-15-16-17-18-19-20-21,13,19,0.587,2,"cnot_0->1,cross_on_target,features_normal,sim_manual",1.0,data/qsvm-traindata-2.csv,data/qsvm-testdata-2.csv,40x2,1000x2,x0|x1,y,486285e43db7df1ddc8e7cc28aa1f96db473c130a853275dad66f4f6f75afefe,601996c04b89d2183367caeaabe6d4ca54dca466af96d04a702271f964ec3c21
3,2-4-6-9-11-12-13-14-16-18-20,2-4-6-9-11-12-13-14-16-18-20,1-2-3-4-6-8-9-10-11-12-13-14-15-16-17-18-20,11,17,0.645,2,"cnot_0->1,cross_on_target,features_normal,sim_manual",1.0,data/qsvm-traindata-2.csv,data/qsvm-testdata-2.csv,40x2,1000x2,x0|x1,y,486285e43db7df1ddc8e7cc28aa1f96db473c130a853275dad66f4f6f75afefe,601996c04b89d2183367caeaabe6d4ca54dca466af96d04a702271f964ec3c21
3,2-4-6-9-11-12-13-14-16-18-20-21,2-4-6-9-11-12-13-14-16-18-20-21,1-2-3-4-6-8-9-10-11-12-13-14-15-16-17-18-20-21,12,18,0.645,2,"cnot_0->1,cross_on_target,features_normal,sim_manual",1.0,data/qsvm-traindata-2.csv,data/qsvm-testdata-2.csv,40x2,1000x2,x0|x1,y,486285e43db7df1ddc8e7cc28aa1f96db473c130a853275dad66f4f6f75afefe,601996c04b89d2183367caeaabe6d4ca54dca466af96d04a702271f964ec3c21
3,2-4-6-9-11-12-13-16-18-19-20,2-4-6-9-11-12-13-16-18-19-20,1-2-3-4-6-8-9-10-11-12-13-15-16-17-18-19-20,11,17,0.649,2,"cnot_0->1,cross_on_target,features_normal,sim_manual",1.0,data/qsvm-traindata-2.csv,data/qsvm-testdata-2.csv,40x2,1000x2,x0|x1,y,486285e43db7df1ddc8e7cc28aa1f96db473c130a853275dad66f4f6f75afefe,601996c04b89d2183367caeaabe6d4ca54dca466af96d04a702271f964ec3c21
3,2-4-6-9-11-12-13-16-18-19-20-21,2-4-6-9-11-12-13-16-18-19-20-21,1-2-3-4-6-8-9-10-11-12-13-15-16-17-18-19-20-21,12,18,0.649,2,"cnot_0->1,cross_on_target,features_normal,sim_manual",1.0,data/qsvm-traindata-2.csv,data/qsvm-testdata-2.csv,40x2,1000x2,x0|x1,y,486285e43db7df1ddc8e7cc28aa1f96db473c130a853275dad66f4f6f75afefe,601996c04b89d2183367caeaabe6d4ca54dca466af96d04a702271f964ec3c21
3,2-4-6-9-11-12-13-16-18-20,2-4-6-9-11-12-13-16-18-20,1-2-3-4-6-8-9-10-11-12-13-15-16-17-18-20,10,16,0.576,2,"cnot_0->1,cross_on_target,features_normal,sim_manual",1.0,data/qsvm-traindata-2.csv,data/qsvm-testdata-2.csv,40x2,1000x2,x0|x1,y,486285e43db7df1ddc8e7cc28aa1f96db473c130a853275dad66f4f6f75afefe,601996c04b89d2183367caeaabe6d4ca54dca466af96d04a702271f964ec3c21
3,2-4-6-9-11-12-13-16-18-20-21,2-4-6-9-11-12-13-16-18-20-21,1-2-3-4-6-8-9-10-11-12-13-15-16-17-18-20-21,11,17,0.576,2,"cnot_0->1,cross_on_target,features_normal,sim_manual",1.0,data/qsvm-traindata-2.csv,data/qsvm-testdata-2.csv,40x2,1000x2,x0|x1,y,486285e43db7df1ddc8e7cc28aa1f96db473c130a853275dad66f4f6f75afefe,601996c04b89d2183367caeaabe6d4ca54dca466af96d04a702271f964ec3c21
3,2-4-6-9-11-13-14-16-18-19-20,2-4-6-9-11-13-14-16-18-19-20,1-2-3-4-6-8-9-10-11-13-14-15-16-17-18-19-20,11,17,0.585,2,"cnot_0->1,cross_on_target,features_normal,sim_manual",1.0,data/qsvm-traindata-2.csv,data/qsvm-testdata-2.csv,40x2,1000x2,x0|x1,y,486285e43db7df1ddc8e7cc28aa1f96db473c130a853275dad66f4f6f75afefe,601996c04b89d2183367caeaabe6d4ca54dca466af96d04a702271f964ec3c21
3,2-4-6-9-11-13-14-16-18-19-20-21,2-4-6-9-11-13-14-16-18-19-20-21,1-2-3-4-6-8-9-10-11-13-14-15-16-17-18-19-20-21,12,18,0.585,2,"cnot_0->1,cross_on_target,features_normal,sim_manual",1.0,data/qsvm-traindata-2.csv,data/qsvm-testdata-2.csv,40x2,1000x2,x0|x1,y,486285e43db7df1ddc8e7cc28aa1f96db473c130a853275dad66f4f6f75afefe,601996c04b89d2183367caeaabe6d4ca54dca466af96d04a702271f964ec3c21
3,2-4-6-9-11-13-14-16-18-20,2-4-6-9-11-13-14-16-18-20,1-2-3-4-6-8-9-10-11-13-14-15-16-17-18-20,10,16,0.609,2,"cnot_0->1,cross_on_target,features_normal,sim_manual",1.0,data/qsvm-traindata-2.csv,data/qsvm-testdata-2.csv,40x2,1000x2,x0|x1,y,486285e43db7df1ddc8e7cc28aa1f96db473c130a853275dad66f4f6f75afefe,601996c04b89d2183367caeaabe6d4ca54dca466af96d04a702271f964ec3c21
3,2-4-6-9-11-13-14-16-18-20-21,2-4-6-9-11-13-14-16-18-20-21,1-2-3-4-6-8-9-10-11-13-14-15-16-17-18-20-21,11,17,0.609,2,"cnot_0->1,cross_on_target,features_normal,sim_manual",1.0,data/qsvm-traindata-2.csv,data/qsvm-testdata-2.csv,40x2,1000x2,x0|x1,y,486285e43db7df1ddc8e7cc28aa1f96db473c130a853275dad66f4f6f75afefe,601996c04b89d2183367caeaabe6d4ca54dca466af96d04a702271f964ec3c21
3,2-4-6-9-11-13-16-18,2-4-6-9-11-13-16-18,1-2-3-4-6-8-9-10-11-13-15-16-17-18,8,14,0.564,2,"cnot_0->1,cross_on_target,features_normal,sim_manual",1.0,data/qsvm-traindata-2.csv,data/qsvm-testdata-2.csv,40x2,1000x2,x0|x1,y,486285e43db7df1ddc8e7cc28aa1f96db473c130a853275dad66f4f6f75afefe,601996c04b89d2183367caeaabe6d4ca54dca466af96d04a702271f964ec3c21
3,2-4-6-9-11-13-16-18-19-20,2-4-6-9-11-13-16-18-19-20,1-2-3-4-6-8-9-10-11-13-15-16-17-18-19-20,10,16,0.52,2,"cnot_0->1,cross_on_target,features_normal,sim_manual",1.0,data/qsvm-traindata-2.csv,data/qsvm-testdata-2.csv,40x2,1000x2,x0|x1,y,486285e43db7df1ddc8e7cc28aa1f96db473c130a853275dad66f4f6f75afefe,601996c04b89d2183367caeaabe6d4ca54dca466af96d04a702271f964ec3c21
3,2-4-6-9-11-13-16-18-19-20-21,2-4-6-9-11-13-16-18-19-20-21,1-2-3-4-6-8-9-10-11-13-15-16-17-18-19-20-21,11,17,0.52,2,"cnot_0->1,cross_on_target,features_normal,sim_manual",1.0,data/qsvm-traindata-2.csv,data/qsvm-testdata-2.csv,40x2,1000x2,x0|x1,y,486285e43db7df1ddc8e7cc28aa1f96db473c130a853275dad66f4f6f75afefe,601996c04b89d2183367caeaabe6d4ca54dca466af96d04a702271f964ec3c21
3,2-4-6-9-11-13-16-18-20,2-4-6-9-11-13-16-18-20,1-2-3-4-6-8-9-10-11-13-15-16-17-18-20,9,15,0.627,2,"cnot_0->1,cross_on_target,features_normal,sim_manual",1.0,data/qsvm-traindata-2.csv,data/qsvm-testdata-2.csv,40x2,1000x2,x0|x1,y,486285e43db7df1ddc8e7cc28aa1f96db473c130a853275dad66f4f6f75afefe,601996c04b89d2183367caeaabe6d4ca54dca466af96d04a702271f964ec3c21
3,2-4-6-9-11-13-16-18-20-21,2-4-6-9-11-13-16-18-20-21,1-2-3-4-6-8-9-10-11-13-15-16-17-18-20-21,10,16,0.627,2,"cnot_0->1,cross_on_target,features_normal,sim_manual",1.0,data/qsvm-traindata-2.csv,data/qsvm-testdata-2.csv,40x2,1000x2,x0|x1,y,486285e43db7df1ddc8e7cc28aa1f96db473c130a853275dad66f4f6f75afefe,601996c04b89d2183367caeaabe6d4ca54dca466af96d04a702271f964ec3c21
3,2-4-6-9-11-13-16-20,2-4-6-9-11-13-16-20,1-2-3-4-6-8-9-10-11-13-15-16-17-20,8,14,0.664,2,"cnot_0->1,cross_on_target,features_normal,sim_manual",1.0,data/qsvm-traindata-2.csv,data/qsvm-testdata-2.csv,40x2,1000x2,x0|x1,y,486285e43db7df1ddc8e7cc28aa1f96db473c130a853275dad66f4f6f75afefe,601996c04b89d2183367caeaabe6d4ca54dca466af96d04a702271f964ec3c21
3,2-4-6-9-11-13-18-20,2-4-6-9-11-13-18-20,1-2-3-4-6-8-9-10-11-13-15-17-18-20,8,14,0.619,2,"cnot_0->1,cross_on_target,features_normal,sim_manual",1.0,data/qsvm-traindata-2.csv,data/qsvm-testdata-2.csv,40x2,1000x2,x0|x1,y,486285e43db7df1ddc8e7cc28aa1f96db473c130a853275dad66f4f6f75afefe,601996c04b89d2183367caeaabe6d4ca54dca466af96d04a702271f964ec3c21
3,2-4-6-9-11-13-20,2-4-6-9-11-13-20,1-2-3-4-6-8-9-10-11-13-15-17-20,7,13,0.643,2,"cnot_0->1,cross_on_target,features_normal,sim_manual",1.0,data/qsvm-traindata-2.csv,data/qsvm-testdata-2.csv,40x2,1000x2,x0|x1,y,486285e43db7df1ddc8e7cc28aa1f96db473c130a853275dad66f4f6f75afefe,601996c04b89d2183367caeaabe6d4ca54dca466af96d04a702271f964ec3c21
3,2-4-6-9-11-16-18,2-4-6-9-11-16-18,1-2-3-4-6-8-9-10-11-15-16-17-18,7,13,0.606,2,"cnot_0->1,cross_on_target,features_normal,sim_manual",1.0,data/qsvm-traindata-2.csv,data/qsvm-testdata-2.csv,40x2,1000x2,x0|x1,y,486285e43db7df1ddc8e7cc28aa1f96db473c130a853275dad66f4f6f75afefe,601996c04b89d2183367caeaabe6d4ca54dca466af96d04a702271f964ec3c21
3,2-4-6-9-11-16-18-20,2-4-6-9-11-16-18-20,1-2-3-4-6-8-9-10-11-15-16-17-18-20,8,14,0.619,2,"cnot_0->1,cross_on_target,features_normal,sim_manual",1.0,data/qsvm-traindata-2.csv,data/qsvm-testdata-2.csv,40x2,1000x2,x0|x1,y,486285e43db7df1ddc8e7cc28aa1f96db473c130a853275dad66f4f6f75afefe,601996c04b89d2183367caeaabe6d4ca54dca466af96d04a702271f964ec3c21
3,2-4-6-9-13-16-18-20,2-4-6-9-13-16-18-20,1-2-3-4-6-8-9-10-13-15-16-17-18-20,8,14,0.662,2,"cnot_0->1,cross_on_target,features_normal,sim_manual",1.0,data/qsvm-traindata-2.csv,data/qsvm-testdata-2.csv,40x2,1000x2,x0|x1,y,486285e43db7df1ddc8e7cc28aa1f96db473c130a853275dad66f4f6f75afefe,601996c04b89d2183367caeaabe6d4ca54dca466af96d04a702271f964ec3c21
3,2-4-6-9-13-16-20,2-4-6-9-13-16-20,1-2-3-4-6-8-9-10-13-15-16-17-20,7,13,0.643,2,"cnot_0->1,cross_on_target,features_normal,sim_manual",1.0,data/qsvm-traindata-2.csv,data/qsvm-testdata-2.csv,40x2,1000x2,x0|x1,y,486285e43db7df1ddc8e7cc28aa1f96db473c130a853275dad66f4f6f75afefe,601996c04b89d2183367caeaabe6d4ca54dca466af96d04a702271f964ec3c21
3,2-4-6-9-13-18-20,2-4-6-9-13-18-20,1-2-3-4-6-8-9-10-13-15-17-18-20,7,13,0.669,2,"cnot_0->1,cross_on_target,features_normal,sim_manual",1.0,data/qsvm-traindata-2.csv,data/qsvm-testdata-2.csv,40x2,1000x2,x0|x1,y,486285e43db7df1ddc8e7cc28aa1f96db473c130a853275dad66f4f6f75afefe,601996c04b89d2183367caeaabe6d4ca54dca466af96d04a702271f964ec3c21
3,2-4-6-9-13-20,2-4-6-9-13-20,1-2-3-4-6-8-9-10-13-15-17-20,6,12,0.61,2,"cnot_0->1,cross_on_target,features_normal,sim_manual",1.0,data/qsvm-traindata-2.csv,data/qsvm-testdata-2.csv,40x2,1000x2,x0|x1,y,486285e43db7df1ddc8e7cc28aa1f96db473c130a853275dad66f4f6f75afefe,601996c04b89d2183367caeaabe6d4ca54dca466af96d04a702271f964ec3c21
3,2-4-6-11-13-16-18-20,2-4-6-11-13-16-18-20,1-2-3-4-6-8-10-11-13-15-16-17-18-20,8,14,0.692,2,"cnot_0->1,cross_on_target,features_normal,sim_manual",1.0,data/qsvm-traindata-2.csv,data/qsvm-testdata-2.csv,40x2,1000x2,x0|x1,y,486285e43db7df1ddc8e7cc28aa1f96db473c130a853275dad66f4f6f75afefe,601996c04b89d2183367caeaabe6d4ca54dca466af96d04a702271f964ec3c21
3,2-4-6-11-13-16-20,2-4-6-11-13-16-20,1-2-3-4-6-8-10-11-13-15-16-17-20,7,13,0.668,2,"cnot_0->1,cross_on_target,features_normal,sim_manual",1.0,data/qsvm-traindata-2.csv,data/qsvm-testdata-2.csv,40x2,1000x2,x0|x1,y,486285e43db7df1ddc8e7cc28aa1f96db473c130a853275dad66f4f6f75afefe,601996c04b89d2183367caeaabe6d4ca54dca466af96d04a702271f964ec3c21
3,2-4-6-11-13-18-20,2-4-6-11-13-18-20,1-2-3-4-6-8-10-11-13-15-17-18-20,7,13,0.445,2,"cnot_0->1,cross_on_target,features_normal,sim_manual",1.0,data/qsvm-traindata-2.csv,data/qsvm-testdata-2.csv,40x2,1000x2,x0|x1,y,486285e43db7df1ddc8e7cc28aa1f96db473c130a853275dad66f4f6f75afefe,601996c04b89d2183367caeaabe6d4ca54dca466af96d04a702271f964ec3c21
3,2-4-6-11-13-20,2-4-6-11-13-20,1-2-3-4-6-8-10-11-13-15-17-20,6,12,0.604,2,"cnot_0->1,cross_on_target,features_normal,sim_manual",1.0,data/qsvm-traindata-2.csv,data/qsvm-testdata-2.csv,40x2,1000x2,x0|x1,y,486285e43db7df1ddc8e7cc28aa1f96db473c130a853275dad66f4f6f75afefe,601996c04b89d2183367caeaabe6d4ca54dca466af96d04a702271f964ec3c21
3,2-4-6-13-16-18-20,2-4-6-13-16-18-20,1-2-3-4-6-8-10-13-15-16-17-18-20,7,13,0.617,2,"cnot_0->1,cross_on_target,features_normal,sim_manual",1.0,data/qsvm-traindata-2.csv,data/qsvm-testdata-2.csv,40x2,1000x2,x0|x1,y,486285e43db7df1ddc8e7cc28aa1f96db473c130a853275dad66f4f6f75afefe,601996c04b89d2183367caeaabe6d4ca54dca466af96d04a702271f964ec3c21
3,2-4-6-13-16-20,2-4-6-13-16-20,1-2-3-4-6-8-10-13-15-16-17-20,6,12,0.613,2,"cnot_0->1,cross_on_target,features_normal,sim_manual",1.0,data/qsvm-traindata-2.csv,data/qsvm-testdata-2.csv,40x2,1000x2,x0|x1,y,486285e43db7df1ddc8e7cc28aa1f96db473c130a853275dad66f4f6f75afefe,601996c04b89d2183367caeaabe6d4ca54dca466af96d04a702271f964ec3c21
3,2-4-6-13-18-20,2-4-6-13-18-20,1-2-3-4-6-8-10-13-15-17-18-20,6,12,0.596,2,"cnot_0->1,cross_on_target,features_normal,sim_manual",1.0,data/qsvm-traindata-2.csv,data/qsvm-testdata-2.csv,40x2,1000x2,x0|x1,y,486285e43db7df1ddc8e7cc28aa1f96db473c130a853275dad66f4f6f75afefe,601996c04b89d2183367caeaabe6d4ca54dca466af96d04a702271f964ec3c21
3,2-4-6-13-20,2-4-6-13-20,1-2-3-4-6-8-10-13-15-17-20,5,11,0.531,2,"cnot_0->1,cross_on_target,features_normal,sim_manual",1.0,data/qsvm-traindata-2.csv,data/qsvm-testdata-2.csv,40x2,1000x2,x0|x1,y,486285e43db7df1ddc8e7cc28aa1f96db473c130a853275dad66f4f6f75afefe,601996c04b89d2183367caeaabe6d4ca54dca466af96d04a702271f964ec3c21
3,2-4-7-9-11-12-14-16-18,2-4-7-9-11-12-14-16-18,1-2-3-4-7-8-9-10-11-12-14-15-16-17-18,9,15,0.713,2,"cnot_0->1,cross_on_target,features_normal,sim_manual",1.0,data/qsvm-traindata-2.csv,data/qsvm-testdata-2.csv,40x2,1000x2,x0|x1,y,486285e43db7df1ddc8e7cc28aa1f96db473c130a853275dad66f4f6f75afefe,601996c04b89d2183367caeaabe6d4ca54dca466af96d04a702271f964ec3c21
3,2-4-7-9-11-12-14-16-18-19,2-4-7-9-11-12-14-16-18-19,1-2-3-4-7-8-9-10-11-12-14-15-16-17-18-19,10,16,0.713,2,"cnot_0->1,cross_on_target,features_normal,sim_manual",1.0,data/qsvm-traindata-2.csv,data/qsvm-testdata-2.csv,40x2,1000x2,x0|x1,y,486285e43db7df1ddc8e7cc28aa1f96db473c130a853275dad66f4f6f75afefe,601996c04b89d2183367caeaabe6d4ca54dca466af96d04a702271f964ec3c21
3,2-4-7-9-11-12-14-16-18-19-21,2-4-7-9-11-12-14-16-18-19-21,1-2-3-4-7-8-9-10-11-12-14-15-16-17-18-19-21,11,17,0.713,2,"cnot_0->1,cross_on_target,features_normal,sim_manual",1.0,data/qsvm-traindata-2.csv,data/qsvm-testdata-2.csv,40x2,1000x2,x0|x1,y,486285e43db7df1ddc8e7cc28aa1f96db473c130a853275dad66f4f6f75afefe,601996c04b89d2183367caeaabe6d4ca54dca466af96d04a702271f964ec3c21
3,2-4-7-9-11-12-14-16-18-21,2-4-7-9-11-12-14-16-18-21,1-2-3-4-7-8-9-10-11-12-14-15-16-17-18-21,10,16,0.713,2,"cnot_0->1,cross_on_target,features_normal,sim_manual",1.0,data/qsvm-traindata-2.csv,data/qsvm-testdata-2.csv,40x2,1000x2,x0|x1,y,486285e43db7df1ddc8e7cc28aa1f96db473c130a853275dad66f4f6f75afefe,601996c04b89d2183367caeaabe6d4ca54dca466af96d04a702271f964ec3c21
3,2-4-7-9-11-12-16-18,2-4-7-9-11-12-16-18,1-2-3-4-7-8-9-10-11-12-15-16-17-18,8,14,0.703,2,"cnot_0->1,cross_on_target,features_normal,sim_manual",1.0,data/qsvm-traindata-2.csv,data/qsvm-testdata-2.csv,40x2,1000x2,x0|x1,y,486285e43db7df1ddc8e7cc28aa1f96db473c130a853275dad66f4f6f75afefe,601996c04b89d2183367caeaabe6d4ca54dca466af96d04a702271f964ec3c21
3,2-4-7-9-11-12-16-18-19,2-4-7-9-11-12-16-18-19,1-2-3-4-7-8-9-10-11-12-15-16-17-18-19,9,15,0.703,2,"cnot_0->1,cross_on_target,features_normal,sim_manual",1.0,data/qsvm-traindata-2.csv,data/qsvm-testdata-2.csv,40x2,1000x2,x0|x1,y,486285e43db7df1ddc8e7cc28aa1f96db473c130a853275dad66f4f6f75afefe,601996c04b89d2183367caeaabe6d4ca54dca466af96d04a702271f964ec3c21
3,2-4-7-9-11-12-16-18-19-21,2-4-7-9-11-12-16-18-19-21,1-2-3-4-7-8-9-10-11-12-15-16-17-18-19-21,10,16,0.703,2,"cnot_0->1,cross_on_target,features_normal,sim_manual",1.0,data/qsvm-traindata-2.csv,data/qsvm-testdata-2.csv,40x2,1000x2,x0|x1,y,486285e43db7df1ddc8e7cc28aa1f96db473c130a853275dad66f4f6f75afefe,601996c04b89d2183367caeaabe6d4ca54dca466af96d04a702271f964ec3c21
3,2-4-7-9-11-12-16-18-21,2-4-7-9-11-12-16-18-21,1-2-3-4-7-8-9-10-11-12-15-16-17-18-21,9,15,0.703,2,"cnot_0->1,cross_on_target,features_normal,sim_manual",1.0,data/qsvm-traindata-2.csv,data/qsvm-testdata-2.csv,40x2,1000x2,x0|x1,y,486285e43db7df1ddc8e7cc28aa1f96db473c130a853275dad66f4f6f75afefe,601996c04b89d2183367caeaabe6d4ca54dca466af96d04a702271f964ec3c21
3,2-4-7-9-11-14-16-18,2-4-7-9-11-14-16-18,1-2-3-4-7-8-9-10-11-14-15-16-17-18,8,14,0.703,2,"cnot_0->1,cross_on_target,features_normal,sim_manual",1.0,data/qsvm-traindata-2.csv,data/qsvm-testdata-2.csv,40x2,1000x2,x0|x1,y,486285e43db7df1ddc8e7cc28aa1f96db473c130a853275dad66f4f6f75afefe,601996c04b89d2183367caeaabe6d4ca54dca466af96d04a702271f964ec3c21
3,2-4-7-9-11-14-16-18-19,2-4-7-9-11-14-16-18-19,1-2-3-4-7-8-9-10-11-14-15-16-17-18-19,9,15,0.703,2,"cnot_0->1,cross_on_target,features_normal,sim_manual",1.0,data/qsvm-traindata-2.csv,data/qsvm-testdata-2.csv,40x2,1000x2,x0|x1,y,486285e43db7df1ddc8e7cc28aa1f96db473c130a853275dad66f4f6f75afefe,601996c04b89d2183367caeaabe6d4ca54dca466af96d04a702271f964ec3c21
3,2-4-7-9-11-14-16-18-19-21,2-4-7-9-11-14-16-18-19-21,1-2-3-4-7-8-9-10-11-14-15-16-17-18-19-21,10,16,0.703,2,"cnot_0->1,cross_on_target,features_normal,sim_manual",1.0,data/qsvm-traindata-2.csv,data/qsvm-testdata-2.csv,40x2,1000x2,x0|x1,y,486285e43db7df1ddc8e7cc28aa1f96db473c130a853275dad66f4f6f75afefe,601996c04b89d2183367caeaabe6d4ca54dca466af96d04a702271f964ec3c21
3,2-4-7-9-11-14-16-18-21,2-4-7-9-11-14-16-18-21,1-2-3-4-7-8-9-10-11-14-15-16-17-18-21,9,15,0.703,2,"cnot_0->1,cross_on_target,features_normal,sim_manual",1.0,data/qsvm-traindata-2.csv,data/qsvm-testdata-2.csv,40x2,1000x2,x0|x1,y,486285e43db7df1ddc8e7cc28aa1f96db473c130a853275dad66f4f6f75afefe,601996c04b89d2183367caeaabe6d4ca54dca466af96d04a702271f964ec3c21
3,2-4-7-9-11-16-18,2-4-7-9-11-16-18,1-2-3-4-7-8-9-10-11-15-16-17-18,7,13,0.713,2,"cnot_0->1,cross_on_target,features_normal,sim_manual",1.0,data/qsvm-traindata-2.csv,data/qsvm-testdata-2.csv,40x2,1000x2,x0|x1,y,486285e43db7df1ddc8e7cc28aa1f96db473c130a853275dad66f4f6f75afefe,601996c04b89d2183367caeaabe6d4ca54dca466af96d04a702271f964ec3c21
3,2-4-7-9-11-16-18-19,2-4-7-9-11-16-18-19,1-2-3-4-7-8-9-10-11-15-16-17-18-19,8,14,0.713,2,"cnot_0->1,cross_on_target,features_normal,sim_manual",1.0,data/qsvm-traindata-2.csv,data/qsvm-testdata-2.csv,40x2,1000x2,x0|x1,y,486285e43db7df1ddc8e7cc28aa1f96db473c130a853275dad66f4f6f75afefe,601996c04b89d2183367caeaabe6d4ca54dca466af96d04a702271f964ec3c21
3,2-4-7-9-11-16-18-19-21,2-4-7-9-11-16-18-19-21,1-2-3-4-7-8-9-10-11-15-16-17-18-19-21,9,15,0.713,2,"cnot_0->1,cross_on_target,features_normal,sim_manual",1.0,data/qsvm-traindata-2.csv,data/qsvm-testdata-2.csv,40x2,1000x2,x0|x1,y,486285e43db7df1ddc8e7cc28aa1f96db473c130a853275dad66f4f6f75afefe,601996c04b89d2183367caeaabe6d4ca54dca466af96d04a702271f964ec3c21
3,2-4-7-9-11-16-18-21,2-4-7-9-11-16-18-21,1-2-3-4-7-8-9-10-11-15-16-17-18-21,8,14,0.713,2,"cnot_0->1,cross_on_target,features_normal,sim_manual",1.0,data/qsvm-traindata-2.csv,data/qsvm-testdata-2.csv,40x2,1000x2,x0|x1,y,486285e43db7df1ddc8e7cc28aa1f96db473c130a853275dad66f4f6f75afefe,601996c04b89d2183367caeaabe6d4ca54dca466af96d04a702271f964ec3c21
3,2-4-9,2-4-9,1-2-3-4-8-9-10-15-17,3,9,0.635,2,"cnot_0->1,cross_on_target,features_normal,sim_manual",1.0,data/qsvm-traindata-2.csv,data/qsvm-testdata-2.csv,40x2,1000x2,x0|x1,y,486285e43db7df1ddc8e7cc28aa1f96db473c130a853275dad66f4f6f75afefe,601996c04b89d2183367caeaabe6d4ca54dca466af96d04a702271f964ec3c21
3,2-4-9-11,2-4-9-11,1-2-3-4-8-9-10-11-15-17,4,10,0.7,2,"cnot_0->1,cross_on_target,features_normal,sim_manual",1.0,data/qsvm-traindata-2.csv,data/qsvm-testdata-2.csv,40x2,1000x2,x0|x1,y,486285e43db7df1ddc8e7cc28aa1f96db473c130a853275dad66f4f6f75afefe,601996c04b89d2183367caeaabe6d4ca54dca466af96d04a702271f964ec3c21
3,2-4-9-11-12-14-16-18,2-4-9-11-12-14-16-18,1-2-3-4-8-9-10-11-12-14-15-16-17-18,8,14,0.722,2,"cnot_0->1,cross_on_target,features_normal,sim_manual",1.0,data/qsvm-traindata-2.csv,data/qsvm-testdata-2.csv,40x2,1000x2,x0|x1,y,486285e43db7df1ddc8e7cc28aa1f96db473c130a853275dad66f4f6f75afefe,601996c04b89d2183367caeaabe6d4ca54dca466af96d04a702271f964ec3c21
3,2-4-9-11-12-14-16-18-19,2-4-9-11-12-14-16-18-19,1-2-3-4-8-9-10-11-12-14-15-16-17-18-19,9,15,0.722,2,"cnot_0->1,cross_on_target,features_normal,sim_manual",1.0,data/qsvm-traindata-2.csv,data/qsvm-testdata-2.csv,40x2,1000x2,x0|x1,y,486285e43db7df1ddc8e7cc28aa1f96db473c130a853275dad66f4f6f75afefe,601996c04b89d2183367caeaabe6d4ca54dca466af96d04a702271f964ec3c21
3,2-4-9-11-12-14-16-18-19-21,2-4-9-11-12-14-16-18-19-21,1-2-3-4-8-9-10-11-12-14-15-16-17-18-19-21,10,16,0.722,2,"cnot_0->1,cross_on_target,features_normal,sim_manual",1.0,data/qsvm-traindata-2.csv,data/qsvm-testdata-2.csv,40x2,1000x2,x0|x1,y,486285e43db7df1ddc8e7cc28aa1f96db473c130a853275dad66f4f6f75afefe,601996c04b89d2183367caeaabe6d4ca54dca466af96d04a702271f964ec3c21
3,2-4-9-11-12-14-16-18-21,2-4-9-11-12-14-16-18-21,1-2-3-4-8-9-10-11-12-14-15-16-17-18-21,9,15,0.722,2,"cnot_0->1,cross_on_target,features_normal,sim_manual",1.0,data/qsvm-traindata-2.csv,data/qsvm-testdata-2.csv,40x2,1000x2,x0|x1,y,486285e43db7df1ddc8e7cc28aa1f96db473c130a853275dad66f4f6f75afefe,601996c04b89d2183367caeaabe6d4ca54dca466af96d04a702271f964ec3c21
3,2-4-9-11-12-16-18,2-4-9-11-12-16-18,1-2-3-4-8-9-10-11-12-15-16-17-18,7,13,0.771,2,"cnot_0->1,cross_on_target,features_normal,sim_manual",1.0,data/qsvm-traindata-2.csv,data/qsvm-testdata-2.csv,40x2,1000x2,x0|x1,y,486285e43db7df1ddc8e7cc28aa1f96db473c130a853275dad66f4f6f75afefe,601996c04b89d2183367caeaabe6d4ca54dca466af96d04a702271f964ec3c21
3,2-4-9-11-12-16-18-19,2-4-9-11-12-16-18-19,1-2-3-4-8-9-10-11-12-15-16-17-18-19,8,14,0.771,2,"cnot_0->1,cross_on_target,features_normal,sim_manual",1.0,data/qsvm-traindata-2.csv,data/qsvm-testdata-2.csv,40x2,1000x2,x0|x1,y,486285e43db7df1ddc8e7cc28aa1f96db473c130a853275dad66f4f6f75afefe,601996c04b89d2183367caeaabe6d4ca54dca466af96d04a702271f964ec3c21
3,2-4-9-11-12-16-18-19-21,2-4-9-11-12-16-18-19-21,1-2-3-4-8-9-10-11-12-15-16-17-18-19-21,9,15,0.771,2,"cnot_0->1,cross_on_target,features_normal,sim_manual",1.0,data/qsvm-traindata-2.csv,data/qsvm-testdata-2.csv,40x2,1000x2,x0|x1,y,486285e43db7df1ddc8e7cc28aa1f96db473c130a853275dad66f4f6f75afefe,601996c04b89d2183367caeaabe6d4ca54dca466af96d04a702271f964ec3c21
3,2-4-9-11-12-16-18-21,2-4-9-11-12-16-18-21,1-2-3-4-8-9-10-11-12-15-16-17-18-21,8,14,0.771,2,"cnot_0->1,cross_on_target,features_normal,sim_manual",1.0,data/qsvm-traindata-2.csv,data/qsvm-testdata-2.csv,40x2,1000x2,x0|x1,y,486285e43db7df1ddc8e7cc28aa1f96db473c130a853275dad66f4f6f75afefe,601996c04b89d2183367caeaabe6d4ca54dca466af96d04a702271f964ec3c21
3,2-4-9-11-13-16-18,2-4-9-11-13-16-18,1-2-3-4-8-9-10-11-13-15-16-17-18,7,13,0.729,2,"cnot_0->1,cross_on_target,features_normal,sim_manual",1.0,data/qsvm-traindata-2.csv,data/qsvm-testdata-2.csv,40x2,1000x2,x0|x1,y,486285e43db7df1ddc8e7cc28aa1f96db473c130a853275dad66f4f6f75afefe,601996c04b89d2183367caeaabe6d4ca54dca466af96d04a702271f964ec3c21
3,2-4-9-11-13-16-18-20,2-4-9-11-13-16-18-20,1-2-3-4-8-9-10-11-13-15-16-17-18-20,8,14,0.635,2,"cnot_0->1,cross_on_target,features_normal,sim_manual",1.0,data/qsvm-traindata-2.csv,data/qsvm-testdata-2.csv,40x2,1000x2,x0|x1,y,486285e43db7df1ddc8e7cc28aa1f96db473c130a853275dad66f4f6f75afefe,601996c04b89d2183367caeaabe6d4ca54dca466af96d04a702271f964ec3c21
3,2-4-9-11-14-16-18,2-4-9-11-14-16-18,1-2-3-4-8-9-10-11-14-15-16-17-18,7,13,0.771,2,"cnot_0->1,cross_on_target,features_normal,sim_manual",1.0,data/qsvm-traindata-2.csv,data/qsvm-testdata-2.csv,40x2,1000x2,x0|x1,y,486285e43db7df1ddc8e7cc28aa1f96db473c130a853275dad66f4f6f75afefe,601996c04b89d2183367caeaabe6d4ca54dca466af96d04a702271f964ec3c21
3,2-4-9-11-14-16-18-19,2-4-9-11-14-16-18-19,1-2-3-4-8-9-10-11-14-15-16-17-18-19,8,14,0.771,2,"cnot_0->1,cross_on_target,features_normal,sim_manual",1.0,data/qsvm-traindata-2.csv,data/qsvm-testdata-2.csv,40x2,1000x2,x0|x1,y,486285e43db7df1ddc8e7cc28aa1f96db473c130a853275dad66f4f6f75afefe,601996c04b89d2183367caeaabe6d4ca54dca466af96d04a702271f964ec3c21
3,2-4-9-11-14-16-18-19-21,2-4-9-11-14-16-18-19-21,1-2-3-4-8-9-10-11-14-15-16-17-18-19-21,9,15,0.771,2,"cnot_0->1,cross_on_target,features_normal,sim_manual",1.0,data/qsvm-traindata-2.csv,data/qsvm-testdata-2.csv,40x2,1000x2,x0|x1,y,486285e43db7df1ddc8e7cc28aa1f96db473c130a853275dad66f4f6f75afefe,601996c04b89d2183367caeaabe6d4ca54dca466af96d04a702271f964ec3c21
3,2-4-9-11-14-16-18-21,2-4-9-11-14-16-18-21,1-2-3-4-8-9-10-11-14-15-16-17-18-21,8,14,0.771,2,"cnot_0->1,cross_on_target,features_normal,sim_manual",1.0,data/qsvm-traindata-2.csv,data/qsvm-testdata-2.csv,40x2,1000x2,x0|x1,y,486285e43db7df1ddc8e7cc28aa1f96db473c130a853275dad66f4f6f75afefe,601996c04b89d2183367caeaabe6d4ca54dca466af96d04a702271f964ec3c21
3,2-4-9-11-16,2-4-9-11-16,1-2-3-4-8-9-10-11-15-16-17,5,11,0.739,2,"cnot_0->1,cross_on_target,features_normal,sim_manual",1.0,data/qsvm-traindata-2.csv,data/qsvm-testdata-2.csv,40x2,1000x2,x0|x1,y,486285e43db7df1ddc8e7cc28aa1f96db473c130a853275dad66f4f6f75afefe,601996c04b89d2183367caeaabe6d4ca54dca466af96d04a702271f964ec3c21
3,2-4-9-11-16-18,2-4-9-11-16-18,1-2-3-4-8-9-10-11-15-16-17-18,6,12,0.722,2,"cnot_0->1,cross_on_target,features_normal,sim_manual",1.0,data/qsvm-traindata-2.csv,data/qsvm-testdata-2.csv,40x2,1000x2,x0|x1,y,486285e43db7df1ddc8e7cc28aa1f96db473c130a853275dad66f4f6f75afefe,601996c04b89d2183367caeaabe6d4ca54dca466af96d04a702271f964ec3c21
3,2-4-9-11-16-18-19,2-4-9-11-16-18-19,1-2-3-4-8-9-10-11-15-16-17-18-19,7,13,0.722,2,"cnot_0->1,cross_on_target,features_normal,sim_manual",1.0,data/qsvm-traindata-2.csv,data/qsvm-testdata-2.csv,40x2,1000x2,x0|x1,y,486285e43db7df1ddc8e7cc28aa1f96db473c130a853275dad66f4f6f75afefe,601996c04b89d2183367caeaabe6d4ca54dca466af96d04a702271f964ec3c21
3,2-4-9-11-16-18-19-21,2-4-9-11-16-18-19-21,1-2-3-4-8-9-10-11-15-16-17-18-19-21,8,14,0.722,2,"cnot_0->1,cross_on_target,features_normal,sim_manual",1.0,data/qsvm-traindata-2.csv,data/qsvm-testdata-2.csv,40x2,1000x2,x0|x1,y,486285e43db7df1ddc8e7cc28aa1f96db473c130a853275dad66f4f6f75afefe,601996c04b89d2183367caeaabe6d4ca54dca466af96d04a702271f964ec3c21
3,2-4-9-11-16-18-20,2-4-9-11-16-18-20,1-2-3-4-8-9-10-11-15-16-17-18-20,7,13,0.769,2,"cnot_0->1,cross_on_target,features_normal,sim_manual",1.0,data/qsvm-traindata-2.csv,data/qsvm-testdata-2.csv,40x2,1000x2,x0|x1,y,486285e43db7df1ddc8e7cc28aa1f96db473c130a853275dad66f4f6f75afefe,601996c04b89d2183367caeaabe6d4ca54dca466af96d04a702271f964ec3c21
3,2-4-9-11-16-18-21,2-4-9-11-16-18-21,1-2-3-4-8-9-10-11-15-16-17-18-21,7,13,0.722,2,"cnot_0->1,cross_on_target,features_normal,sim_manual",1.0,data/qsvm-traindata-2.csv,data/qsvm-testdata-2.csv,40x2,1000x2,x0|x1,y,486285e43db7df1ddc8e7cc28aa1f96db473c130a853275dad66f4f6f75afefe,601996c04b89d2183367caeaabe6d4ca54dca466af96d04a702271f964ec3c21
3,2-4-9-11-18,2-4-9-11-18,1-2-3-4-8-9-10-11-15-17-18,5,11,0.707,2,"cnot_0->1,cross_on_target,features_normal,sim_manual",1.0,data/qsvm-traindata-2.csv,data/qsvm-testdata-2.csv,40x2,1000x2,x0|x1,y,486285e43db7df1ddc8e7cc28aa1f96db473c130a853275dad66f4f6f75afefe,601996c04b89d2183367caeaabe6d4ca54dca466af96d04a702271f964ec3c21
3,2-4-9-16,2-4-9-16,1-2-3-4-8-9-10-15-16-17,4,10,0.665,2,"cnot_0->1,cross_on_target,features_normal,sim_manual",1.0,data/qsvm-traindata-2.csv,data/qsvm-testdata-2.csv,40x2,1000x2,x0|x1,y,486285e43db7df1ddc8e7cc28aa1f96db473c130a853275dad66f4f6f75afefe,601996c04b89d2183367caeaabe6d4ca54dca466af96d04a702271f964ec3c21
3,2-4-9-16-18,2-4-9-16-18,1-2-3-4-8-9-10-15-16-17-18,5,11,0.709,2,"cnot_0->1,cross_on_target,features_normal,sim_manual",1.0,data/qsvm-traindata-2.csv,data/qsvm-testdata-2.csv,40x2,1000x2,x0|x1,y,486285e43db7df1ddc8e7cc28aa1f96db473c130a853275dad66f4f6f75afefe,601996c04b89d2183367caeaabe6d4ca54dca466af96d04a702271f964ec3c21
3,2-4-9-18,2-4-9-18,1-2-3-4-8-9-10-15-17-18,4,10,0.701,2,"cnot_0->1,cross_on_target,features_normal,sim_manual",1.0,data/qsvm-traindata-2.csv,data/qsvm-testdata-2.csv,40x2,1000x2,x0|x1,y,486285e43db7df1ddc8e7cc28aa1f96db473c130a853275dad66f4f6f75afefe,601996c04b89d2183367caeaabe6d4ca54dca466af96d04a702271f964ec3c21
3,2-4-11,2-4-11,1-2-3-4-8-10-11-15-17,3,9,0.666,2,"cnot_0->1,cross_on_target,features_normal,sim_manual",1.0,data/qsvm-traindata-2.csv,data/qsvm-testdata-2.csv,40x2,1000x2,x0|x1,y,486285e43db7df1ddc8e7cc28aa1f96db473c130a853275dad66f4f6f75afefe,601996c04b89d2183367caeaabe6d4ca54dca466af96d04a702271f964ec3c21
3,2-4-11-16,2-4-11-16,1-2-3-4-8-10-11-15-16-17,4,10,0.71,2,"cnot_0->1,cross_on_target,features_normal,sim_manual",1.0,data/qsvm-traindata-2.csv,data/qsvm-testdata-2.csv,40x2,1000x2,x0|x1,y,486285e43db7df1ddc8e7cc28aa1f96db473c130a853275dad66f4f6f75afefe,601996c04b89d2183367caeaabe6d4ca54dca466af96d04a702271f964ec3c21
3,2-4-11-16-18,2-4-11-16-18,1-2-3-4-8-10-11-15-16-17-18,5,11,0.695,2,"cnot_0->1,cross_on_target,features_normal,sim_manual",1.0,data/qsvm-traindata-2.csv,data/qsvm-testdata-2.csv,40x2,1000x2,x0|x1,y,486285e43db7df1ddc8e7cc28aa1f96db473c130a853275dad66f4f6f75afefe,601996c04b89d2183367caeaabe6d4ca54dca466af96d04a702271f964ec3c21
3,2-4-11-18,2-4-11-18,1-2-3-4-8-10-11-15-17-18,4,10,0.68,2,"cnot_0->1,cross_on_target,features_normal,sim_manual",1.0,data/qsvm-traindata-2.csv,data/qsvm-testdata-2.csv,40x2,1000x2,x0|x1,y,486285e43db7df1ddc8e7cc28aa1f96db473c130a853275dad66f4f6f75afefe,601996c04b89d2183367caeaabe6d4ca54dca466af96d04a702271f964ec3c21
3,2-4-16,2-4-16,1-2-3-4-8-10-15-16-17,3,9,0.688,2,"cnot_0->1,cross_on_target,features_normal,sim_manual",1.0,data/qsvm-traindata-2.csv,data/qsvm-testdata-2.csv,40x2,1000x2,x0|x1,y,486285e43db7df1ddc8e7cc28aa1f96db473c130a853275dad66f4f6f75afefe,601996c04b89d2183367caeaabe6d4ca54dca466af96d04a702271f964ec3c21
3,2-4-16-18,2-4-16-18,1-2-3-4-8-10-15-16-17-18,4,10,0.731,2,"cnot_0->1,cross_on_target,features_normal,sim_manual",1.0,data/qsvm-traindata-2.csv,data/qsvm-testdata-2.csv,40x2,1000x2,x0|x1,y,486285e43db7df1ddc8e7cc28aa1f96db473c130a853275dad66f4f6f75afefe,601996c04b89d2183367caeaabe6d4ca54dca466af96d04a702271f964ec3c21
3,2-4-18,2-4-18,1-2-3-4-8-10-15-17-18,3,9,0.68,2,"cnot_0->1,cross_on_target,features_normal,sim_manual",1.0,data/qsvm-traindata-2.csv,data/qsvm-testdata-2.csv,40x2,1000x2,x0|x1,y,486285e43db7df1ddc8e7cc28aa1f96db473c130a853275dad66f4f6f75afefe,601996c04b89d2183367caeaabe6d4ca54dca466af96d04a702271f964ec3c21
3,2-5-6-7-9-11-12-13-14-16-18-19-20-21,2-5-6-7-9-11-12-13-14-16-18-19-20-21,1-2-3-5-6-7-8-9-10-11-12-13-14-15-16-17-18-19-20-21,14,20,0.612,2,"cnot_0->1,cross_on_target,features_normal,sim_manual",1.0,data/qsvm-traindata-2.csv,data/qsvm-testdata-2.csv,40x2,1000x2,x0|x1,y,486285e43db7df1ddc8e7cc28aa1f96db473c130a853275dad66f4f6f75afefe,601996c04b89d2183367caeaabe6d4ca54dca466af96d04a702271f964ec3c21
3,2-5-6-7-9-11-12-13-14-16-19-20-21,2-5-6-7-9-11-12-13-14-16-19-20-21,1-2-3-5-6-7-8-9-10-11-12-13-14-15-16-17-19-20-21,13,19,0.716,2,"cnot_0->1,cross_on_target,features_normal,sim_manual",1.0,data/qsvm-traindata-2.csv,data/qsvm-testdata-2.csv,40x2,1000x2,x0|x1,y,486285e43db7df1ddc8e7cc28aa1f96db473c130a853275dad66f4f6f75afefe,601996c04b89d2183367caeaabe6d4ca54dca466af96d04a702271f964ec3c21
3,2-5-6-7-9-11-12-13-14-18-19-20-21,2-5-6-7-9-11-12-13-14-18-19-20-21,1-2-3-5-6-7-8-9-10-11-12-13-14-15-17-18-19-20-21,13,19,0.661,2,"cnot_0->1,cross_on_target,features_normal,sim_manual",1.0,data/qsvm-traindata-2.csv,data/qsvm-testdata-2.csv,40x2,1000x2,x0|x1,y,486285e43db7df1ddc8e7cc28aa1f96db473c130a853275dad66f4f6f75afefe,601996c04b89d2183367caeaabe6d4ca54dca466af96d04a702271f964ec3c21
3,2-5-6-7-9-11-12-13-14-19-20-21,2-5-6-7-9-11-12-13-14-19-20-21,1-2-3-5-6-7-8-9-10-11-12-13-14-15-17-19-20-21,12,18,0.512,2,"cnot_0->1,cross_on_target,features_normal,sim_manual",1.0,data/qsvm-traindata-2.csv,data/qsvm-testdata-2.csv,40x2,1000x2,x0|x1,y,486285e43db7df1ddc8e7cc28aa1f96db473c130a853275dad66f4f6f75afefe,601996c04b89d2183367caeaabe6d4ca54dca466af96d04a702271f964ec3c21
3,2-5-6-7-9-12-13-14-16-18-19-20-21,2-5-6-7-9-12-13-14-16-18-19-20-21,1-2-3-5-6-7-8-9-10-12-13-14-15-16-17-18-19-20-21,13,19,0.613,2,"cnot_0->1,cross_on_target,features_normal,sim_manual",1.0,data/qsvm-traindata-2.csv,data/qsvm-testdata-2.csv,40x2,1000x2,x0|x1,y,486285e43db7df1ddc8e7cc28aa1f96db473c130a853275dad66f4f6f75afefe,601996c04b89d2183367caeaabe6d4ca54dca466af96d04a702271f964ec3c21
3,2-5-6-7-9-12-13-14-16-19-20-21,2-5-6-7-9-12-13-14-16-19-20-21,1-2-3-5-6-7-8-9-10-12-13-14-15-16-17-19-20-21,12,18,0.659,2,"cnot_0->1,cross_on_target,features_normal,sim_manual",1.0,data/qsvm-traindata-2.csv,data/qsvm-testdata-2.csv,40x2,1000x2,x0|x1,y,486285e43db7df1ddc8e7cc28aa1f96db473c130a853275dad66f4f6f75afefe,601996c04b89d2183367caeaabe6d4ca54dca466af96d04a702271f964ec3c21
3,2-5-6-7-9-12-13-14-18-19-20-21,2-5-6-7-9-12-13-14-18-19-20-21,1-2-3-5-6-7-8-9-10-12-13-14-15-17-18-19-20-21,12,18,0.618,2,"cnot_0->1,cross_on_target,features_normal,sim_manual",1.0,data/qsvm-traindata-2.csv,data/qsvm-testdata-2.csv,40x2,1000x2,x0|x1,y,486285e43db7df1ddc8e7cc28aa1f96db473c130a853275dad66f4f6f75afefe,601996c04b89d2183367caeaabe6d4ca54dca466af96d04a702271f964ec3c21
3,2-5-6-7-9-12-13-14-19-20-21,2-5-6-7-9-12-13-14-19-20-21,1-2-3-5-6-7-8-9-10-12-13-14-15-17-19-20-21,11,17,0.635,2,"cnot_0->1,cross_on_target,features_normal,sim_manual",1.0,data/qsvm-traindata-2.csv,data/qsvm-testdata-2.csv,40x2,1000x2,x0|x1,y,486285e43db7df1ddc8e7cc28aa1f96db473c130a853275dad66f4f6f75afefe,601996c04b89d2183367caeaabe6d4ca54dca466af96d04a702271f964ec3c21
3,2-5-6-7-11-12-13-14-16-18-19-20-21,2-5-6-7-11-12-13-14-16-18-19-20-21,1-2-3-5-6-7-8-10-11-12-13-14-15-16-17-18-19-20-21,13,19,0.634,2,"cnot_0->1,cross_on_target,features_normal,sim_manual",1.0,data/qsvm-traindata-2.csv,data/qsvm-testdata-2.csv,40x2,1000x2,x0|x1,y,486285e43db7df1ddc8e7cc28aa1f96db473c130a853275dad66f4f6f75afefe,601996c04b89d2183367caeaabe6d4ca54dca466af96d04a702271f964ec3c21
3,2-5-6-7-11-12-13-14-16-19-20-21,2-5-6-7-11-12-13-14-16-19-20-21,1-2-3-5-6-7-8-10-11-12-13-14-15-16-17-19-20-21,12,18,0.572,2,"cnot_0->1,cross_on_target,features_normal,sim_manual",1.0,data/qsvm-traindata-2.csv,data/qsvm-testdata-2.csv,40x2,1000x2,x0|x1,y,486285e43db7df1ddc8e7cc28aa1f96db473c130a853275dad66f4f6f75afefe,601996c04b89d2183367caeaabe6d4ca54dca466af96d04a702271f964ec3c21
3,2-5-6-7-11-12-13-14-18-19-20-21,2-5-6-7-11-12-13-14-18-19-20-21,1-2-3-5-6-7-8-10-11-12-13-14-15-17-18-19-20-21,12,18,0.663,2,"cnot_0->1,cross_on_target,features_normal,sim_manual",1.0,data/qsvm-traindata-2.csv,data/qsvm-testdata-2.csv,40x2,1000x2,x0|x1,y,486285e43db7df1ddc8e7cc28aa1f96db473c130a853275dad66f4f6f75afefe,601996c04b89d2183367caeaabe6d4ca54dca466af96d04a702271f964ec3c21
3,2-5-6-7-11-12-13-14-19-20-21,2-5-6-7-11-12-13-14-19-20-21,1-2-3-5-6-7-8-10-11-12-13-14-15-17-19-20-21,11,17,0.438,2,"cnot_0->1,cross_on_target,features_normal,sim_manual",1.0,data/qsvm-traindata-2.csv,data/qsvm-testdata-2.csv,40x2,1000x2,x0|x1,y,486285e43db7df1ddc8e7cc28aa1f96db473c130a853275dad66f4f6f75afefe,601996c04b89d2183367caeaabe6d4ca54dca466af96d04a702271f964ec3c21
3,2-5-6-7-12-13-14-16-18-19-20-21,2-5-6-7-12-13-14-16-18-19-20-21,1-2-3-5-6-7-8-10-12-13-14-15-16-17-18-19-20-21,12,18,0.586,2,"cnot_0->1,cross_on_target,features_normal,sim_manual",1.0,data/qsvm-traindata-2.csv,data/qsvm-testdata-2.csv,40x2,1000x2,x0|x1,y,486285e43db7df1ddc8e7cc28aa1f96db473c130a853275dad66f4f6f75afefe,601996c04b89d2183367caeaabe6d4ca54dca466af96d04a702271f964ec3c21
3,2-5-6-7-12-13-14-16-19-20-21,2-5-6-7-12-13-14-16-19-20-21,1-2-3-5-6-7-8-10-12-13-14-15-16-17-19-20-21,11,17,0.607,2,"cnot_0->1,cross_on_target,features_normal,sim_manual",1.0,data/qsvm-traindata-2.csv,data/qsvm-testdata-2.csv,40x2,1000x2,x0|x1,y,486285e43db7df1ddc8e7cc28aa1f96db473c130a853275dad66f4f6f75afefe,601996c04b89d2183367caeaabe6d4ca54dca466af96d04a702271f964ec3c21
3,2-5-6-7-12-13-14-18-19-20-21,2-5-6-7-12-13-14-18-19-20-21,1-2-3-5-6-7-8-10-12-13-14-15-17-18-19-20-21,11,17,0.553,2,"cnot_0->1,cross_on_target,features_normal,sim_manual",1.0,data/qsvm-traindata-2.csv,data/qsvm-testdata-2.csv,40x2,1000x2,x0|x1,y,486285e43db7df1ddc8e7cc28aa1f96db473c130a853275dad66f4f6f75afefe,601996c04b89d2183367caeaabe6d4ca54dca466af96d04a702271f964ec3c21
3,2-5-6-7-12-13-14-19-20-21,2-5-6-7-12-13-14-19-20-21,1-2-3-5-6-7-8-10-12-13-14-15-17-19-20-21,10,16,0.539,2,"cnot_0->1,cross_on_target,features_normal,sim_manual",1.0,data/qsvm-traindata-2.csv,data/qsvm-testdata-2.csv,40x2,1000x2,x0|x1,y,486285e43db7df1ddc8e7cc28aa1f96db473c130a853275dad66f4f6f75afefe,601996c04b89d2183367caeaabe6d4ca54dca466af96d04a702271f964ec3c21
3,2-5-7-9-11-12-14-16-18-19-21,2-5-7-9-11-12-14-16-18-19-21,1-2-3-5-7-8-9-10-11-12-14-15-16-17-18-19-21,11,17,0.665,2,"cnot_0->1,cross_on_target,features_normal,sim_manual",1.0,data/qsvm-traindata-2.csv,data/qsvm-testdata-2.csv,40x2,1000x2,x0|x1,y,486285e43db7df1ddc8e7cc28aa1f96db473c130a853275dad66f4f6f75afefe,601996c04b89d2183367caeaabe6d4ca54dca466af96d04a702271f964ec3c21
3,2-5-7-9-11-12-14-16-19-21,2-5-7-9-11-12-14-16-19-21,1-2-3-5-7-8-9-10-11-12-14-15-16-17-19-21,10,16,0.672,2,"cnot_0->1,cross_on_target,features_normal,sim_manual",1.0,data/qsvm-traindata-2.csv,data/qsvm-testdata-2.csv,40x2,1000x2,x0|x1,y,486285e43db7df1ddc8e7cc28aa1f96db473c130a853275dad66f4f6f75afefe,601996c04b89d2183367caeaabe6d4ca54dca466af96d04a702271f964ec3c21
3,2-5-7-9-11-12-14-18-19-21,2-5-7-9-11-12-14-18-19-21,1-2-3-5-7-8-9-10-11-12-14-15-17-18-19-21,10,16,0.635,2,"cnot_0->1,cross_on_target,features_normal,sim_manual",1.0,data/qsvm-traindata-2.csv,data/qsvm-testdata-2.csv,40x2,1000x2,x0|x1,y,486285e43db7df1ddc8e7cc28aa1f96db473c130a853275dad66f4f6f75afefe,601996c04b89d2183367caeaabe6d4ca54dca466af96d04a702271f964ec3c21
3,2-5-7-9-11-12-14-19-21,2-5-7-9-11-12-14-19-21,1-2-3-5-7-8-9-10-11-12-14-15-17-19-21,9,15,0.601,2,"cnot_0->1,cross_on_target,features_normal,sim_manual",1.0,data/qsvm-traindata-2.csv,data/qsvm-testdata-2.csv,40x2,1000x2,x0|x1,y,486285e43db7df1ddc8e7cc28aa1f96db473c130a853275dad66f4f6f75afefe,601996c04b89d2183367caeaabe6d4ca54dca466af96d04a702271f964ec3c21
3,2-5-7-9-12-14-16-18-19-21,2-5-7-9-12-14-16-18-19-21,1-2-3-5-7-8-9-10-12-14-15-16-17-18-19-21,10,16,0.665,2,"cnot_0->1,cross_on_target,features_normal,sim_manual",1.0,data/qsvm-traindata-2.csv,data/qsvm-testdata-2.csv,40x2,1000x2,x0|x1,y,486285e43db7df1ddc8e7cc28aa1f96db473c130a853275dad66f4f6f75afefe,601996c04b89d2183367caeaabe6d4ca54dca466af96d04a702271f964ec3c21
3,2-5-7-9-12-14-16-19-21,2-5-7-9-12-14-16-19-21,1-2-3-5-7-8-9-10-12-14-15-16-17-19-21,9,15,0.672,2,"cnot_0->1,cross_on_target,features_normal,sim_manual",1.0,data/qsvm-traindata-2.csv,data/qsvm-testdata-2.csv,40x2,1000x2,x0|x1,y,486285e43db7df1ddc8e7cc28aa1f96db473c130a853275dad66f4f6f75afefe,601996c04b89d2183367caeaabe6d4ca54dca466af96d04a702271f964ec3c21
3,2-5-7-9-12-14-18-19-21,2-5-7-9-12-14-18-19-21,1-2-3-5-7-8-9-10-12-14-15-17-18-19-21,9,15,0.635,2,"cnot_0->1,cross_on_target,features_normal,sim_manual",1.0,data/qsvm-traindata-2.csv,data/qsvm-testdata-2.csv,40x2,1000x2,x0|x1,y,486285e43db7df1ddc8e7cc28aa1f96db473c130a853275dad66f4f6f75afefe,601996c04b89d2183367caeaabe6d4ca54dca466af96d04a702271f964ec3c21
3,2-5-7-9-12-14-19-21,2-5-7-9-12-14-19-21,1-2-3-5-7-8-9-10-12-14-15-17-19-21,8,14,0.601,2,"cnot_0->1,cross_on_target,features_normal,sim_manual",1.0,data/qsvm-traindata-2.csv,data/qsvm-testdata-2.csv,40x2,1000x2,x0|x1,y,486285e43db7df1ddc8e7cc28aa1f96db473c130a853275dad66f4f6f75afefe,601996c04b89d2183367caeaabe6d4ca54dca466af96d04a702271f964ec3c21
3,2-5-7-11-12-14-16-18-19-21,2-5-7-11-12-14-16-18-19-21,1-2-3-5-7-8-10-11-12-14-15-16-17-18-19-21,10,16,0.688,2,"cnot_0->1,cross_on_target,features_normal,sim_manual",1.0,data/qsvm-traindata-2.csv,data/qsvm-testdata-2.csv,40x2,1000x2,x0|x1,y,486285e43db7df1ddc8e7cc28aa1f96db473c130a853275dad66f4f6f75afefe,601996c04b89d2183367caeaabe6d4ca54dca466af96d04a702271f964ec3c21
3,2-5-7-11-12-14-16-19-21,2-5-7-11-12-14-16-19-21,1-2-3-5-7-8-10-11-12-14-15-16-17-19-21,9,15,0.633,2,"cnot_0->1,cross_on_target,features_normal,sim_manual",1.0,data/qsvm-traindata-2.csv,data/qsvm-testdata-2.csv,40x2,1000x2,x0|x1,y,486285e43db7df1ddc8e7cc28aa1f96db473c130a853275dad66f4f6f75afefe,601996c04b89d2183367caeaabe6d4ca54dca466af96d04a702271f964ec3c21
3,2-5-7-11-12-14-18-19-21,2-5-7-11-12-14-18-19-21,1-2-3-5-7-8-10-11-12-14-15-17-18-19-21,9,15,0.605,2,"cnot_0->1,cross_on_target,features_normal,sim_manual",1.0,data/qsvm-traindata-2.csv,data/qsvm-testdata-2.csv,40x2,1000x2,x0|x1,y,486285e43db7df1ddc8e7cc28aa1f96db473c130a853275dad66f4f6f75afefe,601996c04b89d2183367caeaabe6d4ca54dca466af96d04a702271f964ec3c21
3,2-5-7-11-12-14-19-21,2-5-7-11-12-14-19-21,1-2-3-5-7-8-10-11-12-14-15-17-19-21,8,14,0.451,2,"cnot_0->1,cross_on_target,features_normal,sim_manual",1.0,data/qsvm-traindata-2.csv,data/qsvm-testdata-2.csv,40x2,1000x2,x0|x1,y,486285e43db7df1ddc8e7cc28aa1f96db473c130a853275dad66f4f6f75afefe,601996c04b89d2183367caeaabe6d4ca54dca466af96d04a702271f964ec3c21
3,2-5-7-12-14-16-18-19-21,2-5-7-12-14-16-18-19-21,1-2-3-5-7-8-10-12-14-15-16-17-18-19-21,9,15,0.688,2,"cnot_0->1,cross_on_target,features_normal,sim_manual",1.0,data/qsvm-traindata-2.csv,data/qsvm-testdata-2.csv,40x2,1000x2,x0|x1,y,486285e43db7df1ddc8e7cc28aa1f96db473c130a853275dad66f4f6f75afefe,601996c04b89d2183367caeaabe6d4ca54dca466af96d04a702271f964ec3c21
3,2-5-7-12-14-16-19-21,2-5-7-12-14-16-19-21,1-2-3-5-7-8-10-12-14-15-16-17-19-21,8,14,0.633,2,"cnot_0->1,cross_on_target,features_normal,sim_manual",1.0,data/qsvm-traindata-2.csv,data/qsvm-testdata-2.csv,40x2,1000x2,x0|x1,y,486285e43db7df1ddc8e7cc28aa1f96db473c130a853275dad66f4f6f75afefe,601996c04b89d2183367caeaabe6d4ca54dca466af96d04a702271f964ec3c21
3,2-5-7-12-14-18-19-21,2-5-7-12-14-18-19-21,1-2-3-5-7-8-10-12-14-15-17-18-19-21,8,14,0.605,2,"cnot_0->1,cross_on_target,features_normal,sim_manual",1.0,data/qsvm-traindata-2.csv,data/qsvm-testdata-2.csv,40x2,1000x2,x0|x1,y,486285e43db7df1ddc8e7cc28aa1f96db473c130a853275dad66f4f6f75afefe,601996c04b89d2183367caeaabe6d4ca54dca466af96d04a702271f964ec3c21
3,2-5-7-12-14-19-21,2-5-7-12-14-19-21,1-2-3-5-7-8-10-12-14-15-17-19-21,7,13,0.451,2,"cnot_0->1,cross_on_target,features_normal,sim_manual",1.0,data/qsvm-traindata-2.csv,data/qsvm-testdata-2.csv,40x2,1000x2,x0|x1,y,486285e43db7df1ddc8e7cc28aa1f96db473c130a853275dad66f4f6f75afefe,601996c04b89d2183367caeaabe6d4ca54dca466af96d04a702271f964ec3c21
3,2-6-9-11-13-16-18-20,2-6-9-11-13-16-18-20,1-2-3-6-8-9-10-11-13-15-16-17-18-20,8,14,0.694,2,"cnot_0->1,cross_on_target,features_normal,sim_manual",1.0,data/qsvm-traindata-2.csv,data/qsvm-testdata-2.csv,40x2,1000x2,x0|x1,y,486285e43db7df1ddc8e7cc28aa1f96db473c130a853275dad66f4f6f75afefe,601996c04b89d2183367caeaabe6d4ca54dca466af96d04a702271f964ec3c21
3,2-6-9-11-13-16-20,2-6-9-11-13-16-20,1-2-3-6-8-9-10-11-13-15-16-17-20,7,13,0.637,2,"cnot_0->1,cross_on_target,features_normal,sim_manual",1.0,data/qsvm-traindata-2.csv,data/qsvm-testdata-2.csv,40x2,1000x2,x0|x1,y,486285e43db7df1ddc8e7cc28aa1f96db473c130a853275dad66f4f6f75afefe,601996c04b89d2183367caeaabe6d4ca54dca466af96d04a702271f964ec3c21
3,2-6-9-11-13-18-20,2-6-9-11-13-18-20,1-2-3-6-8-9-10-11-13-15-17-18-20,7,13,0.665,2,"cnot_0->1,cross_on_target,features_normal,sim_manual",1.0,data/qsvm-traindata-2.csv,data/qsvm-testdata-2.csv,40x2,1000x2,x0|x1,y,486285e43db7df1ddc8e7cc28aa1f96db473c130a853275dad66f4f6f75afefe,601996c04b89d2183367caeaabe6d4ca54dca466af96d04a702271f964ec3c21
3,2-6-9-11-13-20,2-6-9-11-13-20,1-2-3-6-8-9-10-11-13-15-17-20,6,12,0.587,2,"cnot_0->1,cross_on_target,features_normal,sim_manual",1.0,data/qsvm-traindata-2.csv,data/qsvm-testdata-2.csv,40x2,1000x2,x0|x1,y,486285e43db7df1ddc8e7cc28aa1f96db473c130a853275dad66f4f6f75afefe,601996c04b89d2183367caeaabe6d4ca54dca466af96d04a702271f964ec3c21
3,2-6-9-13-16-18-20,2-6-9-13-16-18-20,1-2-3-6-8-9-10-13-15-16-17-18-20,7,13,0.675,2,"cnot_0->1,cross_on_target,features_normal,sim_manual",1.0,data/qsvm-traindata-2.csv,data/qsvm-testdata-2.csv,40x2,1000x2,x0|x1,y,486285e43db7df1ddc8e7cc28aa1f96db473c130a853275dad66f4f6f75afefe,601996c04b89d2183367caeaabe6d4ca54dca466af96d04a702271f964ec3c21
3,2-6-9-13-16-20,2-6-9-13-16-20,1-2-3-6-8-9-10-13-15-16-17-20,6,12,0.665,2,"cnot_0->1,cross_on_target,features_normal,sim_manual",1.0,data/qsvm-traindata-2.csv,data/qsvm-testdata-2.csv,40x2,1000x2,x0|x1,y,486285e43db7df1ddc8e7cc28aa1f96db473c130a853275dad66f4f6f75afefe,601996c04b89d2183367caeaabe6d4ca54dca466af96d04a702271f964ec3c21
3,2-6-9-13-18-20,2-6-9-13-18-20,1-2-3-6-8-9-10-13-15-17-18-20,6,12,0.636,2,"cnot_0->1,cross_on_target,features_normal,sim_manual",1.0,data/qsvm-traindata-2.csv,data/qsvm-testdata-2.csv,40x2,1000x2,x0|x1,y,486285e43db7df1ddc8e7cc28aa1f96db473c130a853275dad66f4f6f75afefe,601996c04b89d2183367caeaabe6d4ca54dca466af96d04a702271f964ec3c21
3,2-6-9-13-20,2-6-9-13-20,1-2-3-6-8-9-10-13-15-17-20,5,11,0.622,2,"cnot_0->1,cross_on_target,features_normal,sim_manual",1.0,data/qsvm-traindata-2.csv,data/qsvm-testdata-2.csv,40x2,1000x2,x0|x1,y,486285e43db7df1ddc8e7cc28aa1f96db473c130a853275dad66f4f6f75afefe,601996c04b89d2183367caeaabe6d4ca54dca466af96d04a702271f964ec3c21
3,2-6-11-13-16-18-20,2-6-11-13-16-18-20,1-2-3-6-8-10-11-13-15-16-17-18-20,7,13,0.679,2,"cnot_0->1,cross_on_target,features_normal,sim_manual",1.0,data/qsvm-traindata-2.csv,data/qsvm-testdata-2.csv,40x2,1000x2,x0|x1,y,486285e43db7df1ddc8e7cc28aa1f96db473c130a853275dad66f4f6f75afefe,601996c04b89d2183367caeaabe6d4ca54dca466af96d04a702271f964ec3c21
3,2-6-11-13-16-20,2-6-11-13-16-20,1-2-3-6-8-10-11-13-15-16-17-20,6,12,0.638,2,"cnot_0->1,cross_on_target,features_normal,sim_manual",1.0,data/qsvm-traindata-2.csv,data/qsvm-testdata-2.csv,40x2,1000x2,x0|x1,y,486285e43db7df1ddc8e7cc28aa1f96db473c130a853275dad66f4f6f75afefe,601996c04b89d2183367caeaabe6d4ca54dca466af96d04a702271f964ec3c21
3,2-6-11-13-18-20,2-6-11-13-18-20,1-2-3-6-8-10-11-13-15-17-18-20,6,12,0.628,2,"cnot_0->1,cross_on_target,features_normal,sim_manual",1.0,data/qsvm-traindata-2.csv,data/qsvm-testdata-2.csv,40x2,1000x2,x0|x1,y,486285e43db7df1ddc8e7cc28aa1f96db473c130a853275dad66f4f6f75afefe,601996c04b89d2183367caeaabe6d4ca54dca466af96d04a702271f964ec3c21
3,2-6-11-13-20,2-6-11-13-20,1-2-3-6-8-10-11-13-15-17-20,5,11,0.483,2,"cnot_0->1,cross_on_target,features_normal,sim_manual",1.0,data/qsvm-traindata-2.csv,data/qsvm-testdata-2.csv,40x2,1000x2,x0|x1,y,486285e43db7df1ddc8e7cc28aa1f96db473c130a853275dad66f4f6f75afefe,601996c04b89d2183367caeaabe6d4ca54dca466af96d04a702271f964ec3c21
3,2-6-13-16-18-20,2-6-13-16-18-20,1-2-3-6-8-10-13-15-16-17-18-20,6,12,0.668,2,"cnot_0->1,cross_on_target,features_normal,sim_manual",1.0,data/qsvm-traindata-2.csv,data/qsvm-testdata-2.csv,40x2,1000x2,x0|x1,y,486285e43db7df1ddc8e7cc28aa1f96db473c130a853275dad66f4f6f75afefe,601996c04b89d2183367caeaabe6d4ca54dca466af96d04a702271f964ec3c21
3,2-6-13-16-20,2-6-13-16-20,1-2-3-6-8-10-13-15-16-17-20,5,11,0.627,2,"cnot_0->1,cross_on_target,features_normal,sim_manual",1.0,data/qsvm-traindata-2.csv,data/qsvm-testdata-2.csv,40x2,1000x2,x0|x1,y,486285e43db7df1ddc8e7cc28aa1f96db473c130a853275dad66f4f6f75afefe,601996c04b89d2183367caeaabe6d4ca54dca466af96d04a702271f964ec3c21
3,2-6-13-18-20,2-6-13-18-20,1-2-3-6-8-10-13-15-17-18-20,5,11,0.578,2,"cnot_0->1,cross_on_target,features_normal,sim_manual",1.0,data/qsvm-traindata-2.csv,data/qsvm-testdata-2.csv,40x2,1000x2,x0|x1,y,486285e43db7df1ddc8e7cc28aa1f96db473c130a853275dad66f4f6f75afefe,601996c04b89d2183367caeaabe6d4ca54dca466af96d04a702271f964ec3c21
3,2-6-13-20,2-6-13-20,1-2-3-6-8-10-13-15-17-20,4,10,0.517,2,"cnot_0->1,cross_on_target,features_normal,sim_manual",1.0,data/qsvm-traindata-2.csv,data/qsvm-testdata-2.csv,40x2,1000x2,x0|x1,y,486285e43db7df1ddc8e7cc28aa1f96db473c130a853275dad66f4f6f75afefe,601996c04b89d2183367caeaabe6d4ca54dca466af96d04a702271f964ec3c21
3,2-9,2-9,1-2-3-8-9-10-15-17,2,8,0.601,2,"cnot_0->1,cross_on_target,features_normal,sim_manual",1.0,data/qsvm-traindata-2.csv,data/qsvm-testdata-2.csv,40x2,1000x2,x0|x1,y,486285e43db7df1ddc8e7cc28aa1f96db473c130a853275dad66f4f6f75afefe,601996c04b89d2183367caeaabe6d4ca54dca466af96d04a702271f964ec3c21
3,2-9-11,2-9-11,1-2-3-8-9-10-11-15-17,3,9,0.601,2,"cnot_0->1,cross_on_target,features_normal,sim_manual",1.0,data/qsvm-traindata-2.csv,data/qsvm-testdata-2.csv,40x2,1000x2,x0|x1,y,486285e43db7df1ddc8e7cc28aa1f96db473c130a853275dad66f4f6f75afefe,601996c04b89d2183367caeaabe6d4ca54dca466af96d04a702271f964ec3c21
3,2-9-11-16,2-9-11-16,1-2-3-8-9-10-11-15-16-17,4,10,0.672,2,"cnot_0->1,cross_on_target,features_normal,sim_manual",1.0,data/qsvm-traindata-2.csv,data/qsvm-testdata-2.csv,40x2,1000x2,x0|x1,y,486285e43db7df1ddc8e7cc28aa1f96db473c130a853275dad66f4f6f75afefe,601996c04b89d2183367caeaabe6d4ca54dca466af96d04a702271f964ec3c21
3,2-9-11-16-18,2-9-11-16-18,1-2-3-8-9-10-11-15-16-17-18,5,11,0.665,2,"cnot_0->1,cross_on_target,features_normal,sim_manual",1.0,data/qsvm-traindata-2.csv,data/qsvm-testdata-2.csv,40x2,1000x2,x0|x1,y,486285e43db7df1ddc8e7cc28aa1f96db473c130a853275dad66f4f6f75afefe,601996c04b89d2183367caeaabe6d4ca54dca466af96d04a702271f964ec3c21
3,2-9-11-18,2-9-11-18,1-2-3-8-9-10-11-15-17-18,4,10,0.635,2,"cnot_0->1,cross_on_target,features_normal,sim_manual",1.0,data/qsvm-traindata-2.csv,data/qsvm-testdata-2.csv,40x2,1000x2,x0|x1,y,486285e43db7df1ddc8e7cc28aa1f96db473c130a853275dad66f4f6f75afefe,601996c04b89d2183367caeaabe6d4ca54dca466af96d04a702271f964ec3c21
3,2-9-16,2-9-16,1-2-3-8-9-10-15-16-17,3,9,0.672,2,"cnot_0->1,cross_on_target,features_normal,sim_manual",1.0,data/qsvm-traindata-2.csv,data/qsvm-testdata-2.csv,40x2,1000x2,x0|x1,y,486285e43db7df1ddc8e7cc28aa1f96db473c130a853275dad66f4f6f75afefe,601996c04b89d2183367caeaabe6d4ca54dca466af96d04a702271f964ec3c21
3,2-9-16-18,2-9-16-18,1-2-3-8-9-10-15-16-17-18,4,10,0.665,2,"cnot_0->1,cross_on_target,features_normal,sim_manual",1.0,data/qsvm-traindata-2.csv,data/qsvm-testdata-2.csv,40x2,1000x2,x0|x1,y,486285e43db7df1ddc8e7cc28aa1f96db473c130a853275dad66f4f6f75afefe,601996c04b89d2183367caeaabe6d4ca54dca466af96d04a702271f964ec3c21
3,2-9-18,2-9-18,1-2-3-8-9-10-15-17-18,3,9,0.635,2,"cnot_0->1,cross_on_target,features_normal,sim_manual",1.0,data/qsvm-traindata-2.csv,data/qsvm-testdata-2.csv,40x2,1000x2,x0|x1,y,486285e43db7df1ddc8e7cc28aa1f96db473c130a853275dad66f4f6f75afefe,601996c04b89d2183367caeaabe6d4ca54dca466af96d04a702271f964ec3c21
3,2-11,2-11,1-2-3-8-10-11-15-17,2,8,0.451,2,"cnot_0->1,cross_on_target,features_normal,sim_manual",1.0,data/qsvm-traindata-2.csv,data/qsvm-testdata-2.csv,40x2,1000x2,x0|x1,y,486285e43db7df1ddc8e7cc28aa1f96db473c130a853275dad66f4f6f75afefe,601996c04b89d2183367caeaabe6d4ca54dca466af96d04a702271f964ec3c21
3,2-11-16,2-11-16,1-2-3-8-10-11-15-16-17,3,9,0.633,2,"cnot_0->1,cross_on_target,features_normal,sim_manual",1.0,data/qsvm-traindata-2.csv,data/qsvm-testdata-2.csv,40x2,1000x2,x0|x1,y,486285e43db7df1ddc8e7cc28aa1f96db473c130a853275dad66f4f6f75afefe,601996c04b89d2183367caeaabe6d4ca54dca466af96d04a702271f964ec3c21
3,2-11-16-18,2-11-16-18,1-2-3-8-10-11-15-16-17-18,4,10,0.688,2,"cnot_0->1,cross_on_target,features_normal,sim_manual",1.0,data/qsvm-traindata-2.csv,data/qsvm-testdata-2.csv,40x2,1000x2,x0|x1,y,486285e43db7df1ddc8e7cc28aa1f96db473c130a853275dad66f4f6f75afefe,601996c04b89d2183367caeaabe6d4ca54dca466af96d04a702271f964ec3c21
3,2-11-18,2-11-18,1-2-3-8-10-11-15-17-18,3,9,0.605,2,"cnot_0->1,cross_on_target,features_normal,sim_manual",1.0,data/qsvm-traindata-2.csv,data/qsvm-testdata-2.csv,40x2,1000x2,x0|x1,y,486285e43db7df1ddc8e7cc28aa1f96db473c130a853275dad66f4f6f75afefe,601996c04b89d2183367caeaabe6d4ca54dca466af96d04a702271f964ec3c21
3,2-16,2-16,1-2-3-8-10-15-16-17,2,8,0.633,2,"cnot_0->1,cross_on_target,features_normal,sim_manual",1.0,data/qsvm-traindata-2.csv,data/qsvm-testdata-2.csv,40x2,1000x2,x0|x1,y,486285e43db7df1ddc8e7cc28aa1f96db473c130a853275dad66f4f6f75afefe,601996c04b89d2183367caeaabe6d4ca54dca466af96d04a702271f964ec3c21
3,2-16-18,2-16-18,1-2-3-8-10-15-16-17-18,3,9,0.688,2,"cnot_0->1,cross_on_target,features_normal,sim_manual",1.0,data/qsvm-traindata-2.csv,data/qsvm-testdata-2.csv,40x2,1000x2,x0|x1,y,486285e43db7df1ddc8e7cc28aa1f96db473c130a853275dad66f4f6f75afefe,601996c04b89d2183367caeaabe6d4ca54dca466af96d04a702271f964ec3c21
3,2-18,2-18,1-2-3-8-10-15-17-18,2,8,0.605,2,"cnot_0->1,cross_on_target,features_normal,sim_manual",1.0,data/qsvm-traindata-2.csv,data/qsvm-testdata-2.csv,40x2,1000x2,x0|x1,y,486285e43db7df1ddc8e7cc28aa1f96db473c130a853275dad66f4f6f75afefe,601996c04b89d2183367caeaabe6d4ca54dca466af96d04a702271f964ec3c21
3,4,4,1-3-4-8-10-15-17,1,7,0.592,2,"cnot_0->1,cross_on_target,features_normal,sim_manual",1.0,data/qsvm-traindata-2.csv,data/qsvm-testdata-2.csv,40x2,1000x2,x0|x1,y,486285e43db7df1ddc8e7cc28aa1f96db473c130a853275dad66f4f6f75afefe,601996c04b89d2183367caeaabe6d4ca54dca466af96d04a702271f964ec3c21
3,4-5-6-7-9-11-12-13-14-16-18-19-20-21,4-5-6-7-9-11-12-13-14-16-18-19-20-21,1-3-4-5-6-7-8-9-10-11-12-13-14-15-16-17-18-19-20-21,14,20,0.684,2,"cnot_0->1,cross_on_target,features_normal,sim_manual",1.0,data/qsvm-traindata-2.csv,data/qsvm-testdata-2.csv,40x2,1000x2,x0|x1,y,486285e43db7df1ddc8e7cc28aa1f96db473c130a853275dad66f4f6f75afefe,601996c04b89d2183367caeaabe6d4ca54dca466af96d04a702271f964ec3c21
3,4-5-6-7-9-11-12-13-14-16-19-20-21,4-5-6-7-9-11-12-13-14-16-19-20-21,1-3-4-5-6-7-8-9-10-11-12-13-14-15-16-17-19-20-21,13,19,0.737,2,"cnot_0->1,cross_on_target,features_normal,sim_manual",1.0,data/qsvm-traindata-2.csv,data/qsvm-testdata-2.csv,40x2,1000x2,x0|x1,y,486285e43db7df1ddc8e7cc28aa1f96db473c130a853275dad66f4f6f75afefe,601996c04b89d2183367caeaabe6d4ca54dca466af96d04a702271f964ec3c21
3,4-5-6-7-9-11-12-13-14-18-19-20-21,4-5-6-7-9-11-12-13-14-18-19-20-21,1-3-4-5-6-7-8-9-10-11-12-13-14-15-17-18-19-20-21,13,19,0.754,2,"cnot_0->1,cross_on_target,features_normal,sim_manual",1.0,data/qsvm-traindata-2.csv,data/qsvm-testdata-2.csv,40x2,1000x2,x0|x1,y,486285e43db7df1ddc8e7cc28aa1f96db473c130a853275dad66f4f6f75afefe,601996c04b89d2183367caeaabe6d4ca54dca466af96d04a702271f964ec3c21
3,4-5-6-7-9-11-12-13-14-19-20-21,4-5-6-7-9-11-12-13-14-19-20-21,1-3-4-5-6-7-8-9-10-11-12-13-14-15-17-19-20-21,12,18,0.638,2,"cnot_0->1,cross_on_target,features_normal,sim_manual",1.0,data/qsvm-traindata-2.csv,data/qsvm-testdata-2.csv,40x2,1000x2,x0|x1,y,486285e43db7df1ddc8e7cc28aa1f96db473c130a853275dad66f4f6f75afefe,601996c04b89d2183367caeaabe6d4ca54dca466af96d04a702271f964ec3c21
3,4-5-6-7-9-12-13-14-16-18-19-20-21,4-5-6-7-9-12-13-14-16-18-19-20-21,1-3-4-5-6-7-8-9-10-12-13-14-15-16-17-18-19-20-21,13,19,0.564,2,"cnot_0->1,cross_on_target,features_normal,sim_manual",1.0,data/qsvm-traindata-2.csv,data/qsvm-testdata-2.csv,40x2,1000x2,x0|x1,y,486285e43db7df1ddc8e7cc28aa1f96db473c130a853275dad66f4f6f75afefe,601996c04b89d2183367caeaabe6d4ca54dca466af96d04a702271f964ec3c21
3,4-5-6-7-9-12-13-14-16-19-20-21,4-5-6-7-9-12-13-14-16-19-20-21,1-3-4-5-6-7-8-9-10-12-13-14-15-16-17-19-20-21,12,18,0.613,2,"cnot_0->1,cross_on_target,features_normal,sim_manual",1.0,data/qsvm-traindata-2.csv,data/qsvm-testdata-2.csv,40x2,1000x2,x0|x1,y,486285e43db7df1ddc8e7cc28aa1f96db473c130a853275dad66f4f6f75afefe,601996c04b89d2183367caeaabe6d4ca54dca466af96d04a702271f964ec3c21
3,4-5-6-7-9-12-13-14-18-19-20-21,4-5-6-7-9-12-13-14-18-19-20-21,1-3-4-5-6-7-8-9-10-12-13-14-15-17-18-19-20-21,12,18,0.57,2,"cnot_0->1,cross_on_target,features_normal,sim_manual",1.0,data/qsvm-traindata-2.csv,data/qsvm-testdata-2.csv,40x2,1000x2,x0|x1,y,486285e43db7df1ddc8e7cc28aa1f96db473c130a853275dad66f4f6f75afefe,601996c04b89d2183367caeaabe6d4ca54dca466af96d04a702271f964ec3c21
3,4-5-6-7-9-12-13-14-19-20-21,4-5-6-7-9-12-13-14-19-20-21,1-3-4-5-6-7-8-9-10-12-13-14-15-17-19-20-21,11,17,0.51,2,"cnot_0->1,cross_on_target,features_normal,sim_manual",1.0,data/qsvm-traindata-2.csv,data/qsvm-testdata-2.csv,40x2,1000x2,x0|x1,y,486285e43db7df1ddc8e7cc28aa1f96db473c130a853275dad66f4f6f75afefe,601996c04b89d2183367caeaabe6d4ca54dca466af96d04a702271f964ec3c21
3,4-5-6-7-11-12-13-14-16-18-19-20-21,4-5-6-7-11-12-13-14-16-18-19-20-21,1-3-4-5-6-7-8-10-11-12-13-14-15-16-17-18-19-20-21,13,19,0.683,2,"cnot_0->1,cross_on_target,features_normal,sim_manual",1.0,data/qsvm-traindata-2.csv,data/qsvm-testdata-2.csv,40x2,1000x2,x0|x1,y,486285e43db7df1ddc8e7cc28aa1f96db473c130a853275dad66f4f6f75afefe,601996c04b89d2183367caeaabe6d4ca54dca466af96d04a702271f964ec3c21
3,4-5-6-7-11-12-13-14-16-19-20-21,4-5-6-7-11-12-13-14-16-19-20-21,1-3-4-5-6-7-8-10-11-12-13-14-15-16-17-19-20-21,12,18,0.669,2,"cnot_0->1,cross_on_target,features_normal,sim_manual",1.0,data/qsvm-traindata-2.csv,data/qsvm-testdata-2.csv,40x2,1000x2,x0|x1,y,486285e43db7df1ddc8e7cc28aa1f96db473c130a853275dad66f4f6f75afefe,601996c04b89d2183367caeaabe6d4ca54dca466af96d04a702271f964ec3c21
3,4-5-6-7-11-12-13-14-18-19-20-21,4-5-6-7-11-12-13-14-18-19-20-21,1-3-4-5-6-7-8-10-11-12-13-14-15-17-18-19-20-21,12,18,0.71,2,"cnot_0->1,cross_on_target,features_normal,sim_manual",1.0,data/qsvm-traindata-2.csv,data/qsvm-testdata-2.csv,40x2,1000x2,x0|x1,y,486285e43db7df1ddc8e7cc28aa1f96db473c130a853275dad66f4f6f75afefe,601996c04b89d2183367caeaabe6d4ca54dca466af96d04a702271f964ec3c21
3,4-5-6-7-11-12-13-14-19-20-21,4-5-6-7-11-12-13-14-19-20-21,1-3-4-5-6-7-8-10-11-12-13-14-15-17-19-20-21,11,17,0.682,2,"cnot_0->1,cross_on_target,features_normal,sim_manual",1.0,data/qsvm-traindata-2.csv,data/qsvm-testdata-2.csv,40x2,1000x2,x0|x1,y,486285e43db7df1ddc8e7cc28aa1f96db473c130a853275dad66f4f6f75afefe,601996c04b89d2183367caeaabe6d4ca54dca466af96d04a702271f964ec3c21
3,4-5-6-7-12-13-14-16-18-19-20-21,4-5-6-7-12-13-14-16-18-19-20-21,1-3-4-5-6-7-8-10-12-13-14-15-16-17-18-19-20-21,12,18,0.608,2,"cnot_0->1,cross_on_target,features_normal,sim_manual",1.0,data/qsvm-traindata-2.csv,data/qsvm-testdata-2.csv,40x2,1000x2,x0|x1,y,486285e43db7df1ddc8e7cc28aa1f96db473c130a853275dad66f4f6f75afefe,601996c04b89d2183367caeaabe6d4ca54dca466af96d04a702271f964ec3c21
3,4-5-6-7-12-13-14-16-19-20-21,4-5-6-7-12-13-14-16-19-20-21,1-3-4-5-6-7-8-10-12-13-14-15-16-17-19-20-21,11,17,0.578,2,"cnot_0->1,cross_on_target,features_normal,sim_manual",1.0,data/qsvm-traindata-2.csv,data/qsvm-testdata-2.csv,40x2,1000x2,x0|x1,y,486285e43db7df1ddc8e7cc28aa1f96db473c130a853275dad66f4f6f75afefe,601996c04b89d2183367caeaabe6d4ca54dca466af96d04a702271f964ec3c21
3,4-5-6-7-12-13-14-18-19-20-21,4-5-6-7-12-13-14-18-19-20-21,1-3-4-5-6-7-8-10-12-13-14-15-17-18-19-20-21,11,17,0.537,2,"cnot_0->1,cross_on_target,features_normal,sim_manual",1.0,data/qsvm-traindata-2.csv,data/qsvm-testdata-2.csv,40x2,1000x2,x0|x1,y,486285e43db7df1ddc8e7cc28aa1f96db473c130a853275dad66f4f6f75afefe,601996c04b89d2183367caeaabe6d4ca54dca466af96d04a702271f964ec3c21
3,4-5-6-7-12-13-14-19-20-21,4-5-6-7-12-13-14-19-20-21,1-3-4-5-6-7-8-10-12-13-14-15-17-19-20-21,10,16,0.576,2,"cnot_0->1,cross_on_target,features_normal,sim_manual",1.0,data/qsvm-traindata-2.csv,data/qsvm-testdata-2.csv,40x2,1000x2,x0|x1,y,486285e43db7df1ddc8e7cc28aa1f96db473c130a853275dad66f4f6f75afefe,601996c04b89d2183367caeaabe6d4ca54dca466af96d04a702271f964ec3c21
3,4-5-7-9-11-12-14-16-18-19-21,4-5-7-9-11-12-14-16-18-19-21,1-3-4-5-7-8-9-10-11-12-14-15-16-17-18-19-21,11,17,0.68,2,"cnot_0->1,cross_on_target,features_normal,sim_manual",1.0,data/qsvm-traindata-2.csv,data/qsvm-testdata-2.csv,40x2,1000x2,x0|x1,y,486285e43db7df1ddc8e7cc28aa1f96db473c130a853275dad66f4f6f75afefe,601996c04b89d2183367caeaabe6d4ca54dca466af96d04a702271f964ec3c21
3,4-5-7-9-11-12-14-16-19-21,4-5-7-9-11-12-14-16-19-21,1-3-4-5-7-8-9-10-11-12-14-15-16-17-19-21,10,16,0.666,2,"cnot_0->1,cross_on_target,features_normal,sim_manual",1.0,data/qsvm-traindata-2.csv,data/qsvm-testdata-2.csv,40x2,1000x2,x0|x1,y,486285e43db7df1ddc8e7cc28aa1f96db473c130a853275dad66f4f6f75afefe,601996c04b89d2183367caeaabe6d4ca54dca466af96d04a702271f964ec3c21
3,4-5-7-9-11-12-14-18-19-21,4-5-7-9-11-12-14-18-19-21,1-3-4-5-7-8-9-10-11-12-14-15-17-18-19-21,10,16,0.686,2,"cnot_0->1,cross_on_target,features_normal,sim_manual",1.0,data/qsvm-traindata-2.csv,data/qsvm-testdata-2.csv,40x2,1000x2,x0|x1,y,486285e43db7df1ddc8e7cc28aa1f96db473c130a853275dad66f4f6f75afefe,601996c04b89d2183367caeaabe6d4ca54dca466af96d04a702271f964ec3c21
3,4-5-7-9-11-12-14-19-21,4-5-7-9-11-12-14-19-21,1-3-4-5-7-8-9-10-11-12-14-15-17-19-21,9,15,0.681,2,"cnot_0->1,cross_on_target,features_normal,sim_manual",1.0,data/qsvm-traindata-2.csv,data/qsvm-testdata-2.csv,40x2,1000x2,x0|x1,y,486285e43db7df1ddc8e7cc28aa1f96db473c130a853275dad66f4f6f75afefe,601996c04b89d2183367caeaabe6d4ca54dca466af96d04a702271f964ec3c21
3,4-5-7-9-12-14-16-18-19-21,4-5-7-9-12-14-16-18-19-21,1-3-4-5-7-8-9-10-12-14-15-16-17-18-19-21,10,16,0.68,2,"cnot_0->1,cross_on_target,features_normal,sim_manual",1.0,data/qsvm-traindata-2.csv,data/qsvm-testdata-2.csv,40x2,1000x2,x0|x1,y,486285e43db7df1ddc8e7cc28aa1f96db473c130a853275dad66f4f6f75afefe,601996c04b89d2183367caeaabe6d4ca54dca466af96d04a702271f964ec3c21
3,4-5-7-9-12-14-16-19-21,4-5-7-9-12-14-16-19-21,1-3-4-5-7-8-9-10-12-14-15-16-17-19-21,9,15,0.605,2,"cnot_0->1,cross_on_target,features_normal,sim_manual",1.0,data/qsvm-traindata-2.csv,data/qsvm-testdata-2.csv,40x2,1000x2,x0|x1,y,486285e43db7df1ddc8e7cc28aa1f96db473c130a853275dad66f4f6f75afefe,601996c04b89d2183367caeaabe6d4ca54dca466af96d04a702271f964ec3c21
3,4-5-7-9-12-14-18-19-21,4-5-7-9-12-14-18-19-21,1-3-4-5-7-8-9-10-12-14-15-17-18-19-21,9,15,0.69,2,"cnot_0->1,cross_on_target,features_normal,sim_manual",1.0,data/qsvm-traindata-2.csv,data/qsvm-testdata-2.csv,40x2,1000x2,x0|x1,y,486285e43db7df1ddc8e7cc28aa1f96db473c130a853275dad66f4f6f75afefe,601996c04b89d2183367caeaabe6d4ca54dca466af96d04a702271f964ec3c21
3,4-5-7-9-12-14-19-21,4-5-7-9-12-14-19-21,1-3-4-5-7-8-9-10-12-14-15-17-19-21,8,14,0.592,2,"cnot_0->1,cross_on_target,features_normal,sim_manual",1.0,data/qsvm-traindata-2.csv,data/qsvm-testdata-2.csv,40x2,1000x2,x0|x1,y,486285e43db7df1ddc8e7cc28aa1f96db473c130a853275dad66f4f6f75afefe,601996c04b89d2183367caeaabe6d4ca54dca466af96d04a702271f964ec3c21
3,4-5-7-11-12-14-16-18-19-21,4-5-7-11-12-14-16-18-19-21,1-3-4-5-7-8-10-11-12-14-15-16-17-18-19-21,10,16,0.68,2,"cnot_0->1,cross_on_target,features_normal,sim_manual",1.0,data/qsvm-traindata-2.csv,data/qsvm-testdata-2.csv,40x2,1000x2,x0|x1,y,486285e43db7df1ddc8e7cc28aa1f96db473c130a853275dad66f4f6f75afefe,601996c04b89d2183367caeaabe6d4ca54dca466af96d04a702271f964ec3c21
3,4-5-7-11-12-14-16-19-21,4-5-7-11-12-14-16-19-21,1-3-4-5-7-8-10-11-12-14-15-16-17-19-21,9,15,0.666,2,"cnot_0->1,cross_on_target,features_normal,sim_manual",1.0,data/qsvm-traindata-2.csv,data/qsvm-testdata-2.csv,40x2,1000x2,x0|x1,y,486285e43db7df1ddc8e7cc28aa1f96db473c130a853275dad66f4f6f75afefe,601996c04b89d2183367caeaabe6d4ca54dca466af96d04a702271f964ec3c21
3,4-5-7-11-12-14-18-19-21,4-5-7-11-12-14-18-19-21,1-3-4-5-7-8-10-11-12-14-15-17-18-19-21,9,15,0.686,2,"cnot_0->1,cross_on_target,features_normal,sim_manual",1.0,data/qsvm-traindata-2.csv,data/qsvm-testdata-2.csv,40x2,1000x2,x0|x1,y,486285e43db7df1ddc8e7cc28aa1f96db473c130a853275dad66f4f6f75afefe,601996c04b89d2183367caeaabe6d4ca54dca466af96d04a702271f964ec3c21
3,4-5-7-11-12-14-19-21,4-5-7-11-12-14-19-21,1-3-4-5-7-8-10-11-12-14-15-17-19-21,8,14,0.681,2,"cnot_0->1,cross_on_target,features_normal,sim_manual",1.0,data/qsvm-traindata-2.csv,data/qsvm-testdata-2.csv,40x2,1000x2,x0|x1,y,486285e43db7df1ddc8e7cc28aa1f96db473c130a853275dad66f4f6f75afefe,601996c04b89d2183367caeaabe6d4ca54dca466af96d04a702271f964ec3c21
3,4-5-7-12-14-16-18-19-21,4-5-7-12-14-16-18-19-21,1-3-4-5-7-8-10-12-14-15-16-17-18-19-21,9,15,0.68,2,"cnot_0->1,cross_on_target,features_normal,sim_manual",1.0,data/qsvm-traindata-2.csv,data/qsvm-testdata-2.csv,40x2,1000x2,x0|x1,y,486285e43db7df1ddc8e7cc28aa1f96db473c130a853275dad66f4f6f75afefe,601996c04b89d2183367caeaabe6d4ca54dca466af96d04a702271f964ec3c21
3,4-5-7-12-14-16-19-21,4-5-7-12-14-16-19-21,1-3-4-5-7-8-10-12-14-15-16-17-19-21,8,14,0.605,2,"cnot_0->1,cross_on_target,features_normal,sim_manual",1.0,data/qsvm-traindata-2.csv,data/qsvm-testdata-2.csv,40x2,1000x2,x0|x1,y,486285e43db7df1ddc8e7cc28aa1f96db473c130a853275dad66f4f6f75afefe,601996c04b89d2183367caeaabe6d4ca54dca466af96d04a702271f964ec3c21
3,4-5-7-12-14-18-19-21,4-5-7-12-14-18-19-21,1-3-4-5-7-8-10-12-14-15-17-18-19-21,8,14,0.69,2,"cnot_0->1,cross_on_target,features_normal,sim_manual",1.0,data/qsvm-traindata-2.csv,data/qsvm-testdata-2.csv,40x2,1000x2,x0|x1,y,486285e43db7df1ddc8e7cc28aa1f96db473c130a853275dad66f4f6f75afefe,601996c04b89d2183367caeaabe6d4ca54dca466af96d04a702271f964ec3c21
3,4-5-7-12-14-19-21,4-5-7-12-14-19-21,1-3-4-5-7-8-10-12-14-15-17-19-21,7,13,0.592,2,"cnot_0->1,cross_on_target,features_normal,sim_manual",1.0,data/qsvm-traindata-2.csv,data/qsvm-testdata-2.csv,40x2,1000x2,x0|x1,y,486285e43db7df1ddc8e7cc28aa1f96db473c130a853275dad66f4f6f75afefe,601996c04b89d2183367caeaabe6d4ca54dca466af96d04a702271f964ec3c21
3,4-6-9-11-13-16-18-20,4-6-9-11-13-16-18-20,1-3-4-6-8-9-10-11-13-15-16-17-18-20,8,14,0.445,2,"cnot_0->1,cross_on_target,features_normal,sim_manual",1.0,data/qsvm-traindata-2.csv,data/qsvm-testdata-2.csv,40x2,1000x2,x0|x1,y,486285e43db7df1ddc8e7cc28aa1f96db473c130a853275dad66f4f6f75afefe,601996c04b89d2183367caeaabe6d4ca54dca466af96d04a702271f964ec3c21
3,4-6-9-11-13-16-20,4-6-9-11-13-16-20,1-3-4-6-8-9-10-11-13-15-16-17-20,7,13,0.604,2,"cnot_0->1,cross_on_target,features_normal,sim_manual",1.0,data/qsvm-traindata-2.csv,data/qsvm-testdata-2.csv,40x2,1000x2,x0|x1,y,486285e43db7df1ddc8e7cc28aa1f96db473c130a853275dad66f4f6f75afefe,601996c04b89d2183367caeaabe6d4ca54dca466af96d04a702271f964ec3c21
3,4-6-9-11-13-18-20,4-6-9-11-13-18-20,1-3-4-6-8-9-10-11-13-15-17-18-20,7,13,0.501,2,"cnot_0->1,cross_on_target,features_normal,sim_manual",1.0,data/qsvm-traindata-2.csv,data/qsvm-testdata-2.csv,40x2,1000x2,x0|x1,y,486285e43db7df1ddc8e7cc28aa1f96db473c130a853275dad66f4f6f75afefe,601996c04b89d2183367caeaabe6d4ca54dca466af96d04a702271f964ec3c21
3,4-6-9-11-13-20,4-6-9-11-13-20,1-3-4-6-8-9-10-11-13-15-17-20,6,12,0.516,2,"cnot_0->1,cross_on_target,features_normal,sim_manual",1.0,data/qsvm-traindata-2.csv,data/qsvm-testdata-2.csv,40x2,1000x2,x0|x1,y,486285e43db7df1ddc8e7cc28aa1f96db473c130a853275dad66f4f6f75afefe,601996c04b89d2183367caeaabe6d4ca54dca466af96d04a702271f964ec3c21
3,4-6-9-13-16-18-20,4-6-9-13-16-18-20,1-3-4-6-8-9-10-13-15-16-17-18-20,7,13,0.596,2,"cnot_0->1,cross_on_target,features_normal,sim_manual",1.0,data/qsvm-traindata-2.csv,data/qsvm-testdata-2.csv,40x2,1000x2,x0|x1,y,486285e43db7df1ddc8e7cc28aa1f96db473c130a853275dad66f4f6f75afefe,601996c04b89d2183367caeaabe6d4ca54dca466af96d04a702271f964ec3c21
3,4-6-9-13-16-20,4-6-9-13-16-20,1-3-4-6-8-9-10-13-15-16-17-20,6,12,0.531,2,"cnot_0->1,cross_on_target,features_normal,sim_manual",1.0,data/qsvm-traindata-2.csv,data/qsvm-testdata-2.csv,40x2,1000x2,x0|x1,y,486285e43db7df1ddc8e7cc28aa1f96db473c130a853275dad66f4f6f75afefe,601996c04b89d2183367caeaabe6d4ca54dca466af96d04a702271f964ec3c21
3,4-6-9-13-18-20,4-6-9-13-18-20,1-3-4-6-8-9-10-13-15-17-18-20,6,12,0.478,2,"cnot_0->1,cross_on_target,features_normal,sim_manual",1.0,data/qsvm-traindata-2.csv,data/qsvm-testdata-2.csv,40x2,1000x2,x0|x1,y,486285e43db7df1ddc8e7cc28aa1f96db473c130a853275dad66f4f6f75afefe,601996c04b89d2183367caeaabe6d4ca54dca466af96d04a702271f964ec3c21
3,4-6-9-13-20,4-6-9-13-20,1-3-4-6-8-9-10-13-15-17-20,5,11,0.533,2,"cnot_0->1,cross_on_target,features_normal,sim_manual",1.0,data/qsvm-traindata-2.csv,data/qsvm-testdata-2.csv,40x2,1000x2,x0|x1,y,486285e43db7df1ddc8e7cc28aa1f96db473c130a853275dad66f4f6f75afefe,601996c04b89d2183367caeaabe6d4ca54dca466af96d04a702271f964ec3c21
3,4-6-11-13-16-18-20,4-6-11-13-16-18-20,1-3-4-6-8-10-11-13-15-16-17-18-20,7,13,0.445,2,"cnot_0->1,cross_on_target,features_normal,sim_manual",1.0,data/qsvm-traindata-2.csv,data/qsvm-testdata-2.csv,40x2,1000x2,x0|x1,y,486285e43db7df1ddc8e7cc28aa1f96db473c130a853275dad66f4f6f75afefe,601996c04b89d2183367caeaabe6d4ca54dca466af96d04a702271f964ec3c21
3,4-6-11-13-16-20,4-6-11-13-16-20,1-3-4-6-8-10-11-13-15-16-17-20,6,12,0.604,2,"cnot_0->1,cross_on_target,features_normal,sim_manual",1.0,data/qsvm-traindata-2.csv,data/qsvm-testdata-2.csv,40x2,1000x2,x0|x1,y,486285e43db7df1ddc8e7cc28aa1f96db473c130a853275dad66f4f6f75afefe,601996c04b89d2183367caeaabe6d4ca54dca466af96d04a702271f964ec3c21
3,4-6-11-13-18-20,4-6-11-13-18-20,1-3-4-6-8-10-11-13-15-17-18-20,6,12,0.501,2,"cnot_0->1,cross_on_target,features_normal,sim_manual",1.0,data/qsvm-traindata-2.csv,data/qsvm-testdata-2.csv,40x2,1000x2,x0|x1,y,486285e43db7df1ddc8e7cc28aa1f96db473c130a853275dad66f4f6f75afefe,601996c04b89d2183367caeaabe6d4ca54dca466af96d04a702271f964ec3c21
3,4-6-11-13-20,4-6-11-13-20,1-3-4-6-8-10-11-13-15-17-20,5,11,0.516,2,"cnot_0->1,cross_on_target,features_normal,sim_manual",1.0,data/qsvm-traindata-2.csv,data/qsvm-testdata-2.csv,40x2,1000x2,x0|x1,y,486285e43db7df1ddc8e7cc28aa1f96db473c130a853275dad66f4f6f75afefe,601996c04b89d2183367caeaabe6d4ca54dca466af96d04a702271f964ec3c21
3,4-6-13-16-18-20,4-6-13-16-18-20,1-3-4-6-8-10-13-15-16-17-18-20,6,12,0.596,2,"cnot_0->1,cross_on_target,features_normal,sim_manual",1.0,data/qsvm-traindata-2.csv,data/qsvm-testdata-2.csv,40x2,1000x2,x0|x1,y,486285e43db7df1ddc8e7cc28aa1f96db473c130a853275dad66f4f6f75afefe,601996c04b89d2183367caeaabe6d4ca54dca466af96d04a702271f964ec3c21
3,4-6-13-16-20,4-6-13-16-20,1-3-4-6-8-10-13-15-16-17-20,5,11,0.531,2,"cnot_0->1,cross_on_target,features_normal,sim_manual",1.0,data/qsvm-traindata-2.csv,data/qsvm-testdata-2.csv,40x2,1000x2,x0|x1,y,486285e43db7df1ddc8e7cc28aa1f96db473c130a853275dad66f4f6f75afefe,601996c04b89d2183367caeaabe6d4ca54dca466af96d04a702271f964ec3c21
3,4-6-13-18-20,4-6-13-18-20,1-3-4-6-8-10-13-15-17-18-20,5,11,0.478,2,"cnot_0->1,cross_on_target,features_normal,sim_manual",1.0,data/qsvm-traindata-2.csv,data/qsvm-testdata-2.csv,40x2,1000x2,x0|x1,y,486285e43db7df1ddc8e7cc28aa1f96db473c130a853275dad66f4f6f75afefe,601996c04b89d2183367caeaabe6d4ca54dca466af96d04a702271f964ec3c21
3,4-6-13-20,4-6-13-20,1-3-4-6-8-10-13-15-17-20,4,10,0.533,2,"cnot_0->1,cross_on_target,features_normal,sim_manual",1.0,data/qsvm-traindata-2.csv,data/qsvm-testdata-2.csv,40x2,1000x2,x0|x1,y,486285e43db7df1ddc8e7cc28aa1f96db473c130a853275dad66f4f6f75afefe,601996c04b89d2183367caeaabe6d4ca54dca466af96d04a702271f964ec3c21
3,4-9,4-9,1-3-4-8-9-10-15-17,2,8,0.592,2,"cnot_0->1,cross_on_target,features_normal,sim_manual",1.0,data/qsvm-traindata-2.csv,data/qsvm-testdata-2.csv,40x2,1000x2,x0|x1,y,486285e43db7df1ddc8e7cc28aa1f96db473c130a853275dad66f4f6f75afefe,601996c04b89d2183367caeaabe6d4ca54dca466af96d04a702271f964ec3c21
3,4-9-11,4-9-11,1-3-4-8-9-10-11-15-17,3,9,0.681,2,"cnot_0->1,cross_on_target,features_normal,sim_manual",1.0,data/qsvm-traindata-2.csv,data/qsvm-testdata-2.csv,40x2,1000x2,x0|x1,y,486285e43db7df1ddc8e7cc28aa1f96db473c130a853275dad66f4f6f75afefe,601996c04b89d2183367caeaabe6d4ca54dca466af96d04a702271f964ec3c21
3,4-9-11-16,4-9-11-16,1-3-4-8-9-10-11-15-16-17,4,10,0.666,2,"cnot_0->1,cross_on_target,features_normal,sim_manual",1.0,data/qsvm-traindata-2.csv,data/qsvm-testdata-2.csv,40x2,1000x2,x0|x1,y,486285e43db7df1ddc8e7cc28aa1f96db473c130a853275dad66f4f6f75afefe,601996c04b89d2183367caeaabe6d4ca54dca466af96d04a702271f964ec3c21
3,4-9-11-16-18,4-9-11-16-18,1-3-4-8-9-10-11-15-16-17-18,5,11,0.68,2,"cnot_0->1,cross_on_target,features_normal,sim_manual",1.0,data/qsvm-traindata-2.csv,data/qsvm-testdata-2.csv,40x2,1000x2,x0|x1,y,486285e43db7df1ddc8e7cc28aa1f96db473c130a853275dad66f4f6f75afefe,601996c04b89d2183367caeaabe6d4ca54dca466af96d04a702271f964ec3c21
3,4-9-11-18,4-9-11-18,1-3-4-8-9-10-11-15-17-18,4,10,0.686,2,"cnot_0->1,cross_on_target,features_normal,sim_manual",1.0,data/qsvm-traindata-2.csv,data/qsvm-testdata-2.csv,40x2,1000x2,x0|x1,y,486285e43db7df1ddc8e7cc28aa1f96db473c130a853275dad66f4f6f75afefe,601996c04b89d2183367caeaabe6d4ca54dca466af96d04a702271f964ec3c21
3,4-9-16,4-9-16,1-3-4-8-9-10-15-16-17,3,9,0.605,2,"cnot_0->1,cross_on_target,features_normal,sim_manual",1.0,data/qsvm-traindata-2.csv,data/qsvm-testdata-2.csv,40x2,1000x2,x0|x1,y,486285e43db7df1ddc8e7cc28aa1f96db473c130a853275dad66f4f6f75afefe,601996c04b89d2183367caeaabe6d4ca54dca466af96d04a702271f964ec3c21
3,4-9-16-18,4-9-16-18,1-3-4-8-9-10-15-16-17-18,4,10,0.68,2,"cnot_0->1,cross_on_target,features_normal,sim_manual",1.0,data/qsvm-traindata-2.csv,data/qsvm-testdata-2.csv,40x2,1000x2,x0|x1,y,486285e43db7df1ddc8e7cc28aa1f96db473c130a853275dad66f4f6f75afefe,601996c04b89d2183367caeaabe6d4ca54dca466af96d04a702271f964ec3c21
3,4-9-18,4-9-18,1-3-4-8-9-10-15-17-18,3,9,0.69,2,"cnot_0->1,cross_on_target,features_normal,sim_manual",1.0,data/qsvm-traindata-2.csv,data/qsvm-testdata-2.csv,40x2,1000x2,x0|x1,y,486285e43db7df1ddc8e7cc28aa1f96db473c130a853275dad66f4f6f75afefe,601996c04b89d2183367caeaabe6d4ca54dca466af96d04a702271f964ec3c21
3,4-11,4-11,1-3-4-8-10-11-15-17,2,8,0.681,2,"cnot_0->1,cross_on_target,features_normal,sim_manual",1.0,data/qsvm-traindata-2.csv,data/qsvm-testdata-2.csv,40x2,1000x2,x0|x1,y,486285e43db7df1ddc8e7cc28aa1f96db473c130a853275dad66f4f6f75afefe,601996c04b89d2183367caeaabe6d4ca54dca466af96d04a702271f964ec3c21
3,4-11-16,4-11-16,1-3-4-8-10-11-15-16-17,3,9,0.666,2,"cnot_0->1,cross_on_target,features_normal,sim_manual",1.0,data/qsvm-traindata-2.csv,data/qsvm-testdata-2.csv,40x2,1000x2,x0|x1,y,486285e43db7df1ddc8e7cc28aa1f96db473c130a853275dad66f4f6f75afefe,601996c04b89d2183367caeaabe6d4ca54dca466af96d04a702271f964ec3c21
3,4-11-16-18,4-11-16-18,1-3-4-8-10-11-15-16-17-18,4,10,0.68,2,"cnot_0->1,cross_on_target,features_normal,sim_manual",1.0,data/qsvm-traindata-2.csv,data/qsvm-testdata-2.csv,40x2,1000x2,x0|x1,y,486285e43db7df1ddc8e7cc28aa1f96db473c130a853275dad66f4f6f75afefe,601996c04b89d2183367caeaabe6d4ca54dca466af96d04a702271f964ec3c21
3,4-11-18,4-11-18,1-3-4-8-10-11-15-17-18,3,9,0.686,2,"cnot_0->1,cross_on_target,features_normal,sim_manual",1.0,data/qsvm-traindata-2.csv,data/qsvm-testdata-2.csv,40x2,1000x2,x0|x1,y,486285e43db7df1ddc8e7cc28aa1f96db473c130a853275dad66f4f6f75afefe,601996c04b89d2183367caeaabe6d4ca54dca466af96d04a702271f964ec3c21
3,4-16,4-16,1-3-4-8-10-15-16-17,2,8,0.605,2,"cnot_0->1,cross_on_target,features_normal,sim_manual",1.0,data/qsvm-traindata-2.csv,data/qsvm-testdata-2.csv,40x2,1000x2,x0|x1,y,486285e43db7df1ddc8e7cc28aa1f96db473c130a853275dad66f4f6f75afefe,601996c04b89d2183367caeaabe6d4ca54dca466af96d04a702271f964ec3c21
3,4-16-18,4-16-18,1-3-4-8-10-15-16-17-18,3,9,0.68,2,"cnot_0->1,cross_on_target,features_normal,sim_manual",1.0,data/qsvm-traindata-2.csv,data/qsvm-testdata-2.csv,40x2,1000x2,x0|x1,y,486285e43db7df1ddc8e7cc28aa1f96db473c130a853275dad66f4f6f75afefe,601996c04b89d2183367caeaabe6d4ca54dca466af96d04a702271f964ec3c21
3,4-18,4-18,1-3-4-8-10-15-17-18,2,8,0.69,2,"cnot_0->1,cross_on_target,features_normal,sim_manual",1.0,data/qsvm-traindata-2.csv,data/qsvm-testdata-2.csv,40x2,1000x2,x0|x1,y,486285e43db7df1ddc8e7cc28aa1f96db473c130a853275dad66f4f6f75afefe,601996c04b89d2183367caeaabe6d4ca54dca466af96d04a702271f964ec3c21
3,5,5,1-3-5-8-10-15-17,1,7,0.5,2,"cnot_0->1,cross_on_target,features_normal,sim_manual",1.0,data/qsvm-traindata-2.csv,data/qsvm-testdata-2.csv,40x2,1000x2,x0|x1,y,486285e43db7df1ddc8e7cc28aa1f96db473c130a853275dad66f4f6f75afefe,601996c04b89d2183367caeaabe6d4ca54dca466af96d04a702271f964ec3c21
3,5-6-7-9-11-12-13-14-16-18-19-20-21,5-6-7-9-11-12-13-14-16-18-19-20-21,1-3-5-6-7-8-9-10-11-12-13-14-15-16-17-18-19-20-21,13,19,0.602,2,"cnot_0->1,cross_on_target,features_normal,sim_manual",1.0,data/qsvm-traindata-2.csv,data/qsvm-testdata-2.csv,40x2,1000x2,x0|x1,y,486285e43db7df1ddc8e7cc28aa1f96db473c130a853275dad66f4f6f75afefe,601996c04b89d2183367caeaabe6d4ca54dca466af96d04a702271f964ec3c21
3,5-6-7-9-11-12-13-14-16-19-20-21,5-6-7-9-11-12-13-14-16-19-20-21,1-3-5-6-7-8-9-10-11-12-13-14-15-16-17-19-20-21,12,18,0.477,2,"cnot_0->1,cross_on_target,features_normal,sim_manual",1.0,data/qsvm-traindata-2.csv,data/qsvm-testdata-2.csv,40x2,1000x2,x0|x1,y,486285e43db7df1ddc8e7cc28aa1f96db473c130a853275dad66f4f6f75afefe,601996c04b89d2183367caeaabe6d4ca54dca466af96d04a702271f964ec3c21
3,5-6-7-9-11-12-13-14-18-19-20-21,5-6-7-9-11-12-13-14-18-19-20-21,1-3-5-6-7-8-9-10-11-12-13-14-15-17-18-19-20-21,12,18,0.617,2,"cnot_0->1,cross_on_target,features_normal,sim_manual",1.0,data/qsvm-traindata-2.csv,data/qsvm-testdata-2.csv,40x2,1000x2,x0|x1,y,486285e43db7df1ddc8e7cc28aa1f96db473c130a853275dad66f4f6f75afefe,601996c04b89d2183367caeaabe6d4ca54dca466af96d04a702271f964ec3c21
3,5-6-7-9-11-12-13-14-19-20-21,5-6-7-9-11-12-13-14-19-20-21,1-3-5-6-7-8-9-10-11-12-13-14-15-17-19-20-21,11,17,0.493,2,"cnot_0->1,cross_on_target,features_normal,sim_manual",1.0,data/qsvm-traindata-2.csv,data/qsvm-testdata-2.csv,40x2,1000x2,x0|x1,y,486285e43db7df1ddc8e7cc28aa1f96db473c130a853275dad66f4f6f75afefe,601996c04b89d2183367caeaabe6d4ca54dca466af96d04a702271f964ec3c21
3,5-6-7-9-12-13-14-16-18-19-20-21,5-6-7-9-12-13-14-16-18-19-20-21,1-3-5-6-7-8-9-10-12-13-14-15-16-17-18-19-20-21,12,18,0.675,2,"cnot_0->1,cross_on_target,features_normal,sim_manual",1.0,data/qsvm-traindata-2.csv,data/qsvm-testdata-2.csv,40x2,1000x2,x0|x1,y,486285e43db7df1ddc8e7cc28aa1f96db473c130a853275dad66f4f6f75afefe,601996c04b89d2183367caeaabe6d4ca54dca466af96d04a702271f964ec3c21
3,5-6-7-9-12-13-14-16-19-20-21,5-6-7-9-12-13-14-16-19-20-21,1-3-5-6-7-8-9-10-12-13-14-15-16-17-19-20-21,11,17,0.589,2,"cnot_0->1,cross_on_target,features_normal,sim_manual",1.0,data/qsvm-traindata-2.csv,data/qsvm-testdata-2.csv,40x2,1000x2,x0|x1,y,486285e43db7df1ddc8e7cc28aa1f96db473c130a853275dad66f4f6f75afefe,601996c04b89d2183367caeaabe6d4ca54dca466af96d04a702271f964ec3c21
3,5-6-7-9-12-13-14-18-19-20-21,5-6-7-9-12-13-14-18-19-20-21,1-3-5-6-7-8-9-10-12-13-14-15-17-18-19-20-21,11,17,0.653,2,"cnot_0->1,cross_on_target,features_normal,sim_manual",1.0,data/qsvm-traindata-2.csv,data/qsvm-testdata-2.csv,40x2,1000x2,x0|x1,y,486285e43db7df1ddc8e7cc28aa1f96db473c130a853275dad66f4f6f75afefe,601996c04b89d2183367caeaabe6d4ca54dca466af96d04a702271f964ec3c21
3,5-6-7-9-12-13-14-19-20-21,5-6-7-9-12-13-14-19-20-21,1-3-5-6-7-8-9-10-12-13-14-15-17-19-20-21,10,16,0.532,2,"cnot_0->1,cross_on_target,features_normal,sim_manual",1.0,data/qsvm-traindata-2.csv,data/qsvm-testdata-2.csv,40x2,1000x2,x0|x1,y,486285e43db7df1ddc8e7cc28aa1f96db473c130a853275dad66f4f6f75afefe,601996c04b89d2183367caeaabe6d4ca54dca466af96d04a702271f964ec3c21
3,5-6-7-11-12-13-14-16-18-19-20-21,5-6-7-11-12-13-14-16-18-19-20-21,1-3-5-6-7-8-10-11-12-13-14-15-16-17-18-19-20-21,12,18,0.734,2,"cnot_0->1,cross_on_target,features_normal,sim_manual",1.0,data/qsvm-traindata-2.csv,data/qsvm-testdata-2.csv,40x2,1000x2,x0|x1,y,486285e43db7df1ddc8e7cc28aa1f96db473c130a853275dad66f4f6f75afefe,601996c04b89d2183367caeaabe6d4ca54dca466af96d04a702271f964ec3c21
3,5-6-7-11-12-13-14-16-19-20-21,5-6-7-11-12-13-14-16-19-20-21,1-3-5-6-7-8-10-11-12-13-14-15-16-17-19-20-21,11,17,0.47,2,"cnot_0->1,cross_on_target,features_normal,sim_manual",1.0,data/qsvm-traindata-2.csv,data/qsvm-testdata-2.csv,40x2,1000x2,x0|x1,y,486285e43db7df1ddc8e7cc28aa1f96db473c130a853275dad66f4f6f75afefe,601996c04b89d2183367caeaabe6d4ca54dca466af96d04a702271f964ec3c21
3,5-6-7-11-12-13-14-18-19-20-21,5-6-7-11-12-13-14-18-19-20-21,1-3-5-6-7-8-10-11-12-13-14-15-17-18-19-20-21,11,17,0.625,2,"cnot_0->1,cross_on_target,features_normal,sim_manual",1.0,data/qsvm-traindata-2.csv,data/qsvm-testdata-2.csv,40x2,1000x2,x0|x1,y,486285e43db7df1ddc8e7cc28aa1f96db473c130a853275dad66f4f6f75afefe,601996c04b89d2183367caeaabe6d4ca54dca466af96d04a702271f964ec3c21
3,5-6-7-11-12-13-14-19-20-21,5-6-7-11-12-13-14-19-20-21,1-3-5-6-7-8-10-11-12-13-14-15-17-19-20-21,10,16,0.544,2,"cnot_0->1,cross_on_target,features_normal,sim_manual",1.0,data/qsvm-traindata-2.csv,data/qsvm-testdata-2.csv,40x2,1000x2,x0|x1,y,486285e43db7df1ddc8e7cc28aa1f96db473c130a853275dad66f4f6f75afefe,601996c04b89d2183367caeaabe6d4ca54dca466af96d04a702271f964ec3c21
3,5-6-7-12-13-14-16-18-19-20-21,5-6-7-12-13-14-16-18-19-20-21,1-3-5-6-7-8-10-12-13-14-15-16-17-18-19-20-21,11,17,0.575,2,"cnot_0->1,cross_on_target,features_normal,sim_manual",1.0,data/qsvm-traindata-2.csv,data/qsvm-testdata-2.csv,40x2,1000x2,x0|x1,y,486285e43db7df1ddc8e7cc28aa1f96db473c130a853275dad66f4f6f75afefe,601996c04b89d2183367caeaabe6d4ca54dca466af96d04a702271f964ec3c21
3,5-6-7-12-13-14-16-19-20-21,5-6-7-12-13-14-16-19-20-21,1-3-5-6-7-8-10-12-13-14-15-16-17-19-20-21,10,16,0.556,2,"cnot_0->1,cross_on_target,features_normal,sim_manual",1.0,data/qsvm-traindata-2.csv,data/qsvm-testdata-2.csv,40x2,1000x2,x0|x1,y,486285e43db7df1ddc8e7cc28aa1f96db473c130a853275dad66f4f6f75afefe,601996c04b89d2183367caeaabe6d4ca54dca466af96d04a702271f964ec3c21
3,5-6-7-12-13-14-18-19-20-21,5-6-7-12-13-14-18-19-20-21,1-3-5-6-7-8-10-12-13-14-15-17-18-19-20-21,10,16,0.584,2,"cnot_0->1,cross_on_target,features_normal,sim_manual",1.0,data/qsvm-traindata-2.csv,data/qsvm-testdata-2.csv,40x2,1000x2,x0|x1,y,486285e43db7df1ddc8e7cc28aa1f96db473c130a853275dad66f4f6f75afefe,601996c04b89d2183367caeaabe6d4ca54dca466af96d04a702271f964ec3c21
3,5-6-7-12-13-14-19-20,5-6-7-12-13-14-19-20,1-3-5-6-7-8-10-12-13-14-15-17-19-20,8,14,0.57,2,"cnot_0->1,cross_on_target,features_normal,sim_manual",1.0,data/qsvm-traindata-2.csv,data/qsvm-testdata-2.csv,40x2,1000x2,x0|x1,y,486285e43db7df1ddc8e7cc28aa1f96db473c130a853275dad66f4f6f75afefe,601996c04b89d2183367caeaabe6d4ca54dca466af96d04a702271f964ec3c21
3,5-6-7-12-13-14-19-20-21,5-6-7-12-13-14-19-20-21,1-3-5-6-7-8-10-12-13-14-15-17-19-20-21,9,15,0.57,2,"cnot_0->1,cross_on_target,features_normal,sim_manual",1.0,data/qsvm-traindata-2.csv,data/qsvm-testdata-2.csv,40x2,1000x2,x0|x1,y,486285e43db7df1ddc8e7cc28aa1f96db473c130a853275dad66f4f6f75afefe,601996c04b89d2183367caeaabe6d4ca54dca466af96d04a702271f964ec3c21
3,5-6-7-12-13-14-19-21,5-6-7-12-13-14-19-21,1-3-5-6-7-8-10-12-13-14-15-17-19-21,8,14,0.426,2,"cnot_0->1,cross_on_target,features_normal,sim_manual",1.0,data/qsvm-traindata-2.csv,data/qsvm-testdata-2.csv,40x2,1000x2,x0|x1,y,486285e43db7df1ddc8e7cc28aa1f96db473c130a853275dad66f4f6f75afefe,601996c04b89d2183367caeaabe6d4ca54dca466af96d04a702271f964ec3c21
3,5-6-7-12-13-14-20,5-6-7-12-13-14-20,1-3-5-6-7-8-10-12-13-14-15-17-20,7,13,0.472,2,"cnot_0->1,cross_on_target,features_normal,sim_manual",1.0,data/qsvm-traindata-2.csv,data/qsvm-testdata-2.csv,40x2,1000x2,x0|x1,y,486285e43db7df1ddc8e7cc28aa1f96db473c130a853275dad66f4f6f75afefe,601996c04b89d2183367caeaabe6d4ca54dca466af96d04a702271f964ec3c21
3,5-6-7-12-13-14-20-21,5-6-7-12-13-14-20-21,1-3-5-6-7-8-10-12-13-14-15-17-20-21,8,14,0.472,2,"cnot_0->1,cross_on_target,features_normal,sim_manual",1.0,data/qsvm-traindata-2.csv,data/qsvm-testdata-2.csv,40x2,1000x2,x0|x1,y,486285e43db7df1ddc8e7cc28aa1f96db473c130a853275dad66f4f6f75afefe,601996c04b89d2183367caeaabe6d4ca54dca466af96d04a702271f964ec3c21
3,5-6-7-12-13-19-20,5-6-7-12-13-19-20,1-3-5-6-7-8-10-12-13-15-17-19-20,7,13,0.472,2,"cnot_0->1,cross_on_target,features_normal,sim_manual",1.0,data/qsvm-traindata-2.csv,data/qsvm-testdata-2.csv,40x2,1000x2,x0|x1,y,486285e43db7df1ddc8e7cc28aa1f96db473c130a853275dad66f4f6f75afefe,601996c04b89d2183367caeaabe6d4ca54dca466af96d04a702271f964ec3c21
3,5-6-7-12-13-19-20-21,5-6-7-12-13-19-20-21,1-3-5-6-7-8-10-12-13-15-17-19-20-21,8,14,0.472,2,"cnot_0->1,cross_on_target,features_normal,sim_manual",1.0,data/qsvm-traindata-2.csv,data/qsvm-testdata-2.csv,40x2,1000x2,x0|x1,y,486285e43db7df1ddc8e7cc28aa1f96db473c130a853275dad66f4f6f75afefe,601996c04b89d2183367caeaabe6d4ca54dca466af96d04a702271f964ec3c21
3,5-6-7-12-13-20,5-6-7-12-13-20,1-3-5-6-7-8-10-12-13-15-17-20,6,12,0.472,2,"cnot_0->1,cross_on_target,features_normal,sim_manual",1.0,data/qsvm-traindata-2.csv,data/qsvm-testdata-2.csv,40x2,1000x2,x0|x1,y,486285e43db7df1ddc8e7cc28aa1f96db473c130a853275dad66f4f6f75afefe,601996c04b89d2183367caeaabe6d4ca54dca466af96d04a702271f964ec3c21
3,5-6-7-12-13-20-21,5-6-7-12-13-20-21,1-3-5-6-7-8-10-12-13-15-17-20-21,7,13,0.472,2,"cnot_0->1,cross_on_target,features_normal,sim_manual",1.0,data/qsvm-traindata-2.csv,data/qsvm-testdata-2.csv,40x2,1000x2,x0|x1,y,486285e43db7df1ddc8e7cc28aa1f96db473c130a853275dad66f4f6f75afefe,601996c04b89d2183367caeaabe6d4ca54dca466af96d04a702271f964ec3c21
3,5-6-7-12-14-19-20-21,5-6-7-12-14-19-20-21,1-3-5-6-7-8-10-12-14-15-17-19-20-21,8,14,0.57,2,"cnot_0->1,cross_on_target,features_normal,sim_manual",1.0,data/qsvm-traindata-2.csv,data/qsvm-testdata-2.csv,40x2,1000x2,x0|x1,y,486285e43db7df1ddc8e7cc28aa1f96db473c130a853275dad66f4f6f75afefe,601996c04b89d2183367caeaabe6d4ca54dca466af96d04a702271f964ec3c21
3,5-6-7-12-14-19-21,5-6-7-12-14-19-21,1-3-5-6-7-8-10-12-14-15-17-19-21,7,13,0.426,2,"cnot_0->1,cross_on_target,features_normal,sim_manual",1.0,data/qsvm-traindata-2.csv,data/qsvm-testdata-2.csv,40x2,1000x2,x0|x1,y,486285e43db7df1ddc8e7cc28aa1f96db473c130a853275dad66f4f6f75afefe,601996c04b89d2183367caeaabe6d4ca54dca466af96d04a702271f964ec3c21
3,5-6-7-13-14-19-20,5-6-7-13-14-19-20,1-3-5-6-7-8-10-13-14-15-17-19-20,7,13,0.439,2,"cnot_0->1,cross_on_target,features_normal,sim_manual",1.0,data/qsvm-traindata-2.csv,data/qsvm-testdata-2.csv,40x2,1000x2,x0|x1,y,486285e43db7df1ddc8e7cc28aa1f96db473c130a853275dad66f4f6f75afefe,601996c04b89d2183367caeaabe6d4ca54dca466af96d04a702271f964ec3c21
3,5-6-7-13-14-19-20-21,5-6-7-13-14-19-20-21,1-3-5-6-7-8-10-13-14-15-17-19-20-21,8,14,0.439,2,"cnot_0->1,cross_on_target,features_normal,sim_manual",1.0,data/qsvm-traindata-2.csv,data/qsvm-testdata-2.csv,40x2,1000x2,x0|x1,y,486285e43db7df1ddc8e7cc28aa1f96db473c130a853275dad66f4f6f75afefe,601996c04b89d2183367caeaabe6d4ca54dca466af96d04a702271f964ec3c21
3,5-6-7-13-14-20,5-6-7-13-14-20,1-3-5-6-7-8-10-13-14-15-17-20,6,12,0.439,2,"cnot_0->1,cross_on_target,features_normal,sim_manual",1.0,data/qsvm-traindata-2.csv,data/qsvm-testdata-2.csv,40x2,1000x2,x0|x1,y,486285e43db7df1ddc8e7cc28aa1f96db473c130a853275dad66f4f6f75afefe,601996c04b89d2183367caeaabe6d4ca54dca466af96d04a702271f964ec3c21
3,5-6-7-13-14-20-21,5-6-7-13-14-20-21,1-3-5-6-7-8-10-13-14-15-17-20-21,7,13,0.439,2,"cnot_0->1,cross_on_target,features_normal,sim_manual",1.0,data/qsvm-traindata-2.csv,data/qsvm-testdata-2.csv,40x2,1000x2,x0|x1,y,486285e43db7df1ddc8e7cc28aa1f96db473c130a853275dad66f4f6f75afefe,601996c04b89d2183367caeaabe6d4ca54dca466af96d04a702271f964ec3c21
3,5-6-7-13-19-20,5-6-7-13-19-20,1-3-5-6-7-8-10-13-15-17-19-20,6,12,0.581,2,"cnot_0->1,cross_on_target,features_normal,sim_manual",1.0,data/qsvm-traindata-2.csv,data/qsvm-testdata-2.csv,40x2,1000x2,x0|x1,y,486285e43db7df1ddc8e7cc28aa1f96db473c130a853275dad66f4f6f75afefe,601996c04b89d2183367caeaabe6d4ca54dca466af96d04a702271f964ec3c21
3,5-6-7-13-19-20-21,5-6-7-13-19-20-21,1-3-5-6-7-8-10-13-15-17-19-20-21,7,13,0.581,2,"cnot_0->1,cross_on_target,features_normal,sim_manual",1.0,data/qsvm-traindata-2.csv,data/qsvm-testdata-2.csv,40x2,1000x2,x0|x1,y,486285e43db7df1ddc8e7cc28aa1f96db473c130a853275dad66f4f6f75afefe,601996c04b89d2183367caeaabe6d4ca54dca466af96d04a702271f964ec3c21
3,5-6-7-13-20,5-6-7-13-20,1-3-5-6-7-8-10-13-15-17-20,5,11,0.439,2,"cnot_0->1,cross_on_target,features_normal,sim_manual",1.0,data/qsvm-traindata-2.csv,data/qsvm-testdata-2.csv,40x2,1000x2,x0|x1,y,486285e43db7df1ddc8e7cc28aa1f96db473c130a853275dad66f4f6f75afefe,601996c04b89d2183367caeaabe6d4ca54dca466af96d04a702271f964ec3c21
3,5-6-7-13-20-21,5-6-7-13-20-21,1-3-5-6-7-8-10-13-15-17-20-21,6,12,0.439,2,"cnot_0->1,cross_on_target,features_normal,sim_manual",1.0,data/qsvm-traindata-2.csv,data/qsvm-testdata-2.csv,40x2,1000x2,x0|x1,y,486285e43db7df1ddc8e7cc28aa1f96db473c130a853275dad66f4f6f75afefe,601996c04b89d2183367caeaabe6d4ca54dca466af96d04a702271f964ec3c21
3,5-6-12-13-14-19-20,5-6-12-13-14-19-20,1-3-5-6-8-10-12-13-14-15-17-19-20,7,13,0.439,2,"cnot_0->1,cross_on_target,features_normal,sim_manual",1.0,data/qsvm-traindata-2.csv,data/qsvm-testdata-2.csv,40x2,1000x2,x0|x1,y,486285e43db7df1ddc8e7cc28aa1f96db473c130a853275dad66f4f6f75afefe,601996c04b89d2183367caeaabe6d4ca54dca466af96d04a702271f964ec3c21
3,5-6-12-13-14-19-20-21,5-6-12-13-14-19-20-21,1-3-5-6-8-10-12-13-14-15-17-19-20-21,8,14,0.439,2,"cnot_0->1,cross_on_target,features_normal,sim_manual",1.0,data/qsvm-traindata-2.csv,data/qsvm-testdata-2.csv,40x2,1000x2,x0|x1,y,486285e43db7df1ddc8e7cc28aa1f96db473c130a853275dad66f4f6f75afefe,601996c04b89d2183367caeaabe6d4ca54dca466af96d04a702271f964ec3c21
3,5-6-12-13-14-20,5-6-12-13-14-20,1-3-5-6-8-10-12-13-14-15-17-20,6,12,0.581,2,"cnot_0->1,cross_on_target,features_normal,sim_manual",1.0,data/qsvm-traindata-2.csv,data/qsvm-testdata-2.csv,40x2,1000x2,x0|x1,y,486285e43db7df1ddc8e7cc28aa1f96db473c130a853275dad66f4f6f75afefe,601996c04b89d2183367caeaabe6d4ca54dca466af96d04a702271f964ec3c21
3,5-6-12-13-14-20-21,5-6-12-13-14-20-21,1-3-5-6-8-10-12-13-14-15-17-20-21,7,13,0.581,2,"cnot_0->1,cross_on_target,features_normal,sim_manual",1.0,data/qsvm-traindata-2.csv,data/qsvm-testdata-2.csv,40x2,1000x2,x0|x1,y,486285e43db7df1ddc8e7cc28aa1f96db473c130a853275dad66f4f6f75afefe,601996c04b89d2183367caeaabe6d4ca54dca466af96d04a702271f964ec3c21
3,5-6-12-13-19-20,5-6-12-13-19-20,1-3-5-6-8-10-12-13-15-17-19-20,6,12,0.439,2,"cnot_0->1,cross_on_target,features_normal,sim_manual",1.0,data/qsvm-traindata-2.csv,data/qsvm-testdata-2.csv,40x2,1000x2,x0|x1,y,486285e43db7df1ddc8e7cc28aa1f96db473c130a853275dad66f4f6f75afefe,601996c04b89d2183367caeaabe6d4ca54dca466af96d04a702271f964ec3c21
3,5-6-12-13-19-20-21,5-6-12-13-19-20-21,1-3-5-6-8-10-12-13-15-17-19-20-21,7,13,0.439,2,"cnot_0->1,cross_on_target,features_normal,sim_manual",1.0,data/qsvm-traindata-2.csv,data/qsvm-testdata-2.csv,40x2,1000x2,x0|x1,y,486285e43db7df1ddc8e7cc28aa1f96db473c130a853275dad66f4f6f75afefe,601996c04b89d2183367caeaabe6d4ca54dca466af96d04a702271f964ec3c21
3,5-6-12-13-20,5-6-12-13-20,1-3-5-6-8-10-12-13-15-17-20,5,11,0.581,2,"cnot_0->1,cross_on_target,features_normal,sim_manual",1.0,data/qsvm-traindata-2.csv,data/qsvm-testdata-2.csv,40x2,1000x2,x0|x1,y,486285e43db7df1ddc8e7cc28aa1f96db473c130a853275dad66f4f6f75afefe,601996c04b89d2183367caeaabe6d4ca54dca466af96d04a702271f964ec3c21
3,5-6-12-13-20-21,5-6-12-13-20-21,1-3-5-6-8-10-12-13-15-17-20-21,6,12,0.581,2,"cnot_0->1,cross_on_target,features_normal,sim_manual",1.0,data/qsvm-traindata-2.csv,data/qsvm-testdata-2.csv,40x2,1000x2,x0|x1,y,486285e43db7df1ddc8e7cc28aa1f96db473c130a853275dad66f4f6f75afefe,601996c04b89d2183367caeaabe6d4ca54dca466af96d04a702271f964ec3c21
3,5-6-13-14-19-20,5-6-13-14-19-20,1-3-5-6-8-10-13-14-15-17-19-20,6,12,0.439,2,"cnot_0->1,cross_on_target,features_normal,sim_manual",1.0,data/qsvm-traindata-2.csv,data/qsvm-testdata-2.csv,40x2,1000x2,x0|x1,y,486285e43db7df1ddc8e7cc28aa1f96db473c130a853275dad66f4f6f75afefe,601996c04b89d2183367caeaabe6d4ca54dca466af96d04a702271f964ec3c21
3,5-6-13-14-19-20-21,5-6-13-14-19-20-21,1-3-5-6-8-10-13-14-15-17-19-20-21,7,13,0.439,2,"cnot_0->1,cross_on_target,features_normal,sim_manual",1.0,data/qsvm-traindata-2.csv,data/qsvm-testdata-2.csv,40x2,1000x2,x0|x1,y,486285e43db7df1ddc8e7cc28aa1f96db473c130a853275dad66f4f6f75afefe,601996c04b89d2183367caeaabe6d4ca54dca466af96d04a702271f964ec3c21
3,5-6-13-14-20,5-6-13-14-20,1-3-5-6-8-10-13-14-15-17-20,5,11,0.581,2,"cnot_0->1,cross_on_target,features_normal,sim_manual",1.0,data/qsvm-traindata-2.csv,data/qsvm-testdata-2.csv,40x2,1000x2,x0|x1,y,486285e43db7df1ddc8e7cc28aa1f96db473c130a853275dad66f4f6f75afefe,601996c04b89d2183367caeaabe6d4ca54dca466af96d04a702271f964ec3c21
3,5-6-13-14-20-21,5-6-13-14-20-21,1-3-5-6-8-10-13-14-15-17-20-21,6,12,0.581,2,"cnot_0->1,cross_on_target,features_normal,sim_manual",1.0,data/qsvm-traindata-2.csv,data/qsvm-testdata-2.csv,40x2,1000x2,x0|x1,y,486285e43db7df1ddc8e7cc28aa1f96db473c130a853275dad66f4f6f75afefe,601996c04b89d2183367caeaabe6d4ca54dca466af96d04a702271f964ec3c21
3,5-6-13-19-20,5-6-13-19-20,1-3-5-6-8-10-13-15-17-19-20,5,11,0.439,2,"cnot_0->1,cross_on_target,features_normal,sim_manual",1.0,data/qsvm-traindata-2.csv,data/qsvm-testdata-2.csv,40x2,1000x2,x0|x1,y,486285e43db7df1ddc8e7cc28aa1f96db473c130a853275dad66f4f6f75afefe,601996c04b89d2183367caeaabe6d4ca54dca466af96d04a702271f964ec3c21
3,5-6-13-19-20-21,5-6-13-19-20-21,1-3-5-6-8-10-13-15-17-19-20-21,6,12,0.439,2,"cnot_0->1,cross_on_target,features_normal,sim_manual",1.0,data/qsvm-traindata-2.csv,data/qsvm-testdata-2.csv,40x2,1000x2,x0|x1,y,486285e43db7df1ddc8e7cc28aa1f96db473c130a853275dad66f4f6f75afefe,601996c04b89d2183367caeaabe6d4ca54dca466af96d04a702271f964ec3c21
3,5-6-13-20,5-6-13-20,1-3-5-6-8-10-13-15-17-20,4,10,0.581,2,"cnot_0->1,cross_on_target,features_normal,sim_manual",1.0,data/qsvm-traindata-2.csv,data/qsvm-testdata-2.csv,40x2,1000x2,x0|x1,y,486285e43db7df1ddc8e7cc28aa1f96db473c130a853275dad66f4f6f75afefe,601996c04b89d2183367caeaabe6d4ca54dca466af96d04a702271f964ec3c21
3,5-6-13-20-21,5-6-13-20-21,1-3-5-6-8-10-13-15-17-20-21,5,11,0.581,2,"cnot_0->1,cross_on_target,features_normal,sim_manual",1.0,data/qsvm-traindata-2.csv,data/qsvm-testdata-2.csv,40x2,1000x2,x0|x1,y,486285e43db7df1ddc8e7cc28aa1f96db473c130a853275dad66f4f6f75afefe,601996c04b89d2183367caeaabe6d4ca54dca466af96d04a702271f964ec3c21
3,5-7,5-7,1-3-5-7-8-10-15-17,2,8,0.5,2,"cnot_0->1,cross_on_target,features_normal,sim_manual",1.0,data/qsvm-traindata-2.csv,data/qsvm-testdata-2.csv,40x2,1000x2,x0|x1,y,486285e43db7df1ddc8e7cc28aa1f96db473c130a853275dad66f4f6f75afefe,601996c04b89d2183367caeaabe6d4ca54dca466af96d04a702271f964ec3c21
3,5-7-9-11-12-14-16-18-19-21,5-7-9-11-12-14-16-18-19-21,1-3-5-7-8-9-10-11-12-14-15-16-17-18-19-21,10,16,0.605,2,"cnot_0->1,cross_on_target,features_normal,sim_manual",1.0,data/qsvm-traindata-2.csv,data/qsvm-testdata-2.csv,40x2,1000x2,x0|x1,y,486285e43db7df1ddc8e7cc28aa1f96db473c130a853275dad66f4f6f75afefe,601996c04b89d2183367caeaabe6d4ca54dca466af96d04a702271f964ec3c21
3,5-7-9-11-12-14-16-19-21,5-7-9-11-12-14-16-19-21,1-3-5-7-8-9-10-11-12-14-15-16-17-19-21,9,15,0.451,2,"cnot_0->1,cross_on_target,features_normal,sim_manual",1.0,data/qsvm-traindata-2.csv,data/qsvm-testdata-2.csv,40x2,1000x2,x0|x1,y,486285e43db7df1ddc8e7cc28aa1f96db473c130a853275dad66f4f6f75afefe,601996c04b89d2183367caeaabe6d4ca54dca466af96d04a702271f964ec3c21
3,5-7-9-11-12-14-18-19-21,5-7-9-11-12-14-18-19-21,1-3-5-7-8-9-10-11-12-14-15-17-18-19-21,9,15,0.592,2,"cnot_0->1,cross_on_target,features_normal,sim_manual",1.0,data/qsvm-traindata-2.csv,data/qsvm-testdata-2.csv,40x2,1000x2,x0|x1,y,486285e43db7df1ddc8e7cc28aa1f96db473c130a853275dad66f4f6f75afefe,601996c04b89d2183367caeaabe6d4ca54dca466af96d04a702271f964ec3c21
3,5-7-9-11-12-14-19-21,5-7-9-11-12-14-19-21,1-3-5-7-8-9-10-11-12-14-15-17-19-21,8,14,0.5,2,"cnot_0->1,cross_on_target,features_normal,sim_manual",1.0,data/qsvm-traindata-2.csv,data/qsvm-testdata-2.csv,40x2,1000x2,x0|x1,y,486285e43db7df1ddc8e7cc28aa1f96db473c130a853275dad66f4f6f75afefe,601996c04b89d2183367caeaabe6d4ca54dca466af96d04a702271f964ec3c21
3,5-7-9-12-14-16-18-19-21,5-7-9-12-14-16-18-19-21,1-3-5-7-8-9-10-12-14-15-16-17-18-19-21,9,15,0.605,2,"cnot_0->1,cross_on_target,features_normal,sim_manual",1.0,data/qsvm-traindata-2.csv,data/qsvm-testdata-2.csv,40x2,1000x2,x0|x1,y,486285e43db7df1ddc8e7cc28aa1f96db473c130a853275dad66f4f6f75afefe,601996c04b89d2183367caeaabe6d4ca54dca466af96d04a702271f964ec3c21
3,5-7-9-12-14-16-19-21,5-7-9-12-14-16-19-21,1-3-5-7-8-9-10-12-14-15-16-17-19-21,8,14,0.451,2,"cnot_0->1,cross_on_target,features_normal,sim_manual",1.0,data/qsvm-traindata-2.csv,data/qsvm-testdata-2.csv,40x2,1000x2,x0|x1,y,486285e43db7df1ddc8e7cc28aa1f96db473c130a853275dad66f4f6f75afefe,601996c04b89d2183367caeaabe6d4ca54dca466af96d04a702271f964ec3c21
3,5-7-9-12-14-18-19-21,5-7-9-12-14-18-19-21,1-3-5-7-8-9-10-12-14-15-17-18-19-21,8,14,0.592,2,"cnot_0->1,cross_on_target,features_normal,sim_manual",1.0,data/qsvm-traindata-2.csv,data/qsvm-testdata-2.csv,40x2,1000x2,x0|x1,y,486285e43db7df1ddc8e7cc28aa1f96db473c130a853275dad66f4f6f75afefe,601996c04b89d2183367caeaabe6d4ca54dca466af96d04a702271f964ec3c21
3,5-7-9-12-14-19-21,5-7-9-12-14-19-21,1-3-5-7-8-9-10-12-14-15-17-19-21,7,13,0.5,2,"cnot_0->1,cross_on_target,features_normal,sim_manual",1.0,data/qsvm-traindata-2.csv,data/qsvm-testdata-2.csv,40x2,1000x2,x0|x1,y,486285e43db7df1ddc8e7cc28aa1f96db473c130a853275dad66f4f6f75afefe,601996c04b89d2183367caeaabe6d4ca54dca466af96d04a702271f964ec3c21
3,5-7-11-12-14-16-18-19-21,5-7-11-12-14-16-18-19-21,1-3-5-7-8-10-11-12-14-15-16-17-18-19-21,9,15,0.605,2,"cnot_0->1,cross_on_target,features_normal,sim_manual",1.0,data/qsvm-traindata-2.csv,data/qsvm-testdata-2.csv,40x2,1000x2,x0|x1,y,486285e43db7df1ddc8e7cc28aa1f96db473c130a853275dad66f4f6f75afefe,601996c04b89d2183367caeaabe6d4ca54dca466af96d04a702271f964ec3c21
3,5-7-11-12-14-16-19-21,5-7-11-12-14-16-19-21,1-3-5-7-8-10-11-12-14-15-16-17-19-21,8,14,0.451,2,"cnot_0->1,cross_on_target,features_normal,sim_manual",1.0,data/qsvm-traindata-2.csv,data/qsvm-testdata-2.csv,40x2,1000x2,x0|x1,y,486285e43db7df1ddc8e7cc28aa1f96db473c130a853275dad66f4f6f75afefe,601996c04b89d2183367caeaabe6d4ca54dca466af96d04a702271f964ec3c21
3,5-7-11-12-14-18-19-21,5-7-11-12-14-18-19-21,1-3-5-7-8-10-11-12-14-15-17-18-19-21,8,14,0.592,2,"cnot_0->1,cross_on_target,features_normal,sim_manual",1.0,data/qsvm-traindata-2.csv,data/qsvm-testdata-2.csv,40x2,1000x2,x0|x1,y,486285e43db7df1ddc8e7cc28aa1f96db473c130a853275dad66f4f6f75afefe,601996c04b89d2183367caeaabe6d4ca54dca466af96d04a702271f964ec3c21
3,5-7-11-12-14-19-21,5-7-11-12-14-19-21,1-3-5-7-8-10-11-12-14-15-17-19-21,7,13,0.5,2,"cnot_0->1,cross_on_target,features_normal,sim_manual",1.0,data/qsvm-traindata-2.csv,data/qsvm-testdata-2.csv,40x2,1000x2,x0|x1,y,486285e43db7df1ddc8e7cc28aa1f96db473c130a853275dad66f4f6f75afefe,601996c04b89d2183367caeaabe6d4ca54dca466af96d04a702271f964ec3c21
3,5-7-12,5-7-12,1-3-5-7-8-10-12-15-17,3,9,0.5,2,"cnot_0->1,cross_on_target,features_normal,sim_manual",1.0,data/qsvm-traindata-2.csv,data/qsvm-testdata-2.csv,40x2,1000x2,x0|x1,y,486285e43db7df1ddc8e7cc28aa1f96db473c130a853275dad66f4f6f75afefe,601996c04b89d2183367caeaabe6d4ca54dca466af96d04a702271f964ec3c21
3,5-7-12-13-14-19-20-21,5-7-12-13-14-19-20-21,1-3-5-7-8-10-12-13-14-15-17-19-20-21,8,14,0.426,2,"cnot_0->1,cross_on_target,features_normal,sim_manual",1.0,data/qsvm-traindata-2.csv,data/qsvm-testdata-2.csv,40x2,1000x2,x0|x1,y,486285e43db7df1ddc8e7cc28aa1f96db473c130a853275dad66f4f6f75afefe,601996c04b89d2183367caeaabe6d4ca54dca466af96d04a702271f964ec3c21
3,5-7-12-13-14-19-21,5-7-12-13-14-19-21,1-3-5-7-8-10-12-13-14-15-17-19-21,7,13,0.5,2,"cnot_0->1,cross_on_target,features_normal,sim_manual",1.0,data/qsvm-traindata-2.csv,data/qsvm-testdata-2.csv,40x2,1000x2,x0|x1,y,486285e43db7df1ddc8e7cc28aa1f96db473c130a853275dad66f4f6f75afefe,601996c04b89d2183367caeaabe6d4ca54dca466af96d04a702271f964ec3c21
3,5-7-12-14,5-7-12-14,1-3-5-7-8-10-12-14-15-17,4,10,0.5,2,"cnot_0->1,cross_on_target,features_normal,sim_manual",1.0,data/qsvm-traindata-2.csv,data/qsvm-testdata-2.csv,40x2,1000x2,x0|x1,y,486285e43db7df1ddc8e7cc28aa1f96db473c130a853275dad66f4f6f75afefe,601996c04b89d2183367caeaabe6d4ca54dca466af96d04a702271f964ec3c21
3,5-7-12-14-16-18-19-21,5-7-12-14-16-18-19-21,1-3-5-7-8-10-12-14-15-16-17-18-19-21,8,14,0.605,2,"cnot_0->1,cross_on_target,features_normal,sim_manual",1.0,data/qsvm-traindata-2.csv,data/qsvm-testdata-2.csv,40x2,1000x2,x0|x1,y,486285e43db7df1ddc8e7cc28aa1f96db473c130a853275dad66f4f6f75afefe,601996c04b89d2183367caeaabe6d4ca54dca466af96d04a702271f964ec3c21
3,5-7-12-14-16-19-21,5-7-12-14-16-19-21,1-3-5-7-8-10-12-14-15-16-17-19-21,7,13,0.451,2,"cnot_0->1,cross_on_target,features_normal,sim_manual",1.0,data/qsvm-traindata-2.csv,data/qsvm-testdata-2.csv,40x2,1000x2,x0|x1,y,486285e43db7df1ddc8e7cc28aa1f96db473c130a853275dad66f4f6f75afefe,601996c04b89d2183367caeaabe6d4ca54dca466af96d04a702271f964ec3c21
3,5-7-12-14-18-19-21,5-7-12-14-18-19-21,1-3-5-7-8-10-12-14-15-17-18-19-21,7,13,0.592,2,"cnot_0->1,cross_on_target,features_normal,sim_manual",1.0,data/qsvm-traindata-2.csv,data/qsvm-testdata-2.csv,40x2,1000x2,x0|x1,y,486285e43db7df1ddc8e7cc28aa1f96db473c130a853275dad66f4f6f75afefe,601996c04b89d2183367caeaabe6d4ca54dca466af96d04a702271f964ec3c21
3,5-7-12-14-19,5-7-12-14-19,1-3-5-7-8-10-12-14-15-17-19,5,11,0.5,2,"cnot_0->1,cross_on_target,features_normal,sim_manual",1.0,data/qsvm-traindata-2.csv,data/qsvm-testdata-2.csv,40x2,1000x2,x0|x1,y,486285e43db7df1ddc8e7cc28aa1f96db473c130a853275dad66f4f6f75afefe,601996c04b89d2183367caeaabe6d4ca54dca466af96d04a702271f964ec3c21
3,5-7-12-14-19-20-21,5-7-12-14-19-20-21,1-3-5-7-8-10-12-14-15-17-19-20-21,7,13,0.426,2,"cnot_0->1,cross_on_target,features_normal,sim_manual",1.0,data/qsvm-traindata-2.csv,data/qsvm-testdata-2.csv,40x2,1000x2,x0|x1,y,486285e43db7df1ddc8e7cc28aa1f96db473c130a853275dad66f4f6f75afefe,601996c04b89d2183367caeaabe6d4ca54dca466af96d04a702271f964ec3c21
3,5-7-12-14-19-21,5-7-12-14-19-21,1-3-5-7-8-10-12-14-15-17-19-21,6,12,0.5,2,"cnot_0->1,cross_on_target,features_normal,sim_manual",1.0,data/qsvm-traindata-2.csv,data/qsvm-testdata-2.csv,40x2,1000x2,x0|x1,y,486285e43db7df1ddc8e7cc28aa1f96db473c130a853275dad66f4f6f75afefe,601996c04b89d2183367caeaabe6d4ca54dca466af96d04a702271f964ec3c21
3,5-7-12-14-21,5-7-12-14-21,1-3-5-7-8-10-12-14-15-17-21,5,11,0.5,2,"cnot_0->1,cross_on_target,features_normal,sim_manual",1.0,data/qsvm-traindata-2.csv,data/qsvm-testdata-2.csv,40x2,1000x2,x0|x1,y,486285e43db7df1ddc8e7cc28aa1f96db473c130a853275dad66f4f6f75afefe,601996c04b89d2183367caeaabe6d4ca54dca466af96d04a702271f964ec3c21
3,5-7-12-19,5-7-12-19,1-3-5-7-8-10-12-15-17-19,4,10,0.5,2,"cnot_0->1,cross_on_target,features_normal,sim_manual",1.0,data/qsvm-traindata-2.csv,data/qsvm-testdata-2.csv,40x2,1000x2,x0|x1,y,486285e43db7df1ddc8e7cc28aa1f96db473c130a853275dad66f4f6f75afefe,601996c04b89d2183367caeaabe6d4ca54dca466af96d04a702271f964ec3c21
3,5-7-12-19-21,5-7-12-19-21,1-3-5-7-8-10-12-15-17-19-21,5,11,0.5,2,"cnot_0->1,cross_on_target,features_normal,sim_manual",1.0,data/qsvm-traindata-2.csv,data/qsvm-testdata-2.csv,40x2,1000x2,x0|x1,y,486285e43db7df1ddc8e7cc28aa1f96db473c130a853275dad66f4f6f75afefe,601996c04b89d2183367caeaabe6d4ca54dca466af96d04a702271f964ec3c21
3,5-7-12-21,5-7-12-21,1-3-5-7-8-10-12-15-17-21,4,10,0.5,2,"cnot_0->1,cross_on_target,features_normal,sim_manual",1.0,data/qsvm-traindata-2.csv,data/qsvm-testdata-2.csv,40x2,1000x2,x0|x1,y,486285e43db7df1ddc8e7cc28aa1f96db473c130a853275dad66f4f6f75afefe,601996c04b89d2183367caeaabe6d4ca54dca466af96d04a702271f964ec3c21
3,5-7-14,5-7-14,1-3-5-7-8-10-14-15-17,3,9,0.5,2,"cnot_0->1,cross_on_target,features_normal,sim_manual",1.0,data/qsvm-traindata-2.csv,data/qsvm-testdata-2.csv,40x2,1000x2,x0|x1,y,486285e43db7df1ddc8e7cc28aa1f96db473c130a853275dad66f4f6f75afefe,601996c04b89d2183367caeaabe6d4ca54dca466af96d04a702271f964ec3c21
3,5-7-14-19,5-7-14-19,1-3-5-7-8-10-14-15-17-19,4,10,0.5,2,"cnot_0->1,cross_on_target,features_normal,sim_manual",1.0,data/qsvm-traindata-2.csv,data/qsvm-testdata-2.csv,40x2,1000x2,x0|x1,y,486285e43db7df1ddc8e7cc28aa1f96db473c130a853275dad66f4f6f75afefe,601996c04b89d2183367caeaabe6d4ca54dca466af96d04a702271f964ec3c21
3,5-7-14-19-21,5-7-14-19-21,1-3-5-7-8-10-14-15-17-19-21,5,11,0.5,2,"cnot_0->1,cross_on_target,features_normal,sim_manual",1.0,data/qsvm-traindata-2.csv,data/qsvm-testdata-2.csv,40x2,1000x2,x0|x1,y,486285e43db7df1ddc8e7cc28aa1f96db473c130a853275dad66f4f6f75afefe,601996c04b89d2183367caeaabe6d4ca54dca466af96d04a702271f964ec3c21
3,5-7-14-21,5-7-14-21,1-3-5-7-8-10-14-15-17-21,4,10,0.5,2,"cnot_0->1,cross_on_target,features_normal,sim_manual",1.0,data/qsvm-traindata-2.csv,data/qsvm-testdata-2.csv,40x2,1000x2,x0|x1,y,486285e43db7df1ddc8e7cc28aa1f96db473c130a853275dad66f4f6f75afefe,601996c04b89d2183367caeaabe6d4ca54dca466af96d04a702271f964ec3c21
3,5-7-19,5-7-19,1-3-5-7-8-10-15-17-19,3,9,0.5,2,"cnot_0->1,cross_on_target,features_normal,sim_manual",1.0,data/qsvm-traindata-2.csv,data/qsvm-testdata-2.csv,40x2,1000x2,x0|x1,y,486285e43db7df1ddc8e7cc28aa1f96db473c130a853275dad66f4f6f75afefe,601996c04b89d2183367caeaabe6d4ca54dca466af96d04a702271f964ec3c21
3,5-7-19-21,5-7-19-21,1-3-5-7-8-10-15-17-19-21,4,10,0.5,2,"cnot_0->1,cross_on_target,features_normal,sim_manual",1.0,data/qsvm-traindata-2.csv,data/qsvm-testdata-2.csv,40x2,1000x2,x0|x1,y,486285e43db7df1ddc8e7cc28aa1f96db473c130a853275dad66f4f6f75afefe,601996c04b89d2183367caeaabe6d4ca54dca466af96d04a702271f964ec3c21
3,5-7-21,5-7-21,1-3-5-7-8-10-15-17-21,3,9,0.5,2,"cnot_0->1,cross_on_target,features_normal,sim_manual",1.0,data/qsvm-traindata-2.csv,data/qsvm-testdata-2.csv,40x2,1000x2,x0|x1,y,486285e43db7df1ddc8e7cc28aa1f96db473c130a853275dad66f4f6f75afefe,601996c04b89d2183367caeaabe6d4ca54dca466af96d04a702271f964ec3c21
3,5-12,5-12,1-3-5-8-10-12-15-17,2,8,0.5,2,"cnot_0->1,cross_on_target,features_normal,sim_manual",1.0,data/qsvm-traindata-2.csv,data/qsvm-testdata-2.csv,40x2,1000x2,x0|x1,y,486285e43db7df1ddc8e7cc28aa1f96db473c130a853275dad66f4f6f75afefe,601996c04b89d2183367caeaabe6d4ca54dca466af96d04a702271f964ec3c21
3,5-12-14,5-12-14,1-3-5-8-10-12-14-15-17,3,9,0.5,2,"cnot_0->1,cross_on_target,features_normal,sim_manual",1.0,data/qsvm-traindata-2.csv,data/qsvm-testdata-2.csv,40x2,1000x2,x0|x1,y,486285e43db7df1ddc8e7cc28aa1f96db473c130a853275dad66f4f6f75afefe,601996c04b89d2183367caeaabe6d4ca54dca466af96d04a702271f964ec3c21
3,5-12-14-19,5-12-14-19,1-3-5-8-10-12-14-15-17-19,4,10,0.5,2,"cnot_0->1,cross_on_target,features_normal,sim_manual",1.0,data/qsvm-traindata-2.csv,data/qsvm-testdata-2.csv,40x2,1000x2,x0|x1,y,486285e43db7df1ddc8e7cc28aa1f96db473c130a853275dad66f4f6f75afefe,601996c04b89d2183367caeaabe6d4ca54dca466af96d04a702271f964ec3c21
3,5-12-14-19-21,5-12-14-19-21,1-3-5-8-10-12-14-15-17-19-21,5,11,0.5,2,"cnot_0->1,cross_on_target,features_normal,sim_manual",1.0,data/qsvm-traindata-2.csv,data/qsvm-testdata-2.csv,40x2,1000x2,x0|x1,y,486285e43db7df1ddc8e7cc28aa1f96db473c130a853275dad66f4f6f75afefe,601996c04b89d2183367caeaabe6d4ca54dca466af96d04a702271f964ec3c21
3,5-12-14-21,5-12-14-21,1-3-5-8-10-12-14-15-17-21,4,10,0.5,2,"cnot_0->1,cross_on_target,features_normal,sim_manual",1.0,data/qsvm-traindata-2.csv,data/qsvm-testdata-2.csv,40x2,1000x2,x0|x1,y,486285e43db7df1ddc8e7cc28aa1f96db473c130a853275dad66f4f6f75afefe,601996c04b89d2183367caeaabe6d4ca54dca466af96d04a702271f964ec3c21
3,5-12-19,5-12-19,1-3-5-8-10-12-15-17-19,3,9,0.5,2,"cnot_0->1,cross_on_target,features_normal,sim_manual",1.0,data/qsvm-traindata-2.csv,data/qsvm-testdata-2.csv,40x2,1000x2,x0|x1,y,486285e43db7df1ddc8e7cc28aa1f96db473c130a853275dad66f4f6f75afefe,601996c04b89d2183367caeaabe6d4ca54dca466af96d04a702271f964ec3c21
3,5-12-19-21,5-12-19-21,1-3-5-8-10-12-15-17-19-21,4,10,0.5,2,"cnot_0->1,cross_on_target,features_normal,sim_manual",1.0,data/qsvm-traindata-2.csv,data/qsvm-testdata-2.csv,40x2,1000x2,x0|x1,y,486285e43db7df1ddc8e7cc28aa1f96db473c130a853275dad66f4f6f75afefe,601996c04b89d2183367caeaabe6d4ca54dca466af96d04a702271f964ec3c21
3,5-12-21,5-12-21,1-3-5-8-10-12-15-17-21,3,9,0.5,2,"cnot_0->1,cross_on_target,features_normal,sim_manual",1.0,data/qsvm-traindata-2.csv,data/qsvm-testdata-2.csv,40x2,1000x2,x0|x1,y,486285e43db7df1ddc8e7cc28aa1f96db473c130a853275dad66f4f6f75afefe,601996c04b89d2183367caeaabe6d4ca54dca466af96d04a702271f964ec3c21
3,5-14,5-14,1-3-5-8-10-14-15-17,2,8,0.5,2,"cnot_0->1,cross_on_target,features_normal,sim_manual",1.0,data/qsvm-traindata-2.csv,data/qsvm-testdata-2.csv,40x2,1000x2,x0|x1,y,486285e43db7df1ddc8e7cc28aa1f96db473c130a853275dad66f4f6f75afefe,601996c04b89d2183367caeaabe6d4ca54dca466af96d04a702271f964ec3c21
3,5-14-19,5-14-19,1-3-5-8-10-14-15-17-19,3,9,0.5,2,"cnot_0->1,cross_on_target,features_normal,sim_manual",1.0,data/qsvm-traindata-2.csv,data/qsvm-testdata-2.csv,40x2,1000x2,x0|x1,y,486285e43db7df1ddc8e7cc28aa1f96db473c130a853275dad66f4f6f75afefe,601996c04b89d2183367caeaabe6d4ca54dca466af96d04a702271f964ec3c21
3,5-14-19-21,5-14-19-21,1-3-5-8-10-14-15-17-19-21,4,10,0.5,2,"cnot_0->1,cross_on_target,features_normal,sim_manual",1.0,data/qsvm-traindata-2.csv,data/qsvm-testdata-2.csv,40x2,1000x2,x0|x1,y,486285e43db7df1ddc8e7cc28aa1f96db473c130a853275dad66f4f6f75afefe,601996c04b89d2183367caeaabe6d4ca54dca466af96d04a702271f964ec3c21
3,5-14-21,5-14-21,1-3-5-8-10-14-15-17-21,3,9,0.5,2,"cnot_0->1,cross_on_target,features_normal,sim_manual",1.0,data/qsvm-traindata-2.csv,data/qsvm-testdata-2.csv,40x2,1000x2,x0|x1,y,486285e43db7df1ddc8e7cc28aa1f96db473c130a853275dad66f4f6f75afefe,601996c04b89d2183367caeaabe6d4ca54dca466af96d04a702271f964ec3c21
3,5-19,5-19,1-3-5-8-10-15-17-19,2,8,0.5,2,"cnot_0->1,cross_on_target,features_normal,sim_manual",1.0,data/qsvm-traindata-2.csv,data/qsvm-testdata-2.csv,40x2,1000x2,x0|x1,y,486285e43db7df1ddc8e7cc28aa1f96db473c130a853275dad66f4f6f75afefe,601996c04b89d2183367caeaabe6d4ca54dca466af96d04a702271f964ec3c21
3,5-19-21,5-19-21,1-3-5-8-10-15-17-19-21,3,9,0.5,2,"cnot_0->1,cross_on_target,features_normal,sim_manual",1.0,data/qsvm-traindata-2.csv,data/qsvm-testdata-2.csv,40x2,1000x2,x0|x1,y,486285e43db7df1ddc8e7cc28aa1f96db473c130a853275dad66f4f6f75afefe,601996c04b89d2183367caeaabe6d4ca54dca466af96d04a702271f964ec3c21
3,5-21,5-21,1-3-5-8-10-15-17-21,2,8,0.5,2,"cnot_0->1,cross_on_target,features_normal,sim_manual",1.0,data/qsvm-traindata-2.csv,data/qsvm-testdata-2.csv,40x2,1000x2,x0|x1,y,486285e43db7df1ddc8e7cc28aa1f96db473c130a853275dad66f4f6f75afefe,601996c04b89d2183367caeaabe6d4ca54dca466af96d04a702271f964ec3c21
3,6,6,1-3-6-8-10-15-17,1,7,0.426,2,"cnot_0->1,cross_on_target,features_normal,sim_manual",1.0,data/qsvm-traindata-2.csv,data/qsvm-testdata-2.csv,40x2,1000x2,x0|x1,y,486285e43db7df1ddc8e7cc28aa1f96db473c130a853275dad66f4f6f75afefe,601996c04b89d2183367caeaabe6d4ca54dca466af96d04a702271f964ec3c21
3,6-7-12-13-14-19-20,6-7-12-13-14-19-20,1-3-6-7-8-10-12-13-14-15-17-19-20,7,13,0.57,2,"cnot_0->1,cross_on_target,features_normal,sim_manual",1.0,data/qsvm-traindata-2.csv,data/qsvm-testdata-2.csv,40x2,1000x2,x0|x1,y,486285e43db7df1ddc8e7cc28aa1f96db473c130a853275dad66f4f6f75afefe,601996c04b89d2183367caeaabe6d4ca54dca466af96d04a702271f964ec3c21
3,6-7-12-13-14-19-20-21,6-7-12-13-14-19-20-21,1-3-6-7-8-10-12-13-14-15-17-19-20-21,8,14,0.57,2,"cnot_0->1,cross_on_target,features_normal,sim_manual",1.0,data/qsvm-traindata-2.csv,data/qsvm-testdata-2.csv,40x2,1000x2,x0|x1,y,486285e43db7df1ddc8e7cc28aa1f96db473c130a853275dad66f4f6f75afefe,601996c04b89d2183367caeaabe6d4ca54dca466af96d04a702271f964ec3c21
3,6-7-12-13-14-20,6-7-12-13-14-20,1-3-6-7-8-10-12-13-14-15-17-20,6,12,0.472,2,"cnot_0->1,cross_on_target,features_normal,sim_manual",1.0,data/qsvm-traindata-2.csv,data/qsvm-testdata-2.csv,40x2,1000x2,x0|x1,y,486285e43db7df1ddc8e7cc28aa1f96db473c130a853275dad66f4f6f75afefe,601996c04b89d2183367caeaabe6d4ca54dca466af96d04a702271f964ec3c21
3,6-7-12-13-14-20-21,6-7-12-13-14-20-21,1-3-6-7-8-10-12-13-14-15-17-20-21,7,13,0.472,2,"cnot_0->1,cross_on_target,features_normal,sim_manual",1.0,data/qsvm-traindata-2.csv,data/qsvm-testdata-2.csv,40x2,1000x2,x0|x1,y,486285e43db7df1ddc8e7cc28aa1f96db473c130a853275dad66f4f6f75afefe,601996c04b89d2183367caeaabe6d4ca54dca466af96d04a702271f964ec3c21
3,6-7-12-13-19-20,6-7-12-13-19-20,1-3-6-7-8-10-12-13-15-17-19-20,6,12,0.472,2,"cnot_0->1,cross_on_target,features_normal,sim_manual",1.0,data/qsvm-traindata-2.csv,data/qsvm-testdata-2.csv,40x2,1000x2,x0|x1,y,486285e43db7df1ddc8e7cc28aa1f96db473c130a853275dad66f4f6f75afefe,601996c04b89d2183367caeaabe6d4ca54dca466af96d04a702271f964ec3c21
3,6-7-12-13-19-20-21,6-7-12-13-19-20-21,1-3-6-7-8-10-12-13-15-17-19-20-21,7,13,0.472,2,"cnot_0->1,cross_on_target,features_normal,sim_manual",1.0,data/qsvm-traindata-2.csv,data/qsvm-testdata-2.csv,40x2,1000x2,x0|x1,y,486285e43db7df1ddc8e7cc28aa1f96db473c130a853275dad66f4f6f75afefe,601996c04b89d2183367caeaabe6d4ca54dca466af96d04a702271f964ec3c21
3,6-7-12-13-20,6-7-12-13-20,1-3-6-7-8-10-12-13-15-17-20,5,11,0.472,2,"cnot_0->1,cross_on_target,features_normal,sim_manual",1.0,data/qsvm-traindata-2.csv,data/qsvm-testdata-2.csv,40x2,1000x2,x0|x1,y,486285e43db7df1ddc8e7cc28aa1f96db473c130a853275dad66f4f6f75afefe,601996c04b89d2183367caeaabe6d4ca54dca466af96d04a702271f964ec3c21
3,6-7-12-13-20-21,6-7-12-13-20-21,1-3-6-7-8-10-12-13-15-17-20-21,6,12,0.472,2,"cnot_0->1,cross_on_target,features_normal,sim_manual",1.0,data/qsvm-traindata-2.csv,data/qsvm-testdata-2.csv,40x2,1000x2,x0|x1,y,486285e43db7df1ddc8e7cc28aa1f96db473c130a853275dad66f4f6f75afefe,601996c04b89d2183367caeaabe6d4ca54dca466af96d04a702271f964ec3c21
3,6-7-13-14-19-20,6-7-13-14-19-20,1-3-6-7-8-10-13-14-15-17-19-20,6,12,0.439,2,"cnot_0->1,cross_on_target,features_normal,sim_manual",1.0,data/qsvm-traindata-2.csv,data/qsvm-testdata-2.csv,40x2,1000x2,x0|x1,y,486285e43db7df1ddc8e7cc28aa1f96db473c130a853275dad66f4f6f75afefe,601996c04b89d2183367caeaabe6d4ca54dca466af96d04a702271f964ec3c21
3,6-7-13-14-19-20-21,6-7-13-14-19-20-21,1-3-6-7-8-10-13-14-15-17-19-20-21,7,13,0.439,2,"cnot_0->1,cross_on_target,features_normal,sim_manual",1.0,data/qsvm-traindata-2.csv,data/qsvm-testdata-2.csv,40x2,1000x2,x0|x1,y,486285e43db7df1ddc8e7cc28aa1f96db473c130a853275dad66f4f6f75afefe,601996c04b89d2183367caeaabe6d4ca54dca466af96d04a702271f964ec3c21
3,6-7-13-14-20,6-7-13-14-20,1-3-6-7-8-10-13-14-15-17-20,5,11,0.439,2,"cnot_0->1,cross_on_target,features_normal,sim_manual",1.0,data/qsvm-traindata-2.csv,data/qsvm-testdata-2.csv,40x2,1000x2,x0|x1,y,486285e43db7df1ddc8e7cc28aa1f96db473c130a853275dad66f4f6f75afefe,601996c04b89d2183367caeaabe6d4ca54dca466af96d04a702271f964ec3c21
3,6-7-13-14-20-21,6-7-13-14-20-21,1-3-6-7-8-10-13-14-15-17-20-21,6,12,0.439,2,"cnot_0->1,cross_on_target,features_normal,sim_manual",1.0,data/qsvm-traindata-2.csv,data/qsvm-testdata-2.csv,40x2,1000x2,x0|x1,y,486285e43db7df1ddc8e7cc28aa1f96db473c130a853275dad66f4f6f75afefe,601996c04b89d2183367caeaabe6d4ca54dca466af96d04a702271f964ec3c21
3,6-7-13-19-20,6-7-13-19-20,1-3-6-7-8-10-13-15-17-19-20,5,11,0.581,2,"cnot_0->1,cross_on_target,features_normal,sim_manual",1.0,data/qsvm-traindata-2.csv,data/qsvm-testdata-2.csv,40x2,1000x2,x0|x1,y,486285e43db7df1ddc8e7cc28aa1f96db473c130a853275dad66f4f6f75afefe,601996c04b89d2183367caeaabe6d4ca54dca466af96d04a702271f964ec3c21
3,6-7-13-19-20-21,6-7-13-19-20-21,1-3-6-7-8-10-13-15-17-19-20-21,6,12,0.581,2,"cnot_0->1,cross_on_target,features_normal,sim_manual",1.0,data/qsvm-traindata-2.csv,data/qsvm-testdata-2.csv,40x2,1000x2,x0|x1,y,486285e43db7df1ddc8e7cc28aa1f96db473c130a853275dad66f4f6f75afefe,601996c04b89d2183367caeaabe6d4ca54dca466af96d04a702271f964ec3c21
3,6-7-13-20,6-7-13-20,1-3-6-7-8-10-13-15-17-20,4,10,0.439,2,"cnot_0->1,cross_on_target,features_normal,sim_manual",1.0,data/qsvm-traindata-2.csv,data/qsvm-testdata-2.csv,40x2,1000x2,x0|x1,y,486285e43db7df1ddc8e7cc28aa1f96db473c130a853275dad66f4f6f75afefe,601996c04b89d2183367caeaabe6d4ca54dca466af96d04a702271f964ec3c21
3,6-7-13-20-21,6-7-13-20-21,1-3-6-7-8-10-13-15-17-20-21,5,11,0.439,2,"cnot_0->1,cross_on_target,features_normal,sim_manual",1.0,data/qsvm-traindata-2.csv,data/qsvm-testdata-2.csv,40x2,1000x2,x0|x1,y,486285e43db7df1ddc8e7cc28aa1f96db473c130a853275dad66f4f6f75afefe,601996c04b89d2183367caeaabe6d4ca54dca466af96d04a702271f964ec3c21
3,6-9-11-13-16-18-20,6-9-11-13-16-18-20,1-3-6-8-9-10-11-13-15-16-17-18-20,7,13,0.628,2,"cnot_0->1,cross_on_target,features_normal,sim_manual",1.0,data/qsvm-traindata-2.csv,data/qsvm-testdata-2.csv,40x2,1000x2,x0|x1,y,486285e43db7df1ddc8e7cc28aa1f96db473c130a853275dad66f4f6f75afefe,601996c04b89d2183367caeaabe6d4ca54dca466af96d04a702271f964ec3c21
3,6-9-11-13-16-20,6-9-11-13-16-20,1-3-6-8-9-10-11-13-15-16-17-20,6,12,0.483,2,"cnot_0->1,cross_on_target,features_normal,sim_manual",1.0,data/qsvm-traindata-2.csv,data/qsvm-testdata-2.csv,40x2,1000x2,x0|x1,y,486285e43db7df1ddc8e7cc28aa1f96db473c130a853275dad66f4f6f75afefe,601996c04b89d2183367caeaabe6d4ca54dca466af96d04a702271f964ec3c21
3,6-9-11-13-18-20,6-9-11-13-18-20,1-3-6-8-9-10-11-13-15-17-18-20,6,12,0.591,2,"cnot_0->1,cross_on_target,features_normal,sim_manual",1.0,data/qsvm-traindata-2.csv,data/qsvm-testdata-2.csv,40x2,1000x2,x0|x1,y,486285e43db7df1ddc8e7cc28aa1f96db473c130a853275dad66f4f6f75afefe,601996c04b89d2183367caeaabe6d4ca54dca466af96d04a702271f964ec3c21
3,6-9-11-13-20,6-9-11-13-20,1-3-6-8-9-10-11-13-15-17-20,5,11,0.481,2,"cnot_0->1,cross_on_target,features_normal,sim_manual",1.0,data/qsvm-traindata-2.csv,data/qsvm-testdata-2.csv,40x2,1000x2,x0|x1,y,486285e43db7df1ddc8e7cc28aa1f96db473c130a853275dad66f4f6f75afefe,601996c04b89d2183367caeaabe6d4ca54dca466af96d04a702271f964ec3c21
3,6-9-13-16-18-20,6-9-13-16-18-20,1-3-6-8-9-10-13-15-16-17-18-20,6,12,0.578,2,"cnot_0->1,cross_on_target,features_normal,sim_manual",1.0,data/qsvm-traindata-2.csv,data/qsvm-testdata-2.csv,40x2,1000x2,x0|x1,y,486285e43db7df1ddc8e7cc28aa1f96db473c130a853275dad66f4f6f75afefe,601996c04b89d2183367caeaabe6d4ca54dca466af96d04a702271f964ec3c21
3,6-9-13-16-20,6-9-13-16-20,1-3-6-8-9-10-13-15-16-17-20,5,11,0.517,2,"cnot_0->1,cross_on_target,features_normal,sim_manual",1.0,data/qsvm-traindata-2.csv,data/qsvm-testdata-2.csv,40x2,1000x2,x0|x1,y,486285e43db7df1ddc8e7cc28aa1f96db473c130a853275dad66f4f6f75afefe,601996c04b89d2183367caeaabe6d4ca54dca466af96d04a702271f964ec3c21
3,6-9-13-18-20,6-9-13-18-20,1-3-6-8-9-10-13-15-17-18-20,5,11,0.569,2,"cnot_0->1,cross_on_target,features_normal,sim_manual",1.0,data/qsvm-traindata-2.csv,data/qsvm-testdata-2.csv,40x2,1000x2,x0|x1,y,486285e43db7df1ddc8e7cc28aa1f96db473c130a853275dad66f4f6f75afefe,601996c04b89d2183367caeaabe6d4ca54dca466af96d04a702271f964ec3c21
3,6-9-13-20,6-9-13-20,1-3-6-8-9-10-13-15-17-20,4,10,0.581,2,"cnot_0->1,cross_on_target,features_normal,sim_manual",1.0,data/qsvm-traindata-2.csv,data/qsvm-testdata-2.csv,40x2,1000x2,x0|x1,y,486285e43db7df1ddc8e7cc28aa1f96db473c130a853275dad66f4f6f75afefe,601996c04b89d2183367caeaabe6d4ca54dca466af96d04a702271f964ec3c21
3,6-11-13-16-18-20,6-11-13-16-18-20,1-3-6-8-10-11-13-15-16-17-18-20,6,12,0.628,2,"cnot_0->1,cross_on_target,features_normal,sim_manual",1.0,data/qsvm-traindata-2.csv,data/qsvm-testdata-2.csv,40x2,1000x2,x0|x1,y,486285e43db7df1ddc8e7cc28aa1f96db473c130a853275dad66f4f6f75afefe,601996c04b89d2183367caeaabe6d4ca54dca466af96d04a702271f964ec3c21
3,6-11-13-16-20,6-11-13-16-20,1-3-6-8-10-11-13-15-16-17-20,5,11,0.483,2,"cnot_0->1,cross_on_target,features_normal,sim_manual",1.0,data/qsvm-traindata-2.csv,data/qsvm-testdata-2.csv,40x2,1000x2,x0|x1,y,486285e43db7df1ddc8e7cc28aa1f96db473c130a853275dad66f4f6f75afefe,601996c04b89d2183367caeaabe6d4ca54dca466af96d04a702271f964ec3c21
3,6-11-13-18-20,6-11-13-18-20,1-3-6-8-10-11-13-15-17-18-20,5,11,0.591,2,"cnot_0->1,cross_on_target,features_normal,sim_manual",1.0,data/qsvm-traindata-2.csv,data/qsvm-testdata-2.csv,40x2,1000x2,x0|x1,y,486285e43db7df1ddc8e7cc28aa1f96db473c130a853275dad66f4f6f75afefe,601996c04b89d2183367caeaabe6d4ca54dca466af96d04a702271f964ec3c21
3,6-11-13-20,6-11-13-20,1-3-6-8-10-11-13-15-17-20,4,10,0.481,2,"cnot_0->1,cross_on_target,features_normal,sim_manual",1.0,data/qsvm-traindata-2.csv,data/qsvm-testdata-2.csv,40x2,1000x2,x0|x1,y,486285e43db7df1ddc8e7cc28aa1f96db473c130a853275dad66f4f6f75afefe,601996c04b89d2183367caeaabe6d4ca54dca466af96d04a702271f964ec3c21
3,6-12-13-14-19-20,6-12-13-14-19-20,1-3-6-8-10-12-13-14-15-17-19-20,6,12,0.439,2,"cnot_0->1,cross_on_target,features_normal,sim_manual",1.0,data/qsvm-traindata-2.csv,data/qsvm-testdata-2.csv,40x2,1000x2,x0|x1,y,486285e43db7df1ddc8e7cc28aa1f96db473c130a853275dad66f4f6f75afefe,601996c04b89d2183367caeaabe6d4ca54dca466af96d04a702271f964ec3c21
3,6-12-13-14-19-20-21,6-12-13-14-19-20-21,1-3-6-8-10-12-13-14-15-17-19-20-21,7,13,0.439,2,"cnot_0->1,cross_on_target,features_normal,sim_manual",1.0,data/qsvm-traindata-2.csv,data/qsvm-testdata-2.csv,40x2,1000x2,x0|x1,y,486285e43db7df1ddc8e7cc28aa1f96db473c130a853275dad66f4f6f75afefe,601996c04b89d2183367caeaabe6d4ca54dca466af96d04a702271f964ec3c21
3,6-12-13-14-20,6-12-13-14-20,1-3-6-8-10-12-13-14-15-17-20,5,11,0.581,2,"cnot_0->1,cross_on_target,features_normal,sim_manual",1.0,data/qsvm-traindata-2.csv,data/qsvm-testdata-2.csv,40x2,1000x2,x0|x1,y,486285e43db7df1ddc8e7cc28aa1f96db473c130a853275dad66f4f6f75afefe,601996c04b89d2183367caeaabe6d4ca54dca466af96d04a702271f964ec3c21
3,6-12-13-14-20-21,6-12-13-14-20-21,1-3-6-8-10-12-13-14-15-17-20-21,6,12,0.581,2,"cnot_0->1,cross_on_target,features_normal,sim_manual",1.0,data/qsvm-traindata-2.csv,data/qsvm-testdata-2.csv,40x2,1000x2,x0|x1,y,486285e43db7df1ddc8e7cc28aa1f96db473c130a853275dad66f4f6f75afefe,601996c04b89d2183367caeaabe6d4ca54dca466af96d04a702271f964ec3c21
3,6-12-13-19-20,6-12-13-19-20,1-3-6-8-10-12-13-15-17-19-20,5,11,0.439,2,"cnot_0->1,cross_on_target,features_normal,sim_manual",1.0,data/qsvm-traindata-2.csv,data/qsvm-testdata-2.csv,40x2,1000x2,x0|x1,y,486285e43db7df1ddc8e7cc28aa1f96db473c130a853275dad66f4f6f75afefe,601996c04b89d2183367caeaabe6d4ca54dca466af96d04a702271f964ec3c21
3,6-12-13-19-20-21,6-12-13-19-20-21,1-3-6-8-10-12-13-15-17-19-20-21,6,12,0.439,2,"cnot_0->1,cross_on_target,features_normal,sim_manual",1.0,data/qsvm-traindata-2.csv,data/qsvm-testdata-2.csv,40x2,1000x2,x0|x1,y,486285e43db7df1ddc8e7cc28aa1f96db473c130a853275dad66f4f6f75afefe,601996c04b89d2183367caeaabe6d4ca54dca466af96d04a702271f964ec3c21
3,6-12-13-20,6-12-13-20,1-3-6-8-10-12-13-15-17-20,4,10,0.581,2,"cnot_0->1,cross_on_target,features_normal,sim_manual",1.0,data/qsvm-traindata-2.csv,data/qsvm-testdata-2.csv,40x2,1000x2,x0|x1,y,486285e43db7df1ddc8e7cc28aa1f96db473c130a853275dad66f4f6f75afefe,601996c04b89d2183367caeaabe6d4ca54dca466af96d04a702271f964ec3c21
3,6-12-13-20-21,6-12-13-20-21,1-3-6-8-10-12-13-15-17-20-21,5,11,0.581,2,"cnot_0->1,cross_on_target,features_normal,sim_manual",1.0,data/qsvm-traindata-2.csv,data/qsvm-testdata-2.csv,40x2,1000x2,x0|x1,y,486285e43db7df1ddc8e7cc28aa1f96db473c130a853275dad66f4f6f75afefe,601996c04b89d2183367caeaabe6d4ca54dca466af96d04a702271f964ec3c21
3,6-13,6-13,1-3-6-8-10-13-15-17,2,8,0.469,2,"cnot_0->1,cross_on_target,features_normal,sim_manual",1.0,data/qsvm-traindata-2.csv,data/qsvm-testdata-2.csv,40x2,1000x2,x0|x1,y,486285e43db7df1ddc8e7cc28aa1f96db473c130a853275dad66f4f6f75afefe,601996c04b89d2183367caeaabe6d4ca54dca466af96d04a702271f964ec3c21
3,6-13-14-19-20,6-13-14-19-20,1-3-6-8-10-13-14-15-17-19-20,5,11,0.439,2,"cnot_0->1,cross_on_target,features_normal,sim_manual",1.0,data/qsvm-traindata-2.csv,data/qsvm-testdata-2.csv,40x2,1000x2,x0|x1,y,486285e43db7df1ddc8e7cc28aa1f96db473c130a853275dad66f4f6f75afefe,601996c04b89d2183367caeaabe6d4ca54dca466af96d04a702271f964ec3c21
3,6-13-14-19-20-21,6-13-14-19-20-21,1-3-6-8-10-13-14-15-17-19-20-21,6,12,0.439,2,"cnot_0->1,cross_on_target,features_normal,sim_manual",1.0,data/qsvm-traindata-2.csv,data/qsvm-testdata-2.csv,40x2,1000x2,x0|x1,y,486285e43db7df1ddc8e7cc28aa1f96db473c130a853275dad66f4f6f75afefe,601996c04b89d2183367caeaabe6d4ca54dca466af96d04a702271f964ec3c21
3,6-13-14-20,6-13-14-20,1-3-6-8-10-13-14-15-17-20,4,10,0.581,2,"cnot_0->1,cross_on_target,features_normal,sim_manual",1.0,data/qsvm-traindata-2.csv,data/qsvm-testdata-2.csv,40x2,1000x2,x0|x1,y,486285e43db7df1ddc8e7cc28aa1f96db473c130a853275dad66f4f6f75afefe,601996c04b89d2183367caeaabe6d4ca54dca466af96d04a702271f964ec3c21
3,6-13-14-20-21,6-13-14-20-21,1-3-6-8-10-13-14-15-17-20-21,5,11,0.581,2,"cnot_0->1,cross_on_target,features_normal,sim_manual",1.0,data/qsvm-traindata-2.csv,data/qsvm-testdata-2.csv,40x2,1000x2,x0|x1,y,486285e43db7df1ddc8e7cc28aa1f96db473c130a853275dad66f4f6f75afefe,601996c04b89d2183367caeaabe6d4ca54dca466af96d04a702271f964ec3c21
3,6-13-16-18-20,6-13-16-18-20,1-3-6-8-10-13-15-16-17-18-20,5,11,0.578,2,"cnot_0->1,cross_on_target,features_normal,sim_manual",1.0,data/qsvm-traindata-2.csv,data/qsvm-testdata-2.csv,40x2,1000x2,x0|x1,y,486285e43db7df1ddc8e7cc28aa1f96db473c130a853275dad66f4f6f75afefe,601996c04b89d2183367caeaabe6d4ca54dca466af96d04a702271f964ec3c21
3,6-13-16-20,6-13-16-20,1-3-6-8-10-13-15-16-17-20,4,10,0.517,2,"cnot_0->1,cross_on_target,features_normal,sim_manual",1.0,data/qsvm-traindata-2.csv,data/qsvm-testdata-2.csv,40x2,1000x2,x0|x1,y,486285e43db7df1ddc8e7cc28aa1f96db473c130a853275dad66f4f6f75afefe,601996c04b89d2183367caeaabe6d4ca54dca466af96d04a702271f964ec3c21
3,6-13-18-20,6-13-18-20,1-3-6-8-10-13-15-17-18-20,4,10,0.569,2,"cnot_0->1,cross_on_target,features_normal,sim_manual",1.0,data/qsvm-traindata-2.csv,data/qsvm-testdata-2.csv,40x2,1000x2,x0|x1,y,486285e43db7df1ddc8e7cc28aa1f96db473c130a853275dad66f4f6f75afefe,601996c04b89d2183367caeaabe6d4ca54dca466af96d04a702271f964ec3c21
3,6-13-19-20,6-13-19-20,1-3-6-8-10-13-15-17-19-20,4,10,0.439,2,"cnot_0->1,cross_on_target,features_normal,sim_manual",1.0,data/qsvm-traindata-2.csv,data/qsvm-testdata-2.csv,40x2,1000x2,x0|x1,y,486285e43db7df1ddc8e7cc28aa1f96db473c130a853275dad66f4f6f75afefe,601996c04b89d2183367caeaabe6d4ca54dca466af96d04a702271f964ec3c21
3,6-13-19-20-21,6-13-19-20-21,1-3-6-8-10-13-15-17-19-20-21,5,11,0.439,2,"cnot_0->1,cross_on_target,features_normal,sim_manual",1.0,data/qsvm-traindata-2.csv,data/qsvm-testdata-2.csv,40x2,1000x2,x0|x1,y,486285e43db7df1ddc8e7cc28aa1f96db473c130a853275dad66f4f6f75afefe,601996c04b89d2183367caeaabe6d4ca54dca466af96d04a702271f964ec3c21
3,6-13-20,6-13-20,1-3-6-8-10-13-15-17-20,3,9,0.581,2,"cnot_0->1,cross_on_target,features_normal,sim_manual",1.0,data/qsvm-traindata-2.csv,data/qsvm-testdata-2.csv,40x2,1000x2,x0|x1,y,486285e43db7df1ddc8e7cc28aa1f96db473c130a853275dad66f4f6f75afefe,601996c04b89d2183367caeaabe6d4ca54dca466af96d04a702271f964ec3c21
3,6-13-20-21,6-13-20-21,1-3-6-8-10-13-15-17-20-21,4,10,0.581,2,"cnot_0->1,cross_on_target,features_normal,sim_manual",1.0,data/qsvm-traindata-2.csv,data/qsvm-testdata-2.csv,40x2,1000x2,x0|x1,y,486285e43db7df1ddc8e7cc28aa1f96db473c130a853275dad66f4f6f75afefe,601996c04b89d2183367caeaabe6d4ca54dca466af96d04a702271f964ec3c21
3,6-20,6-20,1-3-6-8-10-15-17-20,2,8,0.57,2,"cnot_0->1,cross_on_target,features_normal,sim_manual",1.0,data/qsvm-traindata-2.csv,data/qsvm-testdata-2.csv,40x2,1000x2,x0|x1,y,486285e43db7df1ddc8e7cc28aa1f96db473c130a853275dad66f4f6f75afefe,601996c04b89d2183367caeaabe6d4ca54dca466af96d04a702271f964ec3c21
3,7,7,1-3-7-8-10-15-17,1,7,0.5,2,"cnot_0->1,cross_on_target,features_normal,sim_manual",1.0,data/qsvm-traindata-2.csv,data/qsvm-testdata-2.csv,40x2,1000x2,x0|x1,y,486285e43db7df1ddc8e7cc28aa1f96db473c130a853275dad66f4f6f75afefe,601996c04b89d2183367caeaabe6d4ca54dca466af96d04a702271f964ec3c21
3,7-12,7-12,1-3-7-8-10-12-15-17,2,8,0.5,2,"cnot_0->1,cross_on_target,features_normal,sim_manual",1.0,data/qsvm-traindata-2.csv,data/qsvm-testdata-2.csv,40x2,1000x2,x0|x1,y,486285e43db7df1ddc8e7cc28aa1f96db473c130a853275dad66f4f6f75afefe,601996c04b89d2183367caeaabe6d4ca54dca466af96d04a702271f964ec3c21
3,7-12-14,7-12-14,1-3-7-8-10-12-14-15-17,3,9,0.5,2,"cnot_0->1,cross_on_target,features_normal,sim_manual",1.0,data/qsvm-traindata-2.csv,data/qsvm-testdata-2.csv,40x2,1000x2,x0|x1,y,486285e43db7df1ddc8e7cc28aa1f96db473c130a853275dad66f4f6f75afefe,601996c04b89d2183367caeaabe6d4ca54dca466af96d04a702271f964ec3c21
3,7-12-14-19,7-12-14-19,1-3-7-8-10-12-14-15-17-19,4,10,0.5,2,"cnot_0->1,cross_on_target,features_normal,sim_manual",1.0,data/qsvm-traindata-2.csv,data/qsvm-testdata-2.csv,40x2,1000x2,x0|x1,y,486285e43db7df1ddc8e7cc28aa1f96db473c130a853275dad66f4f6f75afefe,601996c04b89d2183367caeaabe6d4ca54dca466af96d04a702271f964ec3c21
3,7-12-14-19-21,7-12-14-19-21,1-3-7-8-10-12-14-15-17-19-21,5,11,0.5,2,"cnot_0->1,cross_on_target,features_normal,sim_manual",1.0,data/qsvm-traindata-2.csv,data/qsvm-testdata-2.csv,40x2,1000x2,x0|x1,y,486285e43db7df1ddc8e7cc28aa1f96db473c130a853275dad66f4f6f75afefe,601996c04b89d2183367caeaabe6d4ca54dca466af96d04a702271f964ec3c21
3,7-12-14-21,7-12-14-21,1-3-7-8-10-12-14-15-17-21,4,10,0.5,2,"cnot_0->1,cross_on_target,features_normal,sim_manual",1.0,data/qsvm-traindata-2.csv,data/qsvm-testdata-2.csv,40x2,1000x2,x0|x1,y,486285e43db7df1ddc8e7cc28aa1f96db473c130a853275dad66f4f6f75afefe,601996c04b89d2183367caeaabe6d4ca54dca466af96d04a702271f964ec3c21
3,7-12-19,7-12-19,1-3-7-8-10-12-15-17-19,3,9,0.5,2,"cnot_0->1,cross_on_target,features_normal,sim_manual",1.0,data/qsvm-traindata-2.csv,data/qsvm-testdata-2.csv,40x2,1000x2,x0|x1,y,486285e43db7df1ddc8e7cc28aa1f96db473c130a853275dad66f4f6f75afefe,601996c04b89d2183367caeaabe6d4ca54dca466af96d04a702271f964ec3c21
3,7-12-19-21,7-12-19-21,1-3-7-8-10-12-15-17-19-21,4,10,0.5,2,"cnot_0->1,cross_on_target,features_normal,sim_manual",1.0,data/qsvm-traindata-2.csv,data/qsvm-testdata-2.csv,40x2,1000x2,x0|x1,y,486285e43db7df1ddc8e7cc28aa1f96db473c130a853275dad66f4f6f75afefe,601996c04b89d2183367caeaabe6d4ca54dca466af96d04a702271f964ec3c21
3,7-12-21,7-12-21,1-3-7-8-10-12-15-17-21,3,9,0.5,2,"cnot_0->1,cross_on_target,features_normal,sim_manual",1.0,data/qsvm-traindata-2.csv,data/qsvm-testdata-2.csv,40x2,1000x2,x0|x1,y,486285e43db7df1ddc8e7cc28aa1f96db473c130a853275dad66f4f6f75afefe,601996c04b89d2183367caeaabe6d4ca54dca466af96d04a702271f964ec3c21
3,7-14,7-14,1-3-7-8-10-14-15-17,2,8,0.5,2,"cnot_0->1,cross_on_target,features_normal,sim_manual",1.0,data/qsvm-traindata-2.csv,data/qsvm-testdata-2.csv,40x2,1000x2,x0|x1,y,486285e43db7df1ddc8e7cc28aa1f96db473c130a853275dad66f4f6f75afefe,601996c04b89d2183367caeaabe6d4ca54dca466af96d04a702271f964ec3c21
3,7-14-19,7-14-19,1-3-7-8-10-14-15-17-19,3,9,0.5,2,"cnot_0->1,cross_on_target,features_normal,sim_manual",1.0,data/qsvm-traindata-2.csv,data/qsvm-testdata-2.csv,40x2,1000x2,x0|x1,y,486285e43db7df1ddc8e7cc28aa1f96db473c130a853275dad66f4f6f75afefe,601996c04b89d2183367caeaabe6d4ca54dca466af96d04a702271f964ec3c21
3,7-14-19-21,7-14-19-21,1-3-7-8-10-14-15-17-19-21,4,10,0.5,2,"cnot_0->1,cross_on_target,features_normal,sim_manual",1.0,data/qsvm-traindata-2.csv,data/qsvm-testdata-2.csv,40x2,1000x2,x0|x1,y,486285e43db7df1ddc8e7cc28aa1f96db473c130a853275dad66f4f6f75afefe,601996c04b89d2183367caeaabe6d4ca54dca466af96d04a702271f964ec3c21
3,7-14-21,7-14-21,1-3-7-8-10-14-15-17-21,3,9,0.5,2,"cnot_0->1,cross_on_target,features_normal,sim_manual",1.0,data/qsvm-traindata-2.csv,data/qsvm-testdata-2.csv,40x2,1000x2,x0|x1,y,486285e43db7df1ddc8e7cc28aa1f96db473c130a853275dad66f4f6f75afefe,601996c04b89d2183367caeaabe6d4ca54dca466af96d04a702271f964ec3c21
3,7-19,7-19,1-3-7-8-10-15-17-19,2,8,0.5,2,"cnot_0->1,cross_on_target,features_normal,sim_manual",1.0,data/qsvm-traindata-2.csv,data/qsvm-testdata-2.csv,40x2,1000x2,x0|x1,y,486285e43db7df1ddc8e7cc28aa1f96db473c130a853275dad66f4f6f75afefe,601996c04b89d2183367caeaabe6d4ca54dca466af96d04a702271f964ec3c21
3,7-19-21,7-19-21,1-3-7-8-10-15-17-19-21,3,9,0.5,2,"cnot_0->1,cross_on_target,features_normal,sim_manual",1.0,data/qsvm-traindata-2.csv,data/qsvm-testdata-2.csv,40x2,1000x2,x0|x1,y,486285e43db7df1ddc8e7cc28aa1f96db473c130a853275dad66f4f6f75afefe,601996c04b89d2183367caeaabe6d4ca54dca466af96d04a702271f964ec3c21
3,7-21,7-21,1-3-7-8-10-15-17-21,2,8,0.5,2,"cnot_0->1,cross_on_target,features_normal,sim_manual",1.0,data/qsvm-traindata-2.csv,data/qsvm-testdata-2.csv,40x2,1000x2,x0|x1,y,486285e43db7df1ddc8e7cc28aa1f96db473c130a853275dad66f4f6f75afefe,601996c04b89d2183367caeaabe6d4ca54dca466af96d04a702271f964ec3c21
3,9,9,1-3-8-9-10-15-17,1,7,0.5,2,"cnot_0->1,cross_on_target,features_normal,sim_manual",1.0,data/qsvm-traindata-2.csv,data/qsvm-testdata-2.csv,40x2,1000x2,x0|x1,y,486285e43db7df1ddc8e7cc28aa1f96db473c130a853275dad66f4f6f75afefe,601996c04b89d2183367caeaabe6d4ca54dca466af96d04a702271f964ec3c21
3,9-11,9-11,1-3-8-9-10-11-15-17,2,8,0.5,2,"cnot_0->1,cross_on_target,features_normal,sim_manual",1.0,data/qsvm-traindata-2.csv,data/qsvm-testdata-2.csv,40x2,1000x2,x0|x1,y,486285e43db7df1ddc8e7cc28aa1f96db473c130a853275dad66f4f6f75afefe,601996c04b89d2183367caeaabe6d4ca54dca466af96d04a702271f964ec3c21
3,9-11-16,9-11-16,1-3-8-9-10-11-15-16-17,3,9,0.451,2,"cnot_0->1,cross_on_target,features_normal,sim_manual",1.0,data/qsvm-traindata-2.csv,data/qsvm-testdata-2.csv,40x2,1000x2,x0|x1,y,486285e43db7df1ddc8e7cc28aa1f96db473c130a853275dad66f4f6f75afefe,601996c04b89d2183367caeaabe6d4ca54dca466af96d04a702271f964ec3c21
3,9-11-16-18,9-11-16-18,1-3-8-9-10-11-15-16-17-18,4,10,0.605,2,"cnot_0->1,cross_on_target,features_normal,sim_manual",1.0,data/qsvm-traindata-2.csv,data/qsvm-testdata-2.csv,40x2,1000x2,x0|x1,y,486285e43db7df1ddc8e7cc28aa1f96db473c130a853275dad66f4f6f75afefe,601996c04b89d2183367caeaabe6d4ca54dca466af96d04a702271f964ec3c21
3,9-11-18,9-11-18,1-3-8-9-10-11-15-17-18,3,9,0.592,2,"cnot_0->1,cross_on_target,features_normal,sim_manual",1.0,data/qsvm-traindata-2.csv,data/qsvm-testdata-2.csv,40x2,1000x2,x0|x1,y,486285e43db7df1ddc8e7cc28aa1f96db473c130a853275dad66f4f6f75afefe,601996c04b89d2183367caeaabe6d4ca54dca466af96d04a702271f964ec3c21
3,9-16,9-16,1-3-8-9-10-15-16-17,2,8,0.451,2,"cnot_0->1,cross_on_target,features_normal,sim_manual",1.0,data/qsvm-traindata-2.csv,data/qsvm-testdata-2.csv,40x2,1000x2,x0|x1,y,486285e43db7df1ddc8e7cc28aa1f96db473c130a853275dad66f4f6f75afefe,601996c04b89d2183367caeaabe6d4ca54dca466af96d04a702271f964ec3c21
3,9-16-18,9-16-18,1-3-8-9-10-15-16-17-18,3,9,0.605,2,"cnot_0->1,cross_on_target,features_normal,sim_manual",1.0,data/qsvm-traindata-2.csv,data/qsvm-testdata-2.csv,40x2,1000x2,x0|x1,y,486285e43db7df1ddc8e7cc28aa1f96db473c130a853275dad66f4f6f75afefe,601996c04b89d2183367caeaabe6d4ca54dca466af96d04a702271f964ec3c21
3,9-18,9-18,1-3-8-9-10-15-17-18,2,8,0.592,2,"cnot_0->1,cross_on_target,features_normal,sim_manual",1.0,data/qsvm-traindata-2.csv,data/qsvm-testdata-2.csv,40x2,1000x2,x0|x1,y,486285e43db7df1ddc8e7cc28aa1f96db473c130a853275dad66f4f6f75afefe,601996c04b89d2183367caeaabe6d4ca54dca466af96d04a702271f964ec3c21
3,11,11,1-3-8-10-11-15-17,1,7,0.5,2,"cnot_0->1,cross_on_target,features_normal,sim_manual",1.0,data/qsvm-traindata-2.csv,data/qsvm-testdata-2.csv,40x2,1000x2,x0|x1,y,486285e43db7df1ddc8e7cc28aa1f96db473c130a853275dad66f4f6f75afefe,601996c04b89d2183367caeaabe6d4ca54dca466af96d04a702271f964ec3c21
3,11-16,11-16,1-3-8-10-11-15-16-17,2,8,0.451,2,"cnot_0->1,cross_on_target,features_normal,sim_manual",1.0,data/qsvm-traindata-2.csv,data/qsvm-testdata-2.csv,40x2,1000x2,x0|x1,y,486285e43db7df1ddc8e7cc28aa1f96db473c130a853275dad66f4f6f75afefe,601996c04b89d2183367caeaabe6d4ca54dca466af96d04a702271f964ec3c21
3,11-16-18,11-16-18,1-3-8-10-11-15-16-17-18,3,9,0.605,2,"cnot_0->1,cross_on_target,features_normal,sim_manual",1.0,data/qsvm-traindata-2.csv,data/qsvm-testdata-2.csv,40x2,1000x2,x0|x1,y,486285e43db7df1ddc8e7cc28aa1f96db473c130a853275dad66f4f6f75afefe,601996c04b89d2183367caeaabe6d4ca54dca466af96d04a702271f964ec3c21
3,11-18,11-18,1-3-8-10-11-15-17-18,2,8,0.592,2,"cnot_0->1,cross_on_target,features_normal,sim_manual",1.0,data/qsvm-traindata-2.csv,data/qsvm-testdata-2.csv,40x2,1000x2,x0|x1,y,486285e43db7df1ddc8e7cc28aa1f96db473c130a853275dad66f4f6f75afefe,601996c04b89d2183367caeaabe6d4ca54dca466af96d04a702271f964ec3c21
3,12,12,1-3-8-10-12-15-17,1,7,0.5,2,"cnot_0->1,cross_on_target,features_normal,sim_manual",1.0,data/qsvm-traindata-2.csv,data/qsvm-testdata-2.csv,40x2,1000x2,x0|x1,y,486285e43db7df1ddc8e7cc28aa1f96db473c130a853275dad66f4f6f75afefe,601996c04b89d2183367caeaabe6d4ca54dca466af96d04a702271f964ec3c21
3,12-14,12-14,1-3-8-10-12-14-15-17,2,8,0.5,2,"cnot_0->1,cross_on_target,features_normal,sim_manual",1.0,data/qsvm-traindata-2.csv,data/qsvm-testdata-2.csv,40x2,1000x2,x0|x1,y,486285e43db7df1ddc8e7cc28aa1f96db473c130a853275dad66f4f6f75afefe,601996c04b89d2183367caeaabe6d4ca54dca466af96d04a702271f964ec3c21
3,12-14-19,12-14-19,1-3-8-10-12-14-15-17-19,3,9,0.5,2,"cnot_0->1,cross_on_target,features_normal,sim_manual",1.0,data/qsvm-traindata-2.csv,data/qsvm-testdata-2.csv,40x2,1000x2,x0|x1,y,486285e43db7df1ddc8e7cc28aa1f96db473c130a853275dad66f4f6f75afefe,601996c04b89d2183367caeaabe6d4ca54dca466af96d04a702271f964ec3c21
3,12-14-19-21,12-14-19-21,1-3-8-10-12-14-15-17-19-21,4,10,0.5,2,"cnot_0->1,cross_on_target,features_normal,sim_manual",1.0,data/qsvm-traindata-2.csv,data/qsvm-testdata-2.csv,40x2,1000x2,x0|x1,y,486285e43db7df1ddc8e7cc28aa1f96db473c130a853275dad66f4f6f75afefe,601996c04b89d2183367caeaabe6d4ca54dca466af96d04a702271f964ec3c21
3,12-14-21,12-14-21,1-3-8-10-12-14-15-17-21,3,9,0.5,2,"cnot_0->1,cross_on_target,features_normal,sim_manual",1.0,data/qsvm-traindata-2.csv,data/qsvm-testdata-2.csv,40x2,1000x2,x0|x1,y,486285e43db7df1ddc8e7cc28aa1f96db473c130a853275dad66f4f6f75afefe,601996c04b89d2183367caeaabe6d4ca54dca466af96d04a702271f964ec3c21
3,12-19,12-19,1-3-8-10-12-15-17-19,2,8,0.5,2,"cnot_0->1,cross_on_target,features_normal,sim_manual",1.0,data/qsvm-traindata-2.csv,data/qsvm-testdata-2.csv,40x2,1000x2,x0|x1,y,486285e43db7df1ddc8e7cc28aa1f96db473c130a853275dad66f4f6f75afefe,601996c04b89d2183367caeaabe6d4ca54dca466af96d04a702271f964ec3c21
3,12-19-21,12-19-21,1-3-8-10-12-15-17-19-21,3,9,0.5,2,"cnot_0->1,cross_on_target,features_normal,sim_manual",1.0,data/qsvm-traindata-2.csv,data/qsvm-testdata-2.csv,40x2,1000x2,x0|x1,y,486285e43db7df1ddc8e7cc28aa1f96db473c130a853275dad66f4f6f75afefe,601996c04b89d2183367caeaabe6d4ca54dca466af96d04a702271f964ec3c21
3,12-21,12-21,1-3-8-10-12-15-17-21,2,8,0.5,2,"cnot_0->1,cross_on_target,features_normal,sim_manual",1.0,data/qsvm-traindata-2.csv,data/qsvm-testdata-2.csv,40x2,1000x2,x0|x1,y,486285e43db7df1ddc8e7cc28aa1f96db473c130a853275dad66f4f6f75afefe,601996c04b89d2183367caeaabe6d4ca54dca466af96d04a702271f964ec3c21
3,13,13,1-3-8-10-13-15-17,1,7,0.5,2,"cnot_0->1,cross_on_target,features_normal,sim_manual",1.0,data/qsvm-traindata-2.csv,data/qsvm-testdata-2.csv,40x2,1000x2,x0|x1,y,486285e43db7df1ddc8e7cc28aa1f96db473c130a853275dad66f4f6f75afefe,601996c04b89d2183367caeaabe6d4ca54dca466af96d04a702271f964ec3c21
3,13-20,13-20,1-3-8-10-13-15-17-20,2,8,0.426,2,"cnot_0->1,cross_on_target,features_normal,sim_manual",1.0,data/qsvm-traindata-2.csv,data/qsvm-testdata-2.csv,40x2,1000x2,x0|x1,y,486285e43db7df1ddc8e7cc28aa1f96db473c130a853275dad66f4f6f75afefe,601996c04b89d2183367caeaabe6d4ca54dca466af96d04a702271f964ec3c21
3,14,14,1-3-8-10-14-15-17,1,7,0.5,2,"cnot_0->1,cross_on_target,features_normal,sim_manual",1.0,data/qsvm-traindata-2.csv,data/qsvm-testdata-2.csv,40x2,1000x2,x0|x1,y,486285e43db7df1ddc8e7cc28aa1f96db473c130a853275dad66f4f6f75afefe,601996c04b89d2183367caeaabe6d4ca54dca466af96d04a702271f964ec3c21
3,14-19,14-19,1-3-8-10-14-15-17-19,2,8,0.5,2,"cnot_0->1,cross_on_target,features_normal,sim_manual",1.0,data/qsvm-traindata-2.csv,data/qsvm-testdata-2.csv,40x2,1000x2,x0|x1,y,486285e43db7df1ddc8e7cc28aa1f96db473c130a853275dad66f4f6f75afefe,601996c04b89d2183367caeaabe6d4ca54dca466af96d04a702271f964ec3c21
3,14-19-21,14-19-21,1-3-8-10-14-15-17-19-21,3,9,0.5,2,"cnot_0->1,cross_on_target,features_normal,sim_manual",1.0,data/qsvm-traindata-2.csv,data/qsvm-testdata-2.csv,40x2,1000x2,x0|x1,y,486285e43db7df1ddc8e7cc28aa1f96db473c130a853275dad66f4f6f75afefe,601996c04b89d2183367caeaabe6d4ca54dca466af96d04a702271f964ec3c21
3,14-21,14-21,1-3-8-10-14-15-17-21,2,8,0.5,2,"cnot_0->1,cross_on_target,features_normal,sim_manual",1.0,data/qsvm-traindata-2.csv,data/qsvm-testdata-2.csv,40x2,1000x2,x0|x1,y,486285e43db7df1ddc8e7cc28aa1f96db473c130a853275dad66f4f6f75afefe,601996c04b89d2183367caeaabe6d4ca54dca466af96d04a702271f964ec3c21
3,16,16,1-3-8-10-15-16-17,1,7,0.451,2,"cnot_0->1,cross_on_target,features_normal,sim_manual",1.0,data/qsvm-traindata-2.csv,data/qsvm-testdata-2.csv,40x2,1000x2,x0|x1,y,486285e43db7df1ddc8e7cc28aa1f96db473c130a853275dad66f4f6f75afefe,601996c04b89d2183367caeaabe6d4ca54dca466af96d04a702271f964ec3c21
3,16-18,16-18,1-3-8-10-15-16-17-18,2,8,0.605,2,"cnot_0->1,cross_on_target,features_normal,sim_manual",1.0,data/qsvm-traindata-2.csv,data/qsvm-testdata-2.csv,40x2,1000x2,x0|x1,y,486285e43db7df1ddc8e7cc28aa1f96db473c130a853275dad66f4f6f75afefe,601996c04b89d2183367caeaabe6d4ca54dca466af96d04a702271f964ec3c21
3,18,18,1-3-8-10-15-17-18,1,7,0.592,2,"cnot_0->1,cross_on_target,features_normal,sim_manual",1.0,data/qsvm-traindata-2.csv,data/qsvm-testdata-2.csv,40x2,1000x2,x0|x1,y,486285e43db7df1ddc8e7cc28aa1f96db473c130a853275dad66f4f6f75afefe,601996c04b89d2183367caeaabe6d4ca54dca466af96d04a702271f964ec3c21
3,19,19,1-3-8-10-15-17-19,1,7,0.5,2,"cnot_0->1,cross_on_target,features_normal,sim_manual",1.0,data/qsvm-traindata-2.csv,data/qsvm-testdata-2.csv,40x2,1000x2,x0|x1,y,486285e43db7df1ddc8e7cc28aa1f96db473c130a853275dad66f4f6f75afefe,601996c04b89d2183367caeaabe6d4ca54dca466af96d04a702271f964ec3c21
3,19-21,19-21,1-3-8-10-15-17-19-21,2,8,0.5,2,"cnot_0->1,cross_on_target,features_normal,sim_manual",1.0,data/qsvm-traindata-2.csv,data/qsvm-testdata-2.csv,40x2,1000x2,x0|x1,y,486285e43db7df1ddc8e7cc28aa1f96db473c130a853275dad66f4f6f75afefe,601996c04b89d2183367caeaabe6d4ca54dca466af96d04a702271f964ec3c21
3,20,20,1-3-8-10-15-17-20,1,7,0.426,2,"cnot_0->1,cross_on_target,features_normal,sim_manual",1.0,data/qsvm-traindata-2.csv,data/qsvm-testdata-2.csv,40x2,1000x2,x0|x1,y,486285e43db7df1ddc8e7cc28aa1f96db473c130a853275dad66f4f6f75afefe,601996c04b89d2183367caeaabe6d4ca54dca466af96d04a702271f964ec3c21
3,21,21,1-3-8-10-15-17-21,1,7,0.5,2,"cnot_0->1,cross_on_target,features_normal,sim_manual",1.0,data/qsvm-traindata-2.csv,data/qsvm-testdata-2.csv,40x2,1000x2,x0|x1,y,486285e43db7df1ddc8e7cc28aa1f96db473c130a853275dad66f4f6f75afefe,601996c04b89d2183367caeaabe6d4ca54dca466af96d04a702271f964ec3c21
