r,coalition_key,active_gate_indices,included_gate_indices_total,n_active_gates,n_total_gates,value_accuracy,data_index,convention,svc_c,train_path,test_path,train_shape,test_shape,feature_columns,label_column,train_sha256,test_sha256
3,2-4-5-6-7-9-11-12-13-14-16-18-19-20-21,2-4-5-6-7-9-11-12-13-14-16-18-19-20-21,1-2-3-4-5-6-7-8-9-10-11-12-13-14-15-16-17-18-19-20-21,15,21,0.788,3,"cnot_0->1,cross_on_target,features_normal,sim_manual",1.0,/Users/iratimush/xqml-thesis/data/qsvm-traindata-3.csv,/Users/iratimush/xqml-thesis/data/qsvm-testdata-3.csv,40x2,1000x2,x0|x1,y,11a4200d0f8576ffc90cfffa6fc0f744b5b64ecfb31d3cdb0fe01cff8acd6526,a7fdb0e3521072fcd2014ee5bcb60723153274a70ace998b56349d7992ba2ca8
3,empty,,1-3-8-10-15-17,0,6,0.5,3,"cnot_0->1,cross_on_target,features_normal,sim_manual",1.0,/Users/iratimush/xqml-thesis/data/qsvm-traindata-3.csv,/Users/iratimush/xqml-thesis/data/qsvm-testdata-3.csv,40x2,1000x2,x0|x1,y,11a4200d0f8576ffc90cfffa6fc0f744b5b64ecfb31d3cdb0fe01cff8acd6526,a7fdb0e3521072fcd2014ee5bcb60723153274a70ace998b56349d7992ba2ca8
3,2,2,1-2-3-8-10-15-17,1,7,0.514,3,"cnot_0->1,cross_on_target,features_normal,sim_manual",1.0,/Users/iratimush/xqml-thesis/data/qsvm-traindata-3.csv,/Users/iratimush/xqml-thesis/data/qsvm-testdata-3.csv,40x2,1000x2,x0|x1,y,11a4200d0f8576ffc90cfffa6fc0f744b5b64ecfb31d3cdb0fe01cff8acd6526,a7fdb0e3521072fcd2014ee5bcb60723153274a70ace998b56349d7992ba2ca8
3,2-4,2-4,1-2-3-4-8-10-15-17,2,8,0.654,3,"cnot_0->1,cross_on_target,features_normal,sim_manual",1.0,/Users/iratimush/xqml-thesis/data/qsvm-traindata-3.csv,/Users/iratimush/xqml-thesis/data/qsvm-testdata-3.csv,40x2,1000x2,x0|x1,y,11a4200d0f8576ffc90cfffa6fc0f744b5b64ecfb31d3cdb0fe01cff8acd6526,a7fdb0e3521072fcd2014ee5bcb60723153274a70ace998b56349d7992ba2ca8
3,2-4-5-6-7-9-11-12-13-14-16-18-19-20,2-4-5-6-7-9-11-12-13-14-16-18-19-20,1-2-3-4-5-6-7-8-9-10-11-12-13-14-15-16-17-18-19-20,14,20,0.788,3,"cnot_0->1,cross_on_target,features_normal,sim_manual",1.0,/Users/iratimush/xqml-thesis/data/qsvm-traindata-3.csv,/Users/iratimush/xqml-thesis/data/qsvm-testdata-3.csv,40x2,1000x2,x0|x1,y,11a4200d0f8576ffc90cfffa6fc0f744b5b64ecfb31d3cdb0fe01cff8acd6526,a7fdb0e3521072fcd2014ee5bcb60723153274a70ace998b56349d7992ba2ca8
3,2-4-5-6-7-9-11-12-13-14-16-18-19-21,2-4-5-6-7-9-11-12-13-14-16-18-19-21,1-2-3-4-5-6-7-8-9-10-11-12-13-14-15-16-17-18-19-21,14,20,0.753,3,"cnot_0->1,cross_on_target,features_normal,sim_manual",1.0,/Users/iratimush/xqml-thesis/data/qsvm-traindata-3.csv,/Users/iratimush/xqml-thesis/data/qsvm-testdata-3.csv,40x2,1000x2,x0|x1,y,11a4200d0f8576ffc90cfffa6fc0f744b5b64ecfb31d3cdb0fe01cff8acd6526,a7fdb0e3521072fcd2014ee5bcb60723153274a70ace998b56349d7992ba2ca8
3,2-4-5-6-7-9-11-12-13-14-16-18-20,2-4-5-6-7-9-11-12-13-14-16-18-20,1-2-3-4-5-6-7-8-9-10-11-12-13-14-15-16-17-18-20,13,19,0.733,3,"cnot_0->1,cross_on_target,features_normal,sim_manual",1.0,/Users/iratimush/xqml-thesis/data/qsvm-traindata-3.csv,/Users/iratimush/xqml-thesis/data/qsvm-testdata-3.csv,40x2,1000x2,x0|x1,y,11a4200d0f8576ffc90cfffa6fc0f744b5b64ecfb31d3cdb0fe01cff8acd6526,a7fdb0e3521072fcd2014ee5bcb60723153274a70ace998b56349d7992ba2ca8
3,2-4-5-6-7-9-11-12-13-14-16-18-20-21,2-4-5-6-7-9-11-12-13-14-16-18-20-21,1-2-3-4-5-6-7-8-9-10-11-12-13-14-15-16-17-18-20-21,14,20,0.733,3,"cnot_0->1,cross_on_target,features_normal,sim_manual",1.0,/Users/iratimush/xqml-thesis/data/qsvm-traindata-3.csv,/Users/iratimush/xqml-thesis/data/qsvm-testdata-3.csv,40x2,1000x2,x0|x1,y,11a4200d0f8576ffc90cfffa6fc0f744b5b64ecfb31d3cdb0fe01cff8acd6526,a7fdb0e3521072fcd2014ee5bcb60723153274a70ace998b56349d7992ba2ca8
3,2-4-5-6-7-9-11-12-13-14-16-19-20-21,2-4-5-6-7-9-11-12-13-14-16-19-20-21,1-2-3-4-5-6-7-8-9-10-11-12-13-14-15-16-17-19-20-21,14,20,0.759,3,"cnot_0->1,cross_on_target,features_normal,sim_manual",1.0,/Users/iratimush/xqml-thesis/data/qsvm-traindata-3.csv,/Users/iratimush/xqml-thesis/data/qsvm-testdata-3.csv,40x2,1000x2,x0|x1,y,11a4200d0f8576ffc90cfffa6fc0f744b5b64ecfb31d3cdb0fe01cff8acd6526,a7fdb0e3521072fcd2014ee5bcb60723153274a70ace998b56349d7992ba2ca8
3,2-4-5-6-7-9-11-12-13-14-18-19-20-21,2-4-5-6-7-9-11-12-13-14-18-19-20-21,1-2-3-4-5-6-7-8-9-10-11-12-13-14-15-17-18-19-20-21,14,20,0.73,3,"cnot_0->1,cross_on_target,features_normal,sim_manual",1.0,/Users/iratimush/xqml-thesis/data/qsvm-traindata-3.csv,/Users/iratimush/xqml-thesis/data/qsvm-testdata-3.csv,40x2,1000x2,x0|x1,y,11a4200d0f8576ffc90cfffa6fc0f744b5b64ecfb31d3cdb0fe01cff8acd6526,a7fdb0e3521072fcd2014ee5bcb60723153274a70ace998b56349d7992ba2ca8
3,2-4-5-6-7-9-11-12-13-14-19-20-21,2-4-5-6-7-9-11-12-13-14-19-20-21,1-2-3-4-5-6-7-8-9-10-11-12-13-14-15-17-19-20-21,13,19,0.744,3,"cnot_0->1,cross_on_target,features_normal,sim_manual",1.0,/Users/iratimush/xqml-thesis/data/qsvm-traindata-3.csv,/Users/iratimush/xqml-thesis/data/qsvm-testdata-3.csv,40x2,1000x2,x0|x1,y,11a4200d0f8576ffc90cfffa6fc0f744b5b64ecfb31d3cdb0fe01cff8acd6526,a7fdb0e3521072fcd2014ee5bcb60723153274a70ace998b56349d7992ba2ca8
3,2-4-5-6-7-9-11-12-13-16-18-19-20,2-4-5-6-7-9-11-12-13-16-18-19-20,1-2-3-4-5-6-7-8-9-10-11-12-13-15-16-17-18-19-20,13,19,0.737,3,"cnot_0->1,cross_on_target,features_normal,sim_manual",1.0,/Users/iratimush/xqml-thesis/data/qsvm-traindata-3.csv,/Users/iratimush/xqml-thesis/data/qsvm-testdata-3.csv,40x2,1000x2,x0|x1,y,11a4200d0f8576ffc90cfffa6fc0f744b5b64ecfb31d3cdb0fe01cff8acd6526,a7fdb0e3521072fcd2014ee5bcb60723153274a70ace998b56349d7992ba2ca8
3,2-4-5-6-7-9-11-12-13-16-18-19-20-21,2-4-5-6-7-9-11-12-13-16-18-19-20-21,1-2-3-4-5-6-7-8-9-10-11-12-13-15-16-17-18-19-20-21,14,20,0.737,3,"cnot_0->1,cross_on_target,features_normal,sim_manual",1.0,/Users/iratimush/xqml-thesis/data/qsvm-traindata-3.csv,/Users/iratimush/xqml-thesis/data/qsvm-testdata-3.csv,40x2,1000x2,x0|x1,y,11a4200d0f8576ffc90cfffa6fc0f744b5b64ecfb31d3cdb0fe01cff8acd6526,a7fdb0e3521072fcd2014ee5bcb60723153274a70ace998b56349d7992ba2ca8
3,2-4-5-6-7-9-11-12-13-16-18-20,2-4-5-6-7-9-11-12-13-16-18-20,1-2-3-4-5-6-7-8-9-10-11-12-13-15-16-17-18-20,12,18,0.703,3,"cnot_0->1,cross_on_target,features_normal,sim_manual",1.0,/Users/iratimush/xqml-thesis/data/qsvm-traindata-3.csv,/Users/iratimush/xqml-thesis/data/qsvm-testdata-3.csv,40x2,1000x2,x0|x1,y,11a4200d0f8576ffc90cfffa6fc0f744b5b64ecfb31d3cdb0fe01cff8acd6526,a7fdb0e3521072fcd2014ee5bcb60723153274a70ace998b56349d7992ba2ca8
3,2-4-5-6-7-9-11-12-13-16-18-20-21,2-4-5-6-7-9-11-12-13-16-18-20-21,1-2-3-4-5-6-7-8-9-10-11-12-13-15-16-17-18-20-21,13,19,0.703,3,"cnot_0->1,cross_on_target,features_normal,sim_manual",1.0,/Users/iratimush/xqml-thesis/data/qsvm-traindata-3.csv,/Users/iratimush/xqml-thesis/data/qsvm-testdata-3.csv,40x2,1000x2,x0|x1,y,11a4200d0f8576ffc90cfffa6fc0f744b5b64ecfb31d3cdb0fe01cff8acd6526,a7fdb0e3521072fcd2014ee5bcb60723153274a70ace998b56349d7992ba2ca8
3,2-4-5-6-7-9-11-12-14-16-18-19-20-21,2-4-5-6-7-9-11-12-14-16-18-19-20-21,1-2-3-4-5-6-7-8-9-10-11-12-14-15-16-17-18-19-20-21,14,20,0.722,3,"cnot_0->1,cross_on_target,features_normal,sim_manual",1.0,/Users/iratimush/xqml-thesis/data/qsvm-traindata-3.csv,/Users/iratimush/xqml-thesis/data/qsvm-testdata-3.csv,40x2,1000x2,x0|x1,y,11a4200d0f8576ffc90cfffa6fc0f744b5b64ecfb31d3cdb0fe01cff8acd6526,a7fdb0e3521072fcd2014ee5bcb60723153274a70ace998b56349d7992ba2ca8
3,2-4-5-6-7-9-11-12-14-16-18-19-21,2-4-5-6-7-9-11-12-14-16-18-19-21,1-2-3-4-5-6-7-8-9-10-11-12-14-15-16-17-18-19-21,13,19,0.74,3,"cnot_0->1,cross_on_target,features_normal,sim_manual",1.0,/Users/iratimush/xqml-thesis/data/qsvm-traindata-3.csv,/Users/iratimush/xqml-thesis/data/qsvm-testdata-3.csv,40x2,1000x2,x0|x1,y,11a4200d0f8576ffc90cfffa6fc0f744b5b64ecfb31d3cdb0fe01cff8acd6526,a7fdb0e3521072fcd2014ee5bcb60723153274a70ace998b56349d7992ba2ca8
3,2-4-5-6-7-9-11-13-14-16-18-19-20,2-4-5-6-7-9-11-13-14-16-18-19-20,1-2-3-4-5-6-7-8-9-10-11-13-14-15-16-17-18-19-20,13,19,0.685,3,"cnot_0->1,cross_on_target,features_normal,sim_manual",1.0,/Users/iratimush/xqml-thesis/data/qsvm-traindata-3.csv,/Users/iratimush/xqml-thesis/data/qsvm-testdata-3.csv,40x2,1000x2,x0|x1,y,11a4200d0f8576ffc90cfffa6fc0f744b5b64ecfb31d3cdb0fe01cff8acd6526,a7fdb0e3521072fcd2014ee5bcb60723153274a70ace998b56349d7992ba2ca8
3,2-4-5-6-7-9-11-13-14-16-18-19-20-21,2-4-5-6-7-9-11-13-14-16-18-19-20-21,1-2-3-4-5-6-7-8-9-10-11-13-14-15-16-17-18-19-20-21,14,20,0.685,3,"cnot_0->1,cross_on_target,features_normal,sim_manual",1.0,/Users/iratimush/xqml-thesis/data/qsvm-traindata-3.csv,/Users/iratimush/xqml-thesis/data/qsvm-testdata-3.csv,40x2,1000x2,x0|x1,y,11a4200d0f8576ffc90cfffa6fc0f744b5b64ecfb31d3cdb0fe01cff8acd6526,a7fdb0e3521072fcd2014ee5bcb60723153274a70ace998b56349d7992ba2ca8
3,2-4-5-6-7-9-11-13-14-16-18-20,2-4-5-6-7-9-11-13-14-16-18-20,1-2-3-4-5-6-7-8-9-10-11-13-14-15-16-17-18-20,12,18,0.597,3,"cnot_0->1,cross_on_target,features_normal,sim_manual",1.0,/Users/iratimush/xqml-thesis/data/qsvm-traindata-3.csv,/Users/iratimush/xqml-thesis/data/qsvm-testdata-3.csv,40x2,1000x2,x0|x1,y,11a4200d0f8576ffc90cfffa6fc0f744b5b64ecfb31d3cdb0fe01cff8acd6526,a7fdb0e3521072fcd2014ee5bcb60723153274a70ace998b56349d7992ba2ca8
3,2-4-5-6-7-9-11-13-14-16-18-20-21,2-4-5-6-7-9-11-13-14-16-18-20-21,1-2-3-4-5-6-7-8-9-10-11-13-14-15-16-17-18-20-21,13,19,0.597,3,"cnot_0->1,cross_on_target,features_normal,sim_manual",1.0,/Users/iratimush/xqml-thesis/data/qsvm-traindata-3.csv,/Users/iratimush/xqml-thesis/data/qsvm-testdata-3.csv,40x2,1000x2,x0|x1,y,11a4200d0f8576ffc90cfffa6fc0f744b5b64ecfb31d3cdb0fe01cff8acd6526,a7fdb0e3521072fcd2014ee5bcb60723153274a70ace998b56349d7992ba2ca8
3,2-4-5-6-7-9-11-13-16-18-19-20,2-4-5-6-7-9-11-13-16-18-19-20,1-2-3-4-5-6-7-8-9-10-11-13-15-16-17-18-19-20,12,18,0.6,3,"cnot_0->1,cross_on_target,features_normal,sim_manual",1.0,/Users/iratimush/xqml-thesis/data/qsvm-traindata-3.csv,/Users/iratimush/xqml-thesis/data/qsvm-testdata-3.csv,40x2,1000x2,x0|x1,y,11a4200d0f8576ffc90cfffa6fc0f744b5b64ecfb31d3cdb0fe01cff8acd6526,a7fdb0e3521072fcd2014ee5bcb60723153274a70ace998b56349d7992ba2ca8
3,2-4-5-6-7-9-11-13-16-18-19-20-21,2-4-5-6-7-9-11-13-16-18-19-20-21,1-2-3-4-5-6-7-8-9-10-11-13-15-16-17-18-19-20-21,13,19,0.6,3,"cnot_0->1,cross_on_target,features_normal,sim_manual",1.0,/Users/iratimush/xqml-thesis/data/qsvm-traindata-3.csv,/Users/iratimush/xqml-thesis/data/qsvm-testdata-3.csv,40x2,1000x2,x0|x1,y,11a4200d0f8576ffc90cfffa6fc0f744b5b64ecfb31d3cdb0fe01cff8acd6526,a7fdb0e3521072fcd2014ee5bcb60723153274a70ace998b56349d7992ba2ca8
3,2-4-5-6-7-9-11-13-16-18-20,2-4-5-6-7-9-11-13-16-18-20,1-2-3-4-5-6-7-8-9-10-11-13-15-16-17-18-20,11,17,0.605,3,"cnot_0->1,cross_on_target,features_normal,sim_manual",1.0,/Users/iratimush/xqml-thesis/data/qsvm-traindata-3.csv,/Users/iratimush/xqml-thesis/data/qsvm-testdata-3.csv,40x2,1000x2,x0|x1,y,11a4200d0f8576ffc90cfffa6fc0f744b5b64ecfb31d3cdb0fe01cff8acd6526,a7fdb0e3521072fcd2014ee5bcb60723153274a70ace998b56349d7992ba2ca8
3,2-4-5-6-7-9-11-13-16-18-20-21,2-4-5-6-7-9-11-13-16-18-20-21,1-2-3-4-5-6-7-8-9-10-11-13-15-16-17-18-20-21,12,18,0.605,3,"cnot_0->1,cross_on_target,features_normal,sim_manual",1.0,/Users/iratimush/xqml-thesis/data/qsvm-traindata-3.csv,/Users/iratimush/xqml-thesis/data/qsvm-testdata-3.csv,40x2,1000x2,x0|x1,y,11a4200d0f8576ffc90cfffa6fc0f744b5b64ecfb31d3cdb0fe01cff8acd6526,a7fdb0e3521072fcd2014ee5bcb60723153274a70ace998b56349d7992ba2ca8
3,2-4-5-6-7-9-12-13-14-16-18-19-20-21,2-4-5-6-7-9-12-13-14-16-18-19-20-21,1-2-3-4-5-6-7-8-9-10-12-13-14-15-16-17-18-19-20-21,14,20,0.636,3,"cnot_0->1,cross_on_target,features_normal,sim_manual",1.0,/Users/iratimush/xqml-thesis/data/qsvm-traindata-3.csv,/Users/iratimush/xqml-thesis/data/qsvm-testdata-3.csv,40x2,1000x2,x0|x1,y,11a4200d0f8576ffc90cfffa6fc0f744b5b64ecfb31d3cdb0fe01cff8acd6526,a7fdb0e3521072fcd2014ee5bcb60723153274a70ace998b56349d7992ba2ca8
3,2-4-5-6-7-9-12-13-14-16-19-20-21,2-4-5-6-7-9-12-13-14-16-19-20-21,1-2-3-4-5-6-7-8-9-10-12-13-14-15-16-17-19-20-21,13,19,0.716,3,"cnot_0->1,cross_on_target,features_normal,sim_manual",1.0,/Users/iratimush/xqml-thesis/data/qsvm-traindata-3.csv,/Users/iratimush/xqml-thesis/data/qsvm-testdata-3.csv,40x2,1000x2,x0|x1,y,11a4200d0f8576ffc90cfffa6fc0f744b5b64ecfb31d3cdb0fe01cff8acd6526,a7fdb0e3521072fcd2014ee5bcb60723153274a70ace998b56349d7992ba2ca8
3,2-4-5-6-7-9-12-13-14-18-19-20-21,2-4-5-6-7-9-12-13-14-18-19-20-21,1-2-3-4-5-6-7-8-9-10-12-13-14-15-17-18-19-20-21,13,19,0.581,3,"cnot_0->1,cross_on_target,features_normal,sim_manual",1.0,/Users/iratimush/xqml-thesis/data/qsvm-traindata-3.csv,/Users/iratimush/xqml-thesis/data/qsvm-testdata-3.csv,40x2,1000x2,x0|x1,y,11a4200d0f8576ffc90cfffa6fc0f744b5b64ecfb31d3cdb0fe01cff8acd6526,a7fdb0e3521072fcd2014ee5bcb60723153274a70ace998b56349d7992ba2ca8
3,2-4-5-6-7-9-12-13-14-19-20-21,2-4-5-6-7-9-12-13-14-19-20-21,1-2-3-4-5-6-7-8-9-10-12-13-14-15-17-19-20-21,12,18,0.65,3,"cnot_0->1,cross_on_target,features_normal,sim_manual",1.0,/Users/iratimush/xqml-thesis/data/qsvm-traindata-3.csv,/Users/iratimush/xqml-thesis/data/qsvm-testdata-3.csv,40x2,1000x2,x0|x1,y,11a4200d0f8576ffc90cfffa6fc0f744b5b64ecfb31d3cdb0fe01cff8acd6526,a7fdb0e3521072fcd2014ee5bcb60723153274a70ace998b56349d7992ba2ca8
3,2-4-5-6-7-11-12-13-14-16-18-19-20-21,2-4-5-6-7-11-12-13-14-16-18-19-20-21,1-2-3-4-5-6-7-8-10-11-12-13-14-15-16-17-18-19-20-21,14,20,0.762,3,"cnot_0->1,cross_on_target,features_normal,sim_manual",1.0,/Users/iratimush/xqml-thesis/data/qsvm-traindata-3.csv,/Users/iratimush/xqml-thesis/data/qsvm-testdata-3.csv,40x2,1000x2,x0|x1,y,11a4200d0f8576ffc90cfffa6fc0f744b5b64ecfb31d3cdb0fe01cff8acd6526,a7fdb0e3521072fcd2014ee5bcb60723153274a70ace998b56349d7992ba2ca8
3,2-4-5-6-7-11-12-13-14-16-19-20-21,2-4-5-6-7-11-12-13-14-16-19-20-21,1-2-3-4-5-6-7-8-10-11-12-13-14-15-16-17-19-20-21,13,19,0.704,3,"cnot_0->1,cross_on_target,features_normal,sim_manual",1.0,/Users/iratimush/xqml-thesis/data/qsvm-traindata-3.csv,/Users/iratimush/xqml-thesis/data/qsvm-testdata-3.csv,40x2,1000x2,x0|x1,y,11a4200d0f8576ffc90cfffa6fc0f744b5b64ecfb31d3cdb0fe01cff8acd6526,a7fdb0e3521072fcd2014ee5bcb60723153274a70ace998b56349d7992ba2ca8
3,2-4-5-6-7-11-12-13-14-18-19-20-21,2-4-5-6-7-11-12-13-14-18-19-20-21,1-2-3-4-5-6-7-8-10-11-12-13-14-15-17-18-19-20-21,13,19,0.715,3,"cnot_0->1,cross_on_target,features_normal,sim_manual",1.0,/Users/iratimush/xqml-thesis/data/qsvm-traindata-3.csv,/Users/iratimush/xqml-thesis/data/qsvm-testdata-3.csv,40x2,1000x2,x0|x1,y,11a4200d0f8576ffc90cfffa6fc0f744b5b64ecfb31d3cdb0fe01cff8acd6526,a7fdb0e3521072fcd2014ee5bcb60723153274a70ace998b56349d7992ba2ca8
3,2-4-5-6-7-11-12-13-14-19-20-21,2-4-5-6-7-11-12-13-14-19-20-21,1-2-3-4-5-6-7-8-10-11-12-13-14-15-17-19-20-21,12,18,0.668,3,"cnot_0->1,cross_on_target,features_normal,sim_manual",1.0,/Users/iratimush/xqml-thesis/data/qsvm-traindata-3.csv,/Users/iratimush/xqml-thesis/data/qsvm-testdata-3.csv,40x2,1000x2,x0|x1,y,11a4200d0f8576ffc90cfffa6fc0f744b5b64ecfb31d3cdb0fe01cff8acd6526,a7fdb0e3521072fcd2014ee5bcb60723153274a70ace998b56349d7992ba2ca8
3,2-4-5-6-7-12-13-14-16-18-19-20-21,2-4-5-6-7-12-13-14-16-18-19-20-21,1-2-3-4-5-6-7-8-10-12-13-14-15-16-17-18-19-20-21,13,19,0.596,3,"cnot_0->1,cross_on_target,features_normal,sim_manual",1.0,/Users/iratimush/xqml-thesis/data/qsvm-traindata-3.csv,/Users/iratimush/xqml-thesis/data/qsvm-testdata-3.csv,40x2,1000x2,x0|x1,y,11a4200d0f8576ffc90cfffa6fc0f744b5b64ecfb31d3cdb0fe01cff8acd6526,a7fdb0e3521072fcd2014ee5bcb60723153274a70ace998b56349d7992ba2ca8
3,2-4-5-6-7-12-13-14-16-19-20-21,2-4-5-6-7-12-13-14-16-19-20-21,1-2-3-4-5-6-7-8-10-12-13-14-15-16-17-19-20-21,12,18,0.531,3,"cnot_0->1,cross_on_target,features_normal,sim_manual",1.0,/Users/iratimush/xqml-thesis/data/qsvm-traindata-3.csv,/Users/iratimush/xqml-thesis/data/qsvm-testdata-3.csv,40x2,1000x2,x0|x1,y,11a4200d0f8576ffc90cfffa6fc0f744b5b64ecfb31d3cdb0fe01cff8acd6526,a7fdb0e3521072fcd2014ee5bcb60723153274a70ace998b56349d7992ba2ca8
3,2-4-5-6-7-12-13-14-18-19-20-21,2-4-5-6-7-12-13-14-18-19-20-21,1-2-3-4-5-6-7-8-10-12-13-14-15-17-18-19-20-21,12,18,0.55,3,"cnot_0->1,cross_on_target,features_normal,sim_manual",1.0,/Users/iratimush/xqml-thesis/data/qsvm-traindata-3.csv,/Users/iratimush/xqml-thesis/data/qsvm-testdata-3.csv,40x2,1000x2,x0|x1,y,11a4200d0f8576ffc90cfffa6fc0f744b5b64ecfb31d3cdb0fe01cff8acd6526,a7fdb0e3521072fcd2014ee5bcb60723153274a70ace998b56349d7992ba2ca8
3,2-4-5-6-7-12-13-14-19-20-21,2-4-5-6-7-12-13-14-19-20-21,1-2-3-4-5-6-7-8-10-12-13-14-15-17-19-20-21,11,17,0.595,3,"cnot_0->1,cross_on_target,features_normal,sim_manual",1.0,/Users/iratimush/xqml-thesis/data/qsvm-traindata-3.csv,/Users/iratimush/xqml-thesis/data/qsvm-testdata-3.csv,40x2,1000x2,x0|x1,y,11a4200d0f8576ffc90cfffa6fc0f744b5b64ecfb31d3cdb0fe01cff8acd6526,a7fdb0e3521072fcd2014ee5bcb60723153274a70ace998b56349d7992ba2ca8
3,2-4-5-6-9-11-12-13-14-16-18-19-20,2-4-5-6-9-11-12-13-14-16-18-19-20,1-2-3-4-5-6-8-9-10-11-12-13-14-15-16-17-18-19-20,13,19,0.75,3,"cnot_0->1,cross_on_target,features_normal,sim_manual",1.0,/Users/iratimush/xqml-thesis/data/qsvm-traindata-3.csv,/Users/iratimush/xqml-thesis/data/qsvm-testdata-3.csv,40x2,1000x2,x0|x1,y,11a4200d0f8576ffc90cfffa6fc0f744b5b64ecfb31d3cdb0fe01cff8acd6526,a7fdb0e3521072fcd2014ee5bcb60723153274a70ace998b56349d7992ba2ca8
3,2-4-5-6-9-11-12-13-14-16-18-19-20-21,2-4-5-6-9-11-12-13-14-16-18-19-20-21,1-2-3-4-5-6-8-9-10-11-12-13-14-15-16-17-18-19-20-21,14,20,0.75,3,"cnot_0->1,cross_on_target,features_normal,sim_manual",1.0,/Users/iratimush/xqml-thesis/data/qsvm-traindata-3.csv,/Users/iratimush/xqml-thesis/data/qsvm-testdata-3.csv,40x2,1000x2,x0|x1,y,11a4200d0f8576ffc90cfffa6fc0f744b5b64ecfb31d3cdb0fe01cff8acd6526,a7fdb0e3521072fcd2014ee5bcb60723153274a70ace998b56349d7992ba2ca8
3,2-4-5-6-9-11-12-13-14-16-18-20,2-4-5-6-9-11-12-13-14-16-18-20,1-2-3-4-5-6-8-9-10-11-12-13-14-15-16-17-18-20,12,18,0.679,3,"cnot_0->1,cross_on_target,features_normal,sim_manual",1.0,/Users/iratimush/xqml-thesis/data/qsvm-traindata-3.csv,/Users/iratimush/xqml-thesis/data/qsvm-testdata-3.csv,40x2,1000x2,x0|x1,y,11a4200d0f8576ffc90cfffa6fc0f744b5b64ecfb31d3cdb0fe01cff8acd6526,a7fdb0e3521072fcd2014ee5bcb60723153274a70ace998b56349d7992ba2ca8
3,2-4-5-6-9-11-12-13-14-16-18-20-21,2-4-5-6-9-11-12-13-14-16-18-20-21,1-2-3-4-5-6-8-9-10-11-12-13-14-15-16-17-18-20-21,13,19,0.679,3,"cnot_0->1,cross_on_target,features_normal,sim_manual",1.0,/Users/iratimush/xqml-thesis/data/qsvm-traindata-3.csv,/Users/iratimush/xqml-thesis/data/qsvm-testdata-3.csv,40x2,1000x2,x0|x1,y,11a4200d0f8576ffc90cfffa6fc0f744b5b64ecfb31d3cdb0fe01cff8acd6526,a7fdb0e3521072fcd2014ee5bcb60723153274a70ace998b56349d7992ba2ca8
3,2-4-5-6-9-11-12-13-16-18-19-20,2-4-5-6-9-11-12-13-16-18-19-20,1-2-3-4-5-6-8-9-10-11-12-13-15-16-17-18-19-20,12,18,0.688,3,"cnot_0->1,cross_on_target,features_normal,sim_manual",1.0,/Users/iratimush/xqml-thesis/data/qsvm-traindata-3.csv,/Users/iratimush/xqml-thesis/data/qsvm-testdata-3.csv,40x2,1000x2,x0|x1,y,11a4200d0f8576ffc90cfffa6fc0f744b5b64ecfb31d3cdb0fe01cff8acd6526,a7fdb0e3521072fcd2014ee5bcb60723153274a70ace998b56349d7992ba2ca8
3,2-4-5-6-9-11-12-13-16-18-19-20-21,2-4-5-6-9-11-12-13-16-18-19-20-21,1-2-3-4-5-6-8-9-10-11-12-13-15-16-17-18-19-20-21,13,19,0.688,3,"cnot_0->1,cross_on_target,features_normal,sim_manual",1.0,/Users/iratimush/xqml-thesis/data/qsvm-traindata-3.csv,/Users/iratimush/xqml-thesis/data/qsvm-testdata-3.csv,40x2,1000x2,x0|x1,y,11a4200d0f8576ffc90cfffa6fc0f744b5b64ecfb31d3cdb0fe01cff8acd6526,a7fdb0e3521072fcd2014ee5bcb60723153274a70ace998b56349d7992ba2ca8
3,2-4-5-6-9-11-12-13-16-18-20,2-4-5-6-9-11-12-13-16-18-20,1-2-3-4-5-6-8-9-10-11-12-13-15-16-17-18-20,11,17,0.648,3,"cnot_0->1,cross_on_target,features_normal,sim_manual",1.0,/Users/iratimush/xqml-thesis/data/qsvm-traindata-3.csv,/Users/iratimush/xqml-thesis/data/qsvm-testdata-3.csv,40x2,1000x2,x0|x1,y,11a4200d0f8576ffc90cfffa6fc0f744b5b64ecfb31d3cdb0fe01cff8acd6526,a7fdb0e3521072fcd2014ee5bcb60723153274a70ace998b56349d7992ba2ca8
3,2-4-5-6-9-11-12-13-16-18-20-21,2-4-5-6-9-11-12-13-16-18-20-21,1-2-3-4-5-6-8-9-10-11-12-13-15-16-17-18-20-21,12,18,0.648,3,"cnot_0->1,cross_on_target,features_normal,sim_manual",1.0,/Users/iratimush/xqml-thesis/data/qsvm-traindata-3.csv,/Users/iratimush/xqml-thesis/data/qsvm-testdata-3.csv,40x2,1000x2,x0|x1,y,11a4200d0f8576ffc90cfffa6fc0f744b5b64ecfb31d3cdb0fe01cff8acd6526,a7fdb0e3521072fcd2014ee5bcb60723153274a70ace998b56349d7992ba2ca8
3,2-4-5-6-9-11-13-14-16-18-19-20,2-4-5-6-9-11-13-14-16-18-19-20,1-2-3-4-5-6-8-9-10-11-13-14-15-16-17-18-19-20,12,18,0.617,3,"cnot_0->1,cross_on_target,features_normal,sim_manual",1.0,/Users/iratimush/xqml-thesis/data/qsvm-traindata-3.csv,/Users/iratimush/xqml-thesis/data/qsvm-testdata-3.csv,40x2,1000x2,x0|x1,y,11a4200d0f8576ffc90cfffa6fc0f744b5b64ecfb31d3cdb0fe01cff8acd6526,a7fdb0e3521072fcd2014ee5bcb60723153274a70ace998b56349d7992ba2ca8
3,2-4-5-6-9-11-13-14-16-18-19-20-21,2-4-5-6-9-11-13-14-16-18-19-20-21,1-2-3-4-5-6-8-9-10-11-13-14-15-16-17-18-19-20-21,13,19,0.617,3,"cnot_0->1,cross_on_target,features_normal,sim_manual",1.0,/Users/iratimush/xqml-thesis/data/qsvm-traindata-3.csv,/Users/iratimush/xqml-thesis/data/qsvm-testdata-3.csv,40x2,1000x2,x0|x1,y,11a4200d0f8576ffc90cfffa6fc0f744b5b64ecfb31d3cdb0fe01cff8acd6526,a7fdb0e3521072fcd2014ee5bcb60723153274a70ace998b56349d7992ba2ca8
3,2-4-5-6-9-11-13-14-16-18-20,2-4-5-6-9-11-13-14-16-18-20,1-2-3-4-5-6-8-9-10-11-13-14-15-16-17-18-20,11,17,0.559,3,"cnot_0->1,cross_on_target,features_normal,sim_manual",1.0,/Users/iratimush/xqml-thesis/data/qsvm-traindata-3.csv,/Users/iratimush/xqml-thesis/data/qsvm-testdata-3.csv,40x2,1000x2,x0|x1,y,11a4200d0f8576ffc90cfffa6fc0f744b5b64ecfb31d3cdb0fe01cff8acd6526,a7fdb0e3521072fcd2014ee5bcb60723153274a70ace998b56349d7992ba2ca8
3,2-4-5-6-9-11-13-14-16-18-20-21,2-4-5-6-9-11-13-14-16-18-20-21,1-2-3-4-5-6-8-9-10-11-13-14-15-16-17-18-20-21,12,18,0.559,3,"cnot_0->1,cross_on_target,features_normal,sim_manual",1.0,/Users/iratimush/xqml-thesis/data/qsvm-traindata-3.csv,/Users/iratimush/xqml-thesis/data/qsvm-testdata-3.csv,40x2,1000x2,x0|x1,y,11a4200d0f8576ffc90cfffa6fc0f744b5b64ecfb31d3cdb0fe01cff8acd6526,a7fdb0e3521072fcd2014ee5bcb60723153274a70ace998b56349d7992ba2ca8
3,2-4-5-6-9-11-13-16-18-19-20,2-4-5-6-9-11-13-16-18-19-20,1-2-3-4-5-6-8-9-10-11-13-15-16-17-18-19-20,11,17,0.512,3,"cnot_0->1,cross_on_target,features_normal,sim_manual",1.0,/Users/iratimush/xqml-thesis/data/qsvm-traindata-3.csv,/Users/iratimush/xqml-thesis/data/qsvm-testdata-3.csv,40x2,1000x2,x0|x1,y,11a4200d0f8576ffc90cfffa6fc0f744b5b64ecfb31d3cdb0fe01cff8acd6526,a7fdb0e3521072fcd2014ee5bcb60723153274a70ace998b56349d7992ba2ca8
3,2-4-5-6-9-11-13-16-18-19-20-21,2-4-5-6-9-11-13-16-18-19-20-21,1-2-3-4-5-6-8-9-10-11-13-15-16-17-18-19-20-21,12,18,0.512,3,"cnot_0->1,cross_on_target,features_normal,sim_manual",1.0,/Users/iratimush/xqml-thesis/data/qsvm-traindata-3.csv,/Users/iratimush/xqml-thesis/data/qsvm-testdata-3.csv,40x2,1000x2,x0|x1,y,11a4200d0f8576ffc90cfffa6fc0f744b5b64ecfb31d3cdb0fe01cff8acd6526,a7fdb0e3521072fcd2014ee5bcb60723153274a70ace998b56349d7992ba2ca8
3,2-4-5-6-9-11-13-16-18-20,2-4-5-6-9-11-13-16-18-20,1-2-3-4-5-6-8-9-10-11-13-15-16-17-18-20,10,16,0.556,3,"cnot_0->1,cross_on_target,features_normal,sim_manual",1.0,/Users/iratimush/xqml-thesis/data/qsvm-traindata-3.csv,/Users/iratimush/xqml-thesis/data/qsvm-testdata-3.csv,40x2,1000x2,x0|x1,y,11a4200d0f8576ffc90cfffa6fc0f744b5b64ecfb31d3cdb0fe01cff8acd6526,a7fdb0e3521072fcd2014ee5bcb60723153274a70ace998b56349d7992ba2ca8
3,2-4-5-6-9-11-13-16-18-20-21,2-4-5-6-9-11-13-16-18-20-21,1-2-3-4-5-6-8-9-10-11-13-15-16-17-18-20-21,11,17,0.556,3,"cnot_0->1,cross_on_target,features_normal,sim_manual",1.0,/Users/iratimush/xqml-thesis/data/qsvm-traindata-3.csv,/Users/iratimush/xqml-thesis/data/qsvm-testdata-3.csv,40x2,1000x2,x0|x1,y,11a4200d0f8576ffc90cfffa6fc0f744b5b64ecfb31d3cdb0fe01cff8acd6526,a7fdb0e3521072fcd2014ee5bcb60723153274a70ace998b56349d7992ba2ca8
3,2-4-5-7-9-11-12-13-14-16-18-19-20-21,2-4-5-7-9-11-12-13-14-16-18-19-20-21,1-2-3-4-5-7-8-9-10-11-12-13-14-15-16-17-18-19-20-21,14,20,0.659,3,"cnot_0->1,cross_on_target,features_normal,sim_manual",1.0,/Users/iratimush/xqml-thesis/data/qsvm-traindata-3.csv,/Users/iratimush/xqml-thesis/data/qsvm-testdata-3.csv,40x2,1000x2,x0|x1,y,11a4200d0f8576ffc90cfffa6fc0f744b5b64ecfb31d3cdb0fe01cff8acd6526,a7fdb0e3521072fcd2014ee5bcb60723153274a70ace998b56349d7992ba2ca8
3,2-4-5-7-9-11-12-13-14-16-18-19-21,2-4-5-7-9-11-12-13-14-16-18-19-21,1-2-3-4-5-7-8-9-10-11-12-13-14-15-16-17-18-19-21,13,19,0.713,3,"cnot_0->1,cross_on_target,features_normal,sim_manual",1.0,/Users/iratimush/xqml-thesis/data/qsvm-traindata-3.csv,/Users/iratimush/xqml-thesis/data/qsvm-testdata-3.csv,40x2,1000x2,x0|x1,y,11a4200d0f8576ffc90cfffa6fc0f744b5b64ecfb31d3cdb0fe01cff8acd6526,a7fdb0e3521072fcd2014ee5bcb60723153274a70ace998b56349d7992ba2ca8
3,2-4-5-7-9-11-12-14-16-18,2-4-5-7-9-11-12-14-16-18,1-2-3-4-5-7-8-9-10-11-12-14-15-16-17-18,10,16,0.65,3,"cnot_0->1,cross_on_target,features_normal,sim_manual",1.0,/Users/iratimush/xqml-thesis/data/qsvm-traindata-3.csv,/Users/iratimush/xqml-thesis/data/qsvm-testdata-3.csv,40x2,1000x2,x0|x1,y,11a4200d0f8576ffc90cfffa6fc0f744b5b64ecfb31d3cdb0fe01cff8acd6526,a7fdb0e3521072fcd2014ee5bcb60723153274a70ace998b56349d7992ba2ca8
3,2-4-5-7-9-11-12-14-16-18-19,2-4-5-7-9-11-12-14-16-18-19,1-2-3-4-5-7-8-9-10-11-12-14-15-16-17-18-19,11,17,0.65,3,"cnot_0->1,cross_on_target,features_normal,sim_manual",1.0,/Users/iratimush/xqml-thesis/data/qsvm-traindata-3.csv,/Users/iratimush/xqml-thesis/data/qsvm-testdata-3.csv,40x2,1000x2,x0|x1,y,11a4200d0f8576ffc90cfffa6fc0f744b5b64ecfb31d3cdb0fe01cff8acd6526,a7fdb0e3521072fcd2014ee5bcb60723153274a70ace998b56349d7992ba2ca8
3,2-4-5-7-9-11-12-14-16-18-19-20-21,2-4-5-7-9-11-12-14-16-18-19-20-21,1-2-3-4-5-7-8-9-10-11-12-14-15-16-17-18-19-20-21,13,19,0.584,3,"cnot_0->1,cross_on_target,features_normal,sim_manual",1.0,/Users/iratimush/xqml-thesis/data/qsvm-traindata-3.csv,/Users/iratimush/xqml-thesis/data/qsvm-testdata-3.csv,40x2,1000x2,x0|x1,y,11a4200d0f8576ffc90cfffa6fc0f744b5b64ecfb31d3cdb0fe01cff8acd6526,a7fdb0e3521072fcd2014ee5bcb60723153274a70ace998b56349d7992ba2ca8
3,2-4-5-7-9-11-12-14-16-18-19-21,2-4-5-7-9-11-12-14-16-18-19-21,1-2-3-4-5-7-8-9-10-11-12-14-15-16-17-18-19-21,12,18,0.65,3,"cnot_0->1,cross_on_target,features_normal,sim_manual",1.0,/Users/iratimush/xqml-thesis/data/qsvm-traindata-3.csv,/Users/iratimush/xqml-thesis/data/qsvm-testdata-3.csv,40x2,1000x2,x0|x1,y,11a4200d0f8576ffc90cfffa6fc0f744b5b64ecfb31d3cdb0fe01cff8acd6526,a7fdb0e3521072fcd2014ee5bcb60723153274a70ace998b56349d7992ba2ca8
3,2-4-5-7-9-11-12-14-16-18-21,2-4-5-7-9-11-12-14-16-18-21,1-2-3-4-5-7-8-9-10-11-12-14-15-16-17-18-21,11,17,0.65,3,"cnot_0->1,cross_on_target,features_normal,sim_manual",1.0,/Users/iratimush/xqml-thesis/data/qsvm-traindata-3.csv,/Users/iratimush/xqml-thesis/data/qsvm-testdata-3.csv,40x2,1000x2,x0|x1,y,11a4200d0f8576ffc90cfffa6fc0f744b5b64ecfb31d3cdb0fe01cff8acd6526,a7fdb0e3521072fcd2014ee5bcb60723153274a70ace998b56349d7992ba2ca8
3,2-4-5-7-9-11-12-14-16-19-21,2-4-5-7-9-11-12-14-16-19-21,1-2-3-4-5-7-8-9-10-11-12-14-15-16-17-19-21,11,17,0.694,3,"cnot_0->1,cross_on_target,features_normal,sim_manual",1.0,/Users/iratimush/xqml-thesis/data/qsvm-traindata-3.csv,/Users/iratimush/xqml-thesis/data/qsvm-testdata-3.csv,40x2,1000x2,x0|x1,y,11a4200d0f8576ffc90cfffa6fc0f744b5b64ecfb31d3cdb0fe01cff8acd6526,a7fdb0e3521072fcd2014ee5bcb60723153274a70ace998b56349d7992ba2ca8
3,2-4-5-7-9-11-12-14-18-19-21,2-4-5-7-9-11-12-14-18-19-21,1-2-3-4-5-7-8-9-10-11-12-14-15-17-18-19-21,11,17,0.678,3,"cnot_0->1,cross_on_target,features_normal,sim_manual",1.0,/Users/iratimush/xqml-thesis/data/qsvm-traindata-3.csv,/Users/iratimush/xqml-thesis/data/qsvm-testdata-3.csv,40x2,1000x2,x0|x1,y,11a4200d0f8576ffc90cfffa6fc0f744b5b64ecfb31d3cdb0fe01cff8acd6526,a7fdb0e3521072fcd2014ee5bcb60723153274a70ace998b56349d7992ba2ca8
3,2-4-5-7-9-11-12-14-19-21,2-4-5-7-9-11-12-14-19-21,1-2-3-4-5-7-8-9-10-11-12-14-15-17-19-21,10,16,0.67,3,"cnot_0->1,cross_on_target,features_normal,sim_manual",1.0,/Users/iratimush/xqml-thesis/data/qsvm-traindata-3.csv,/Users/iratimush/xqml-thesis/data/qsvm-testdata-3.csv,40x2,1000x2,x0|x1,y,11a4200d0f8576ffc90cfffa6fc0f744b5b64ecfb31d3cdb0fe01cff8acd6526,a7fdb0e3521072fcd2014ee5bcb60723153274a70ace998b56349d7992ba2ca8
3,2-4-5-7-9-11-12-16-18,2-4-5-7-9-11-12-16-18,1-2-3-4-5-7-8-9-10-11-12-15-16-17-18,9,15,0.688,3,"cnot_0->1,cross_on_target,features_normal,sim_manual",1.0,/Users/iratimush/xqml-thesis/data/qsvm-traindata-3.csv,/Users/iratimush/xqml-thesis/data/qsvm-testdata-3.csv,40x2,1000x2,x0|x1,y,11a4200d0f8576ffc90cfffa6fc0f744b5b64ecfb31d3cdb0fe01cff8acd6526,a7fdb0e3521072fcd2014ee5bcb60723153274a70ace998b56349d7992ba2ca8
3,2-4-5-7-9-11-12-16-18-19,2-4-5-7-9-11-12-16-18-19,1-2-3-4-5-7-8-9-10-11-12-15-16-17-18-19,10,16,0.688,3,"cnot_0->1,cross_on_target,features_normal,sim_manual",1.0,/Users/iratimush/xqml-thesis/data/qsvm-traindata-3.csv,/Users/iratimush/xqml-thesis/data/qsvm-testdata-3.csv,40x2,1000x2,x0|x1,y,11a4200d0f8576ffc90cfffa6fc0f744b5b64ecfb31d3cdb0fe01cff8acd6526,a7fdb0e3521072fcd2014ee5bcb60723153274a70ace998b56349d7992ba2ca8
3,2-4-5-7-9-11-12-16-18-19-21,2-4-5-7-9-11-12-16-18-19-21,1-2-3-4-5-7-8-9-10-11-12-15-16-17-18-19-21,11,17,0.688,3,"cnot_0->1,cross_on_target,features_normal,sim_manual",1.0,/Users/iratimush/xqml-thesis/data/qsvm-traindata-3.csv,/Users/iratimush/xqml-thesis/data/qsvm-testdata-3.csv,40x2,1000x2,x0|x1,y,11a4200d0f8576ffc90cfffa6fc0f744b5b64ecfb31d3cdb0fe01cff8acd6526,a7fdb0e3521072fcd2014ee5bcb60723153274a70ace998b56349d7992ba2ca8
3,2-4-5-7-9-11-12-16-18-21,2-4-5-7-9-11-12-16-18-21,1-2-3-4-5-7-8-9-10-11-12-15-16-17-18-21,10,16,0.688,3,"cnot_0->1,cross_on_target,features_normal,sim_manual",1.0,/Users/iratimush/xqml-thesis/data/qsvm-traindata-3.csv,/Users/iratimush/xqml-thesis/data/qsvm-testdata-3.csv,40x2,1000x2,x0|x1,y,11a4200d0f8576ffc90cfffa6fc0f744b5b64ecfb31d3cdb0fe01cff8acd6526,a7fdb0e3521072fcd2014ee5bcb60723153274a70ace998b56349d7992ba2ca8
3,2-4-5-7-9-11-14-16-18,2-4-5-7-9-11-14-16-18,1-2-3-4-5-7-8-9-10-11-14-15-16-17-18,9,15,0.688,3,"cnot_0->1,cross_on_target,features_normal,sim_manual",1.0,/Users/iratimush/xqml-thesis/data/qsvm-traindata-3.csv,/Users/iratimush/xqml-thesis/data/qsvm-testdata-3.csv,40x2,1000x2,x0|x1,y,11a4200d0f8576ffc90cfffa6fc0f744b5b64ecfb31d3cdb0fe01cff8acd6526,a7fdb0e3521072fcd2014ee5bcb60723153274a70ace998b56349d7992ba2ca8
3,2-4-5-7-9-11-14-16-18-19,2-4-5-7-9-11-14-16-18-19,1-2-3-4-5-7-8-9-10-11-14-15-16-17-18-19,10,16,0.688,3,"cnot_0->1,cross_on_target,features_normal,sim_manual",1.0,/Users/iratimush/xqml-thesis/data/qsvm-traindata-3.csv,/Users/iratimush/xqml-thesis/data/qsvm-testdata-3.csv,40x2,1000x2,x0|x1,y,11a4200d0f8576ffc90cfffa6fc0f744b5b64ecfb31d3cdb0fe01cff8acd6526,a7fdb0e3521072fcd2014ee5bcb60723153274a70ace998b56349d7992ba2ca8
3,2-4-5-7-9-11-14-16-18-19-21,2-4-5-7-9-11-14-16-18-19-21,1-2-3-4-5-7-8-9-10-11-14-15-16-17-18-19-21,11,17,0.688,3,"cnot_0->1,cross_on_target,features_normal,sim_manual",1.0,/Users/iratimush/xqml-thesis/data/qsvm-traindata-3.csv,/Users/iratimush/xqml-thesis/data/qsvm-testdata-3.csv,40x2,1000x2,x0|x1,y,11a4200d0f8576ffc90cfffa6fc0f744b5b64ecfb31d3cdb0fe01cff8acd6526,a7fdb0e3521072fcd2014ee5bcb60723153274a70ace998b56349d7992ba2ca8
3,2-4-5-7-9-11-14-16-18-21,2-4-5-7-9-11-14-16-18-21,1-2-3-4-5-7-8-9-10-11-14-15-16-17-18-21,10,16,0.688,3,"cnot_0->1,cross_on_target,features_normal,sim_manual",1.0,/Users/iratimush/xqml-thesis/data/qsvm-traindata-3.csv,/Users/iratimush/xqml-thesis/data/qsvm-testdata-3.csv,40x2,1000x2,x0|x1,y,11a4200d0f8576ffc90cfffa6fc0f744b5b64ecfb31d3cdb0fe01cff8acd6526,a7fdb0e3521072fcd2014ee5bcb60723153274a70ace998b56349d7992ba2ca8
3,2-4-5-7-9-11-16-18,2-4-5-7-9-11-16-18,1-2-3-4-5-7-8-9-10-11-15-16-17-18,8,14,0.65,3,"cnot_0->1,cross_on_target,features_normal,sim_manual",1.0,/Users/iratimush/xqml-thesis/data/qsvm-traindata-3.csv,/Users/iratimush/xqml-thesis/data/qsvm-testdata-3.csv,40x2,1000x2,x0|x1,y,11a4200d0f8576ffc90cfffa6fc0f744b5b64ecfb31d3cdb0fe01cff8acd6526,a7fdb0e3521072fcd2014ee5bcb60723153274a70ace998b56349d7992ba2ca8
3,2-4-5-7-9-11-16-18-19,2-4-5-7-9-11-16-18-19,1-2-3-4-5-7-8-9-10-11-15-16-17-18-19,9,15,0.65,3,"cnot_0->1,cross_on_target,features_normal,sim_manual",1.0,/Users/iratimush/xqml-thesis/data/qsvm-traindata-3.csv,/Users/iratimush/xqml-thesis/data/qsvm-testdata-3.csv,40x2,1000x2,x0|x1,y,11a4200d0f8576ffc90cfffa6fc0f744b5b64ecfb31d3cdb0fe01cff8acd6526,a7fdb0e3521072fcd2014ee5bcb60723153274a70ace998b56349d7992ba2ca8
3,2-4-5-7-9-11-16-18-19-21,2-4-5-7-9-11-16-18-19-21,1-2-3-4-5-7-8-9-10-11-15-16-17-18-19-21,10,16,0.65,3,"cnot_0->1,cross_on_target,features_normal,sim_manual",1.0,/Users/iratimush/xqml-thesis/data/qsvm-traindata-3.csv,/Users/iratimush/xqml-thesis/data/qsvm-testdata-3.csv,40x2,1000x2,x0|x1,y,11a4200d0f8576ffc90cfffa6fc0f744b5b64ecfb31d3cdb0fe01cff8acd6526,a7fdb0e3521072fcd2014ee5bcb60723153274a70ace998b56349d7992ba2ca8
3,2-4-5-7-9-11-16-18-21,2-4-5-7-9-11-16-18-21,1-2-3-4-5-7-8-9-10-11-15-16-17-18-21,9,15,0.65,3,"cnot_0->1,cross_on_target,features_normal,sim_manual",1.0,/Users/iratimush/xqml-thesis/data/qsvm-traindata-3.csv,/Users/iratimush/xqml-thesis/data/qsvm-testdata-3.csv,40x2,1000x2,x0|x1,y,11a4200d0f8576ffc90cfffa6fc0f744b5b64ecfb31d3cdb0fe01cff8acd6526,a7fdb0e3521072fcd2014ee5bcb60723153274a70ace998b56349d7992ba2ca8
3,2-4-5-7-9-12-14-16-18-19-21,2-4-5-7-9-12-14-16-18-19-21,1-2-3-4-5-7-8-9-10-12-14-15-16-17-18-19-21,11,17,0.594,3,"cnot_0->1,cross_on_target,features_normal,sim_manual",1.0,/Users/iratimush/xqml-thesis/data/qsvm-traindata-3.csv,/Users/iratimush/xqml-thesis/data/qsvm-testdata-3.csv,40x2,1000x2,x0|x1,y,11a4200d0f8576ffc90cfffa6fc0f744b5b64ecfb31d3cdb0fe01cff8acd6526,a7fdb0e3521072fcd2014ee5bcb60723153274a70ace998b56349d7992ba2ca8
3,2-4-5-7-9-12-14-16-19-21,2-4-5-7-9-12-14-16-19-21,1-2-3-4-5-7-8-9-10-12-14-15-16-17-19-21,10,16,0.662,3,"cnot_0->1,cross_on_target,features_normal,sim_manual",1.0,/Users/iratimush/xqml-thesis/data/qsvm-traindata-3.csv,/Users/iratimush/xqml-thesis/data/qsvm-testdata-3.csv,40x2,1000x2,x0|x1,y,11a4200d0f8576ffc90cfffa6fc0f744b5b64ecfb31d3cdb0fe01cff8acd6526,a7fdb0e3521072fcd2014ee5bcb60723153274a70ace998b56349d7992ba2ca8
3,2-4-5-7-9-12-14-18-19-21,2-4-5-7-9-12-14-18-19-21,1-2-3-4-5-7-8-9-10-12-14-15-17-18-19-21,10,16,0.622,3,"cnot_0->1,cross_on_target,features_normal,sim_manual",1.0,/Users/iratimush/xqml-thesis/data/qsvm-traindata-3.csv,/Users/iratimush/xqml-thesis/data/qsvm-testdata-3.csv,40x2,1000x2,x0|x1,y,11a4200d0f8576ffc90cfffa6fc0f744b5b64ecfb31d3cdb0fe01cff8acd6526,a7fdb0e3521072fcd2014ee5bcb60723153274a70ace998b56349d7992ba2ca8
3,2-4-5-7-9-12-14-19-21,2-4-5-7-9-12-14-19-21,1-2-3-4-5-7-8-9-10-12-14-15-17-19-21,9,15,0.706,3,"cnot_0->1,cross_on_target,features_normal,sim_manual",1.0,/Users/iratimush/xqml-thesis/data/qsvm-traindata-3.csv,/Users/iratimush/xqml-thesis/data/qsvm-testdata-3.csv,40x2,1000x2,x0|x1,y,11a4200d0f8576ffc90cfffa6fc0f744b5b64ecfb31d3cdb0fe01cff8acd6526,a7fdb0e3521072fcd2014ee5bcb60723153274a70ace998b56349d7992ba2ca8
3,2-4-5-7-11-12-14-16-18-19-21,2-4-5-7-11-12-14-16-18-19-21,1-2-3-4-5-7-8-10-11-12-14-15-16-17-18-19-21,11,17,0.723,3,"cnot_0->1,cross_on_target,features_normal,sim_manual",1.0,/Users/iratimush/xqml-thesis/data/qsvm-traindata-3.csv,/Users/iratimush/xqml-thesis/data/qsvm-testdata-3.csv,40x2,1000x2,x0|x1,y,11a4200d0f8576ffc90cfffa6fc0f744b5b64ecfb31d3cdb0fe01cff8acd6526,a7fdb0e3521072fcd2014ee5bcb60723153274a70ace998b56349d7992ba2ca8
3,2-4-5-7-11-12-14-16-19-21,2-4-5-7-11-12-14-16-19-21,1-2-3-4-5-7-8-10-11-12-14-15-16-17-19-21,10,16,0.725,3,"cnot_0->1,cross_on_target,features_normal,sim_manual",1.0,/Users/iratimush/xqml-thesis/data/qsvm-traindata-3.csv,/Users/iratimush/xqml-thesis/data/qsvm-testdata-3.csv,40x2,1000x2,x0|x1,y,11a4200d0f8576ffc90cfffa6fc0f744b5b64ecfb31d3cdb0fe01cff8acd6526,a7fdb0e3521072fcd2014ee5bcb60723153274a70ace998b56349d7992ba2ca8
3,2-4-5-7-11-12-14-18-19-21,2-4-5-7-11-12-14-18-19-21,1-2-3-4-5-7-8-10-11-12-14-15-17-18-19-21,10,16,0.554,3,"cnot_0->1,cross_on_target,features_normal,sim_manual",1.0,/Users/iratimush/xqml-thesis/data/qsvm-traindata-3.csv,/Users/iratimush/xqml-thesis/data/qsvm-testdata-3.csv,40x2,1000x2,x0|x1,y,11a4200d0f8576ffc90cfffa6fc0f744b5b64ecfb31d3cdb0fe01cff8acd6526,a7fdb0e3521072fcd2014ee5bcb60723153274a70ace998b56349d7992ba2ca8
3,2-4-5-7-11-12-14-19-21,2-4-5-7-11-12-14-19-21,1-2-3-4-5-7-8-10-11-12-14-15-17-19-21,9,15,0.563,3,"cnot_0->1,cross_on_target,features_normal,sim_manual",1.0,/Users/iratimush/xqml-thesis/data/qsvm-traindata-3.csv,/Users/iratimush/xqml-thesis/data/qsvm-testdata-3.csv,40x2,1000x2,x0|x1,y,11a4200d0f8576ffc90cfffa6fc0f744b5b64ecfb31d3cdb0fe01cff8acd6526,a7fdb0e3521072fcd2014ee5bcb60723153274a70ace998b56349d7992ba2ca8
3,2-4-5-7-12-14-16-18-19-21,2-4-5-7-12-14-16-18-19-21,1-2-3-4-5-7-8-10-12-14-15-16-17-18-19-21,10,16,0.703,3,"cnot_0->1,cross_on_target,features_normal,sim_manual",1.0,/Users/iratimush/xqml-thesis/data/qsvm-traindata-3.csv,/Users/iratimush/xqml-thesis/data/qsvm-testdata-3.csv,40x2,1000x2,x0|x1,y,11a4200d0f8576ffc90cfffa6fc0f744b5b64ecfb31d3cdb0fe01cff8acd6526,a7fdb0e3521072fcd2014ee5bcb60723153274a70ace998b56349d7992ba2ca8
3,2-4-5-7-12-14-16-19-21,2-4-5-7-12-14-16-19-21,1-2-3-4-5-7-8-10-12-14-15-16-17-19-21,9,15,0.685,3,"cnot_0->1,cross_on_target,features_normal,sim_manual",1.0,/Users/iratimush/xqml-thesis/data/qsvm-traindata-3.csv,/Users/iratimush/xqml-thesis/data/qsvm-testdata-3.csv,40x2,1000x2,x0|x1,y,11a4200d0f8576ffc90cfffa6fc0f744b5b64ecfb31d3cdb0fe01cff8acd6526,a7fdb0e3521072fcd2014ee5bcb60723153274a70ace998b56349d7992ba2ca8
3,2-4-5-7-12-14-18-19-21,2-4-5-7-12-14-18-19-21,1-2-3-4-5-7-8-10-12-14-15-17-18-19-21,9,15,0.567,3,"cnot_0->1,cross_on_target,features_normal,sim_manual",1.0,/Users/iratimush/xqml-thesis/data/qsvm-traindata-3.csv,/Users/iratimush/xqml-thesis/data/qsvm-testdata-3.csv,40x2,1000x2,x0|x1,y,11a4200d0f8576ffc90cfffa6fc0f744b5b64ecfb31d3cdb0fe01cff8acd6526,a7fdb0e3521072fcd2014ee5bcb60723153274a70ace998b56349d7992ba2ca8
3,2-4-5-7-12-14-19-21,2-4-5-7-12-14-19-21,1-2-3-4-5-7-8-10-12-14-15-17-19-21,8,14,0.654,3,"cnot_0->1,cross_on_target,features_normal,sim_manual",1.0,/Users/iratimush/xqml-thesis/data/qsvm-traindata-3.csv,/Users/iratimush/xqml-thesis/data/qsvm-testdata-3.csv,40x2,1000x2,x0|x1,y,11a4200d0f8576ffc90cfffa6fc0f744b5b64ecfb31d3cdb0fe01cff8acd6526,a7fdb0e3521072fcd2014ee5bcb60723153274a70ace998b56349d7992ba2ca8
3,2-4-5-9-11-12-14-16-18,2-4-5-9-11-12-14-16-18,1-2-3-4-5-8-9-10-11-12-14-15-16-17-18,9,15,0.697,3,"cnot_0->1,cross_on_target,features_normal,sim_manual",1.0,/Users/iratimush/xqml-thesis/data/qsvm-traindata-3.csv,/Users/iratimush/xqml-thesis/data/qsvm-testdata-3.csv,40x2,1000x2,x0|x1,y,11a4200d0f8576ffc90cfffa6fc0f744b5b64ecfb31d3cdb0fe01cff8acd6526,a7fdb0e3521072fcd2014ee5bcb60723153274a70ace998b56349d7992ba2ca8
3,2-4-5-9-11-12-14-16-18-19,2-4-5-9-11-12-14-16-18-19,1-2-3-4-5-8-9-10-11-12-14-15-16-17-18-19,10,16,0.697,3,"cnot_0->1,cross_on_target,features_normal,sim_manual",1.0,/Users/iratimush/xqml-thesis/data/qsvm-traindata-3.csv,/Users/iratimush/xqml-thesis/data/qsvm-testdata-3.csv,40x2,1000x2,x0|x1,y,11a4200d0f8576ffc90cfffa6fc0f744b5b64ecfb31d3cdb0fe01cff8acd6526,a7fdb0e3521072fcd2014ee5bcb60723153274a70ace998b56349d7992ba2ca8
3,2-4-5-9-11-12-14-16-18-19-21,2-4-5-9-11-12-14-16-18-19-21,1-2-3-4-5-8-9-10-11-12-14-15-16-17-18-19-21,11,17,0.697,3,"cnot_0->1,cross_on_target,features_normal,sim_manual",1.0,/Users/iratimush/xqml-thesis/data/qsvm-traindata-3.csv,/Users/iratimush/xqml-thesis/data/qsvm-testdata-3.csv,40x2,1000x2,x0|x1,y,11a4200d0f8576ffc90cfffa6fc0f744b5b64ecfb31d3cdb0fe01cff8acd6526,a7fdb0e3521072fcd2014ee5bcb60723153274a70ace998b56349d7992ba2ca8
3,2-4-5-9-11-12-14-16-18-21,2-4-5-9-11-12-14-16-18-21,1-2-3-4-5-8-9-10-11-12-14-15-16-17-18-21,10,16,0.697,3,"cnot_0->1,cross_on_target,features_normal,sim_manual",1.0,/Users/iratimush/xqml-thesis/data/qsvm-traindata-3.csv,/Users/iratimush/xqml-thesis/data/qsvm-testdata-3.csv,40x2,1000x2,x0|x1,y,11a4200d0f8576ffc90cfffa6fc0f744b5b64ecfb31d3cdb0fe01cff8acd6526,a7fdb0e3521072fcd2014ee5bcb60723153274a70ace998b56349d7992ba2ca8
3,2-4-5-9-11-12-16-18,2-4-5-9-11-12-16-18,1-2-3-4-5-8-9-10-11-12-15-16-17-18,8,14,0.682,3,"cnot_0->1,cross_on_target,features_normal,sim_manual",1.0,/Users/iratimush/xqml-thesis/data/qsvm-traindata-3.csv,/Users/iratimush/xqml-thesis/data/qsvm-testdata-3.csv,40x2,1000x2,x0|x1,y,11a4200d0f8576ffc90cfffa6fc0f744b5b64ecfb31d3cdb0fe01cff8acd6526,a7fdb0e3521072fcd2014ee5bcb60723153274a70ace998b56349d7992ba2ca8
3,2-4-5-9-11-12-16-18-19,2-4-5-9-11-12-16-18-19,1-2-3-4-5-8-9-10-11-12-15-16-17-18-19,9,15,0.682,3,"cnot_0->1,cross_on_target,features_normal,sim_manual",1.0,/Users/iratimush/xqml-thesis/data/qsvm-traindata-3.csv,/Users/iratimush/xqml-thesis/data/qsvm-testdata-3.csv,40x2,1000x2,x0|x1,y,11a4200d0f8576ffc90cfffa6fc0f744b5b64ecfb31d3cdb0fe01cff8acd6526,a7fdb0e3521072fcd2014ee5bcb60723153274a70ace998b56349d7992ba2ca8
3,2-4-5-9-11-12-16-18-19-21,2-4-5-9-11-12-16-18-19-21,1-2-3-4-5-8-9-10-11-12-15-16-17-18-19-21,10,16,0.682,3,"cnot_0->1,cross_on_target,features_normal,sim_manual",1.0,/Users/iratimush/xqml-thesis/data/qsvm-traindata-3.csv,/Users/iratimush/xqml-thesis/data/qsvm-testdata-3.csv,40x2,1000x2,x0|x1,y,11a4200d0f8576ffc90cfffa6fc0f744b5b64ecfb31d3cdb0fe01cff8acd6526,a7fdb0e3521072fcd2014ee5bcb60723153274a70ace998b56349d7992ba2ca8
3,2-4-5-9-11-12-16-18-21,2-4-5-9-11-12-16-18-21,1-2-3-4-5-8-9-10-11-12-15-16-17-18-21,9,15,0.682,3,"cnot_0->1,cross_on_target,features_normal,sim_manual",1.0,/Users/iratimush/xqml-thesis/data/qsvm-traindata-3.csv,/Users/iratimush/xqml-thesis/data/qsvm-testdata-3.csv,40x2,1000x2,x0|x1,y,11a4200d0f8576ffc90cfffa6fc0f744b5b64ecfb31d3cdb0fe01cff8acd6526,a7fdb0e3521072fcd2014ee5bcb60723153274a70ace998b56349d7992ba2ca8
3,2-4-5-9-11-14-16-18,2-4-5-9-11-14-16-18,1-2-3-4-5-8-9-10-11-14-15-16-17-18,8,14,0.682,3,"cnot_0->1,cross_on_target,features_normal,sim_manual",1.0,/Users/iratimush/xqml-thesis/data/qsvm-traindata-3.csv,/Users/iratimush/xqml-thesis/data/qsvm-testdata-3.csv,40x2,1000x2,x0|x1,y,11a4200d0f8576ffc90cfffa6fc0f744b5b64ecfb31d3cdb0fe01cff8acd6526,a7fdb0e3521072fcd2014ee5bcb60723153274a70ace998b56349d7992ba2ca8
3,2-4-5-9-11-14-16-18-19,2-4-5-9-11-14-16-18-19,1-2-3-4-5-8-9-10-11-14-15-16-17-18-19,9,15,0.682,3,"cnot_0->1,cross_on_target,features_normal,sim_manual",1.0,/Users/iratimush/xqml-thesis/data/qsvm-traindata-3.csv,/Users/iratimush/xqml-thesis/data/qsvm-testdata-3.csv,40x2,1000x2,x0|x1,y,11a4200d0f8576ffc90cfffa6fc0f744b5b64ecfb31d3cdb0fe01cff8acd6526,a7fdb0e3521072fcd2014ee5bcb60723153274a70ace998b56349d7992ba2ca8
3,2-4-5-9-11-14-16-18-19-21,2-4-5-9-11-14-16-18-19-21,1-2-3-4-5-8-9-10-11-14-15-16-17-18-19-21,10,16,0.682,3,"cnot_0->1,cross_on_target,features_normal,sim_manual",1.0,/Users/iratimush/xqml-thesis/data/qsvm-traindata-3.csv,/Users/iratimush/xqml-thesis/data/qsvm-testdata-3.csv,40x2,1000x2,x0|x1,y,11a4200d0f8576ffc90cfffa6fc0f744b5b64ecfb31d3cdb0fe01cff8acd6526,a7fdb0e3521072fcd2014ee5bcb60723153274a70ace998b56349d7992ba2ca8
3,2-4-5-9-11-14-16-18-21,2-4-5-9-11-14-16-18-21,1-2-3-4-5-8-9-10-11-14-15-16-17-18-21,9,15,0.682,3,"cnot_0->1,cross_on_target,features_normal,sim_manual",1.0,/Users/iratimush/xqml-thesis/data/qsvm-traindata-3.csv,/Users/iratimush/xqml-thesis/data/qsvm-testdata-3.csv,40x2,1000x2,x0|x1,y,11a4200d0f8576ffc90cfffa6fc0f744b5b64ecfb31d3cdb0fe01cff8acd6526,a7fdb0e3521072fcd2014ee5bcb60723153274a70ace998b56349d7992ba2ca8
3,2-4-5-9-11-16-18,2-4-5-9-11-16-18,1-2-3-4-5-8-9-10-11-15-16-17-18,7,13,0.697,3,"cnot_0->1,cross_on_target,features_normal,sim_manual",1.0,/Users/iratimush/xqml-thesis/data/qsvm-traindata-3.csv,/Users/iratimush/xqml-thesis/data/qsvm-testdata-3.csv,40x2,1000x2,x0|x1,y,11a4200d0f8576ffc90cfffa6fc0f744b5b64ecfb31d3cdb0fe01cff8acd6526,a7fdb0e3521072fcd2014ee5bcb60723153274a70ace998b56349d7992ba2ca8
3,2-4-5-9-11-16-18-19,2-4-5-9-11-16-18-19,1-2-3-4-5-8-9-10-11-15-16-17-18-19,8,14,0.697,3,"cnot_0->1,cross_on_target,features_normal,sim_manual",1.0,/Users/iratimush/xqml-thesis/data/qsvm-traindata-3.csv,/Users/iratimush/xqml-thesis/data/qsvm-testdata-3.csv,40x2,1000x2,x0|x1,y,11a4200d0f8576ffc90cfffa6fc0f744b5b64ecfb31d3cdb0fe01cff8acd6526,a7fdb0e3521072fcd2014ee5bcb60723153274a70ace998b56349d7992ba2ca8
3,2-4-5-9-11-16-18-19-21,2-4-5-9-11-16-18-19-21,1-2-3-4-5-8-9-10-11-15-16-17-18-19-21,9,15,0.697,3,"cnot_0->1,cross_on_target,features_normal,sim_manual",1.0,/Users/iratimush/xqml-thesis/data/qsvm-traindata-3.csv,/Users/iratimush/xqml-thesis/data/qsvm-testdata-3.csv,40x2,1000x2,x0|x1,y,11a4200d0f8576ffc90cfffa6fc0f744b5b64ecfb31d3cdb0fe01cff8acd6526,a7fdb0e3521072fcd2014ee5bcb60723153274a70ace998b56349d7992ba2ca8
3,2-4-5-9-11-16-18-21,2-4-5-9-11-16-18-21,1-2-3-4-5-8-9-10-11-15-16-17-18-21,8,14,0.697,3,"cnot_0->1,cross_on_target,features_normal,sim_manual",1.0,/Users/iratimush/xqml-thesis/data/qsvm-traindata-3.csv,/Users/iratimush/xqml-thesis/data/qsvm-testdata-3.csv,40x2,1000x2,x0|x1,y,11a4200d0f8576ffc90cfffa6fc0f744b5b64ecfb31d3cdb0fe01cff8acd6526,a7fdb0e3521072fcd2014ee5bcb60723153274a70ace998b56349d7992ba2ca8
3,2-4-6-7-9-11-12-13-14-16-18-19-20,2-4-6-7-9-11-12-13-14-16-18-19-20,1-2-3-4-6-7-8-9-10-11-12-13-14-15-16-17-18-19-20,13,19,0.672,3,"cnot_0->1,cross_on_target,features_normal,sim_manual",1.0,/Users/iratimush/xqml-thesis/data/qsvm-traindata-3.csv,/Users/iratimush/xqml-thesis/data/qsvm-testdata-3.csv,40x2,1000x2,x0|x1,y,11a4200d0f8576ffc90cfffa6fc0f744b5b64ecfb31d3cdb0fe01cff8acd6526,a7fdb0e3521072fcd2014ee5bcb60723153274a70ace998b56349d7992ba2ca8
3,2-4-6-7-9-11-12-13-14-16-18-19-20-21,2-4-6-7-9-11-12-13-14-16-18-19-20-21,1-2-3-4-6-7-8-9-10-11-12-13-14-15-16-17-18-19-20-21,14,20,0.672,3,"cnot_0->1,cross_on_target,features_normal,sim_manual",1.0,/Users/iratimush/xqml-thesis/data/qsvm-traindata-3.csv,/Users/iratimush/xqml-thesis/data/qsvm-testdata-3.csv,40x2,1000x2,x0|x1,y,11a4200d0f8576ffc90cfffa6fc0f744b5b64ecfb31d3cdb0fe01cff8acd6526,a7fdb0e3521072fcd2014ee5bcb60723153274a70ace998b56349d7992ba2ca8
3,2-4-6-7-9-11-12-13-14-16-18-20,2-4-6-7-9-11-12-13-14-16-18-20,1-2-3-4-6-7-8-9-10-11-12-13-14-15-16-17-18-20,12,18,0.651,3,"cnot_0->1,cross_on_target,features_normal,sim_manual",1.0,/Users/iratimush/xqml-thesis/data/qsvm-traindata-3.csv,/Users/iratimush/xqml-thesis/data/qsvm-testdata-3.csv,40x2,1000x2,x0|x1,y,11a4200d0f8576ffc90cfffa6fc0f744b5b64ecfb31d3cdb0fe01cff8acd6526,a7fdb0e3521072fcd2014ee5bcb60723153274a70ace998b56349d7992ba2ca8
3,2-4-6-7-9-11-12-13-14-16-18-20-21,2-4-6-7-9-11-12-13-14-16-18-20-21,1-2-3-4-6-7-8-9-10-11-12-13-14-15-16-17-18-20-21,13,19,0.651,3,"cnot_0->1,cross_on_target,features_normal,sim_manual",1.0,/Users/iratimush/xqml-thesis/data/qsvm-traindata-3.csv,/Users/iratimush/xqml-thesis/data/qsvm-testdata-3.csv,40x2,1000x2,x0|x1,y,11a4200d0f8576ffc90cfffa6fc0f744b5b64ecfb31d3cdb0fe01cff8acd6526,a7fdb0e3521072fcd2014ee5bcb60723153274a70ace998b56349d7992ba2ca8
3,2-4-6-7-9-11-12-13-16-18-19-20,2-4-6-7-9-11-12-13-16-18-19-20,1-2-3-4-6-7-8-9-10-11-12-13-15-16-17-18-19-20,12,18,0.612,3,"cnot_0->1,cross_on_target,features_normal,sim_manual",1.0,/Users/iratimush/xqml-thesis/data/qsvm-traindata-3.csv,/Users/iratimush/xqml-thesis/data/qsvm-testdata-3.csv,40x2,1000x2,x0|x1,y,11a4200d0f8576ffc90cfffa6fc0f744b5b64ecfb31d3cdb0fe01cff8acd6526,a7fdb0e3521072fcd2014ee5bcb60723153274a70ace998b56349d7992ba2ca8
3,2-4-6-7-9-11-12-13-16-18-19-20-21,2-4-6-7-9-11-12-13-16-18-19-20-21,1-2-3-4-6-7-8-9-10-11-12-13-15-16-17-18-19-20-21,13,19,0.612,3,"cnot_0->1,cross_on_target,features_normal,sim_manual",1.0,/Users/iratimush/xqml-thesis/data/qsvm-traindata-3.csv,/Users/iratimush/xqml-thesis/data/qsvm-testdata-3.csv,40x2,1000x2,x0|x1,y,11a4200d0f8576ffc90cfffa6fc0f744b5b64ecfb31d3cdb0fe01cff8acd6526,a7fdb0e3521072fcd2014ee5bcb60723153274a70ace998b56349d7992ba2ca8
3,2-4-6-7-9-11-12-13-16-18-20,2-4-6-7-9-11-12-13-16-18-20,1-2-3-4-6-7-8-9-10-11-12-13-15-16-17-18-20,11,17,0.545,3,"cnot_0->1,cross_on_target,features_normal,sim_manual",1.0,/Users/iratimush/xqml-thesis/data/qsvm-traindata-3.csv,/Users/iratimush/xqml-thesis/data/qsvm-testdata-3.csv,40x2,1000x2,x0|x1,y,11a4200d0f8576ffc90cfffa6fc0f744b5b64ecfb31d3cdb0fe01cff8acd6526,a7fdb0e3521072fcd2014ee5bcb60723153274a70ace998b56349d7992ba2ca8
3,2-4-6-7-9-11-12-13-16-18-20-21,2-4-6-7-9-11-12-13-16-18-20-21,1-2-3-4-6-7-8-9-10-11-12-13-15-16-17-18-20-21,12,18,0.545,3,"cnot_0->1,cross_on_target,features_normal,sim_manual",1.0,/Users/iratimush/xqml-thesis/data/qsvm-traindata-3.csv,/Users/iratimush/xqml-thesis/data/qsvm-testdata-3.csv,40x2,1000x2,x0|x1,y,11a4200d0f8576ffc90cfffa6fc0f744b5b64ecfb31d3cdb0fe01cff8acd6526,a7fdb0e3521072fcd2014ee5bcb60723153274a70ace998b56349d7992ba2ca8
3,2-4-6-7-9-11-13-14-16-18-19-20,2-4-6-7-9-11-13-14-16-18-19-20,1-2-3-4-6-7-8-9-10-11-13-14-15-16-17-18-19-20,12,18,0.61,3,"cnot_0->1,cross_on_target,features_normal,sim_manual",1.0,/Users/iratimush/xqml-thesis/data/qsvm-traindata-3.csv,/Users/iratimush/xqml-thesis/data/qsvm-testdata-3.csv,40x2,1000x2,x0|x1,y,11a4200d0f8576ffc90cfffa6fc0f744b5b64ecfb31d3cdb0fe01cff8acd6526,a7fdb0e3521072fcd2014ee5bcb60723153274a70ace998b56349d7992ba2ca8
3,2-4-6-7-9-11-13-14-16-18-19-20-21,2-4-6-7-9-11-13-14-16-18-19-20-21,1-2-3-4-6-7-8-9-10-11-13-14-15-16-17-18-19-20-21,13,19,0.61,3,"cnot_0->1,cross_on_target,features_normal,sim_manual",1.0,/Users/iratimush/xqml-thesis/data/qsvm-traindata-3.csv,/Users/iratimush/xqml-thesis/data/qsvm-testdata-3.csv,40x2,1000x2,x0|x1,y,11a4200d0f8576ffc90cfffa6fc0f744b5b64ecfb31d3cdb0fe01cff8acd6526,a7fdb0e3521072fcd2014ee5bcb60723153274a70ace998b56349d7992ba2ca8
3,2-4-6-7-9-11-13-14-16-18-20,2-4-6-7-9-11-13-14-16-18-20,1-2-3-4-6-7-8-9-10-11-13-14-15-16-17-18-20,11,17,0.6,3,"cnot_0->1,cross_on_target,features_normal,sim_manual",1.0,/Users/iratimush/xqml-thesis/data/qsvm-traindata-3.csv,/Users/iratimush/xqml-thesis/data/qsvm-testdata-3.csv,40x2,1000x2,x0|x1,y,11a4200d0f8576ffc90cfffa6fc0f744b5b64ecfb31d3cdb0fe01cff8acd6526,a7fdb0e3521072fcd2014ee5bcb60723153274a70ace998b56349d7992ba2ca8
3,2-4-6-7-9-11-13-14-16-18-20-21,2-4-6-7-9-11-13-14-16-18-20-21,1-2-3-4-6-7-8-9-10-11-13-14-15-16-17-18-20-21,12,18,0.6,3,"cnot_0->1,cross_on_target,features_normal,sim_manual",1.0,/Users/iratimush/xqml-thesis/data/qsvm-traindata-3.csv,/Users/iratimush/xqml-thesis/data/qsvm-testdata-3.csv,40x2,1000x2,x0|x1,y,11a4200d0f8576ffc90cfffa6fc0f744b5b64ecfb31d3cdb0fe01cff8acd6526,a7fdb0e3521072fcd2014ee5bcb60723153274a70ace998b56349d7992ba2ca8
3,2-4-6-7-9-11-13-16-18-19-20,2-4-6-7-9-11-13-16-18-19-20,1-2-3-4-6-7-8-9-10-11-13-15-16-17-18-19-20,11,17,0.695,3,"cnot_0->1,cross_on_target,features_normal,sim_manual",1.0,/Users/iratimush/xqml-thesis/data/qsvm-traindata-3.csv,/Users/iratimush/xqml-thesis/data/qsvm-testdata-3.csv,40x2,1000x2,x0|x1,y,11a4200d0f8576ffc90cfffa6fc0f744b5b64ecfb31d3cdb0fe01cff8acd6526,a7fdb0e3521072fcd2014ee5bcb60723153274a70ace998b56349d7992ba2ca8
3,2-4-6-7-9-11-13-16-18-19-20-21,2-4-6-7-9-11-13-16-18-19-20-21,1-2-3-4-6-7-8-9-10-11-13-15-16-17-18-19-20-21,12,18,0.695,3,"cnot_0->1,cross_on_target,features_normal,sim_manual",1.0,/Users/iratimush/xqml-thesis/data/qsvm-traindata-3.csv,/Users/iratimush/xqml-thesis/data/qsvm-testdata-3.csv,40x2,1000x2,x0|x1,y,11a4200d0f8576ffc90cfffa6fc0f744b5b64ecfb31d3cdb0fe01cff8acd6526,a7fdb0e3521072fcd2014ee5bcb60723153274a70ace998b56349d7992ba2ca8
3,2-4-6-7-9-11-13-16-18-20,2-4-6-7-9-11-13-16-18-20,1-2-3-4-6-7-8-9-10-11-13-15-16-17-18-20,10,16,0.694,3,"cnot_0->1,cross_on_target,features_normal,sim_manual",1.0,/Users/iratimush/xqml-thesis/data/qsvm-traindata-3.csv,/Users/iratimush/xqml-thesis/data/qsvm-testdata-3.csv,40x2,1000x2,x0|x1,y,11a4200d0f8576ffc90cfffa6fc0f744b5b64ecfb31d3cdb0fe01cff8acd6526,a7fdb0e3521072fcd2014ee5bcb60723153274a70ace998b56349d7992ba2ca8
3,2-4-6-7-9-11-13-16-18-20-21,2-4-6-7-9-11-13-16-18-20-21,1-2-3-4-6-7-8-9-10-11-13-15-16-17-18-20-21,11,17,0.694,3,"cnot_0->1,cross_on_target,features_normal,sim_manual",1.0,/Users/iratimush/xqml-thesis/data/qsvm-traindata-3.csv,/Users/iratimush/xqml-thesis/data/qsvm-testdata-3.csv,40x2,1000x2,x0|x1,y,11a4200d0f8576ffc90cfffa6fc0f744b5b64ecfb31d3cdb0fe01cff8acd6526,a7fdb0e3521072fcd2014ee5bcb60723153274a70ace998b56349d7992ba2ca8
3,2-4-6-9-11-12-13-14-16-18-19-20,2-4-6-9-11-12-13-14-16-18-19-20,1-2-3-4-6-8-9-10-11-12-13-14-15-16-17-18-19-20,12,18,0.589,3,"cnot_0->1,cross_on_target,features_normal,sim_manual",1.0,/Users/iratimush/xqml-thesis/data/qsvm-traindata-3.csv,/Users/iratimush/xqml-thesis/data/qsvm-testdata-3.csv,40x2,1000x2,x0|x1,y,11a4200d0f8576ffc90cfffa6fc0f744b5b64ecfb31d3cdb0fe01cff8acd6526,a7fdb0e3521072fcd2014ee5bcb60723153274a70ace998b56349d7992ba2ca8
3,2-4-6-9-11-12-13-14-16-18-19-20-21,2-4-6-9-11-12-13-14-16-18-19-20-21,1-2-3-4-6-8-9-10-11-12-13-14-15-16-17-18-19-20-21,13,19,0.589,3,"cnot_0->1,cross_on_target,features_normal,sim_manual",1.0,/Users/iratimush/xqml-thesis/data/qsvm-traindata-3.csv,/Users/iratimush/xqml-thesis/data/qsvm-testdata-3.csv,40x2,1000x2,x0|x1,y,11a4200d0f8576ffc90cfffa6fc0f744b5b64ecfb31d3cdb0fe01cff8acd6526,a7fdb0e3521072fcd2014ee5bcb60723153274a70ace998b56349d7992ba2ca8
3,2-4-6-9-11-12-13-14-16-18-20,2-4-6-9-11-12-13-14-16-18-20,1-2-3-4-6-8-9-10-11-12-13-14-15-16-17-18-20,11,17,0.648,3,"cnot_0->1,cross_on_target,features_normal,sim_manual",1.0,/Users/iratimush/xqml-thesis/data/qsvm-traindata-3.csv,/Users/iratimush/xqml-thesis/data/qsvm-testdata-3.csv,40x2,1000x2,x0|x1,y,11a4200d0f8576ffc90cfffa6fc0f744b5b64ecfb31d3cdb0fe01cff8acd6526,a7fdb0e3521072fcd2014ee5bcb60723153274a70ace998b56349d7992ba2ca8
3,2-4-6-9-11-12-13-14-16-18-20-21,2-4-6-9-11-12-13-14-16-18-20-21,1-2-3-4-6-8-9-10-11-12-13-14-15-16-17-18-20-21,12,18,0.648,3,"cnot_0->1,cross_on_target,features_normal,sim_manual",1.0,/Users/iratimush/xqml-thesis/data/qsvm-traindata-3.csv,/Users/iratimush/xqml-thesis/data/qsvm-testdata-3.csv,40x2,1000x2,x0|x1,y,11a4200d0f8576ffc90cfffa6fc0f744b5b64ecfb31d3cdb0fe01cff8acd6526,a7fdb0e3521072fcd2014ee5bcb60723153274a70ace998b56349d7992ba2ca8
3,2-4-6-9-11-12-13-16-18-19-20,2-4-6-9-11-12-13-16-18-19-20,1-2-3-4-6-8-9-10-11-12-13-15-16-17-18-19-20,11,17,0.553,3,"cnot_0->1,cross_on_target,features_normal,sim_manual",1.0,/Users/iratimush/xqml-thesis/data/qsvm-traindata-3.csv,/Users/iratimush/xqml-thesis/data/qsvm-testdata-3.csv,40x2,1000x2,x0|x1,y,11a4200d0f8576ffc90cfffa6fc0f744b5b64ecfb31d3cdb0fe01cff8acd6526,a7fdb0e3521072fcd2014ee5bcb60723153274a70ace998b56349d7992ba2ca8
3,2-4-6-9-11-12-13-16-18-19-20-21,2-4-6-9-11-12-13-16-18-19-20-21,1-2-3-4-6-8-9-10-11-12-13-15-16-17-18-19-20-21,12,18,0.553,3,"cnot_0->1,cross_on_target,features_normal,sim_manual",1.0,/Users/iratimush/xqml-thesis/data/qsvm-traindata-3.csv,/Users/iratimush/xqml-thesis/data/qsvm-testdata-3.csv,40x2,1000x2,x0|x1,y,11a4200d0f8576ffc90cfffa6fc0f744b5b64ecfb31d3cdb0fe01cff8acd6526,a7fdb0e3521072fcd2014ee5bcb60723153274a70ace998b56349d7992ba2ca8
3,2-4-6-9-11-12-13-16-18-20,2-4-6-9-11-12-13-16-18-20,1-2-3-4-6-8-9-10-11-12-13-15-16-17-18-20,10,16,0.673,3,"cnot_0->1,cross_on_target,features_normal,sim_manual",1.0,/Users/iratimush/xqml-thesis/data/qsvm-traindata-3.csv,/Users/iratimush/xqml-thesis/data/qsvm-testdata-3.csv,40x2,1000x2,x0|x1,y,11a4200d0f8576ffc90cfffa6fc0f744b5b64ecfb31d3cdb0fe01cff8acd6526,a7fdb0e3521072fcd2014ee5bcb60723153274a70ace998b56349d7992ba2ca8
3,2-4-6-9-11-12-13-16-18-20-21,2-4-6-9-11-12-13-16-18-20-21,1-2-3-4-6-8-9-10-11-12-13-15-16-17-18-20-21,11,17,0.673,3,"cnot_0->1,cross_on_target,features_normal,sim_manual",1.0,/Users/iratimush/xqml-thesis/data/qsvm-traindata-3.csv,/Users/iratimush/xqml-thesis/data/qsvm-testdata-3.csv,40x2,1000x2,x0|x1,y,11a4200d0f8576ffc90cfffa6fc0f744b5b64ecfb31d3cdb0fe01cff8acd6526,a7fdb0e3521072fcd2014ee5bcb60723153274a70ace998b56349d7992ba2ca8
3,2-4-6-9-11-13-14-16-18-19-20,2-4-6-9-11-13-14-16-18-19-20,1-2-3-4-6-8-9-10-11-13-14-15-16-17-18-19-20,11,17,0.549,3,"cnot_0->1,cross_on_target,features_normal,sim_manual",1.0,/Users/iratimush/xqml-thesis/data/qsvm-traindata-3.csv,/Users/iratimush/xqml-thesis/data/qsvm-testdata-3.csv,40x2,1000x2,x0|x1,y,11a4200d0f8576ffc90cfffa6fc0f744b5b64ecfb31d3cdb0fe01cff8acd6526,a7fdb0e3521072fcd2014ee5bcb60723153274a70ace998b56349d7992ba2ca8
3,2-4-6-9-11-13-14-16-18-19-20-21,2-4-6-9-11-13-14-16-18-19-20-21,1-2-3-4-6-8-9-10-11-13-14-15-16-17-18-19-20-21,12,18,0.549,3,"cnot_0->1,cross_on_target,features_normal,sim_manual",1.0,/Users/iratimush/xqml-thesis/data/qsvm-traindata-3.csv,/Users/iratimush/xqml-thesis/data/qsvm-testdata-3.csv,40x2,1000x2,x0|x1,y,11a4200d0f8576ffc90cfffa6fc0f744b5b64ecfb31d3cdb0fe01cff8acd6526,a7fdb0e3521072fcd2014ee5bcb60723153274a70ace998b56349d7992ba2ca8
3,2-4-6-9-11-13-14-16-18-20,2-4-6-9-11-13-14-16-18-20,1-2-3-4-6-8-9-10-11-13-14-15-16-17-18-20,10,16,0.66,3,"cnot_0->1,cross_on_target,features_normal,sim_manual",1.0,/Users/iratimush/xqml-thesis/data/qsvm-traindata-3.csv,/Users/iratimush/xqml-thesis/data/qsvm-testdata-3.csv,40x2,1000x2,x0|x1,y,11a4200d0f8576ffc90cfffa6fc0f744b5b64ecfb31d3cdb0fe01cff8acd6526,a7fdb0e3521072fcd2014ee5bcb60723153274a70ace998b56349d7992ba2ca8
3,2-4-6-9-11-13-14-16-18-20-21,2-4-6-9-11-13-14-16-18-20-21,1-2-3-4-6-8-9-10-11-13-14-15-16-17-18-20-21,11,17,0.66,3,"cnot_0->1,cross_on_target,features_normal,sim_manual",1.0,/Users/iratimush/xqml-thesis/data/qsvm-traindata-3.csv,/Users/iratimush/xqml-thesis/data/qsvm-testdata-3.csv,40x2,1000x2,x0|x1,y,11a4200d0f8576ffc90cfffa6fc0f744b5b64ecfb31d3cdb0fe01cff8acd6526,a7fdb0e3521072fcd2014ee5bcb60723153274a70ace998b56349d7992ba2ca8
3,2-4-6-9-11-13-16-18,2-4-6-9-11-13-16-18,1-2-3-4-6-8-9-10-11-13-15-16-17-18,8,14,0.641,3,"cnot_0->1,cross_on_target,features_normal,sim_manual",1.0,/Users/iratimush/xqml-thesis/data/qsvm-traindata-3.csv,/Users/iratimush/xqml-thesis/data/qsvm-testdata-3.csv,40x2,1000x2,x0|x1,y,11a4200d0f8576ffc90cfffa6fc0f744b5b64ecfb31d3cdb0fe01cff8acd6526,a7fdb0e3521072fcd2014ee5bcb60723153274a70ace998b56349d7992ba2ca8
3,2-4-6-9-11-13-16-18-19-20,2-4-6-9-11-13-16-18-19-20,1-2-3-4-6-8-9-10-11-13-15-16-17-18-19-20,10,16,0.519,3,"cnot_0->1,cross_on_target,features_normal,sim_manual",1.0,/Users/iratimush/xqml-thesis/data/qsvm-traindata-3.csv,/Users/iratimush/xqml-thesis/data/qsvm-testdata-3.csv,40x2,1000x2,x0|x1,y,11a4200d0f8576ffc90cfffa6fc0f744b5b64ecfb31d3cdb0fe01cff8acd6526,a7fdb0e3521072fcd2014ee5bcb60723153274a70ace998b56349d7992ba2ca8
3,2-4-6-9-11-13-16-18-19-20-21,2-4-6-9-11-13-16-18-19-20-21,1-2-3-4-6-8-9-10-11-13-15-16-17-18-19-20-21,11,17,0.519,3,"cnot_0->1,cross_on_target,features_normal,sim_manual",1.0,/Users/iratimush/xqml-thesis/data/qsvm-traindata-3.csv,/Users/iratimush/xqml-thesis/data/qsvm-testdata-3.csv,40x2,1000x2,x0|x1,y,11a4200d0f8576ffc90cfffa6fc0f744b5b64ecfb31d3cdb0fe01cff8acd6526,a7fdb0e3521072fcd2014ee5bcb60723153274a70ace998b56349d7992ba2ca8
3,2-4-6-9-11-13-16-18-20,2-4-6-9-11-13-16-18-20,1-2-3-4-6-8-9-10-11-13-15-16-17-18-20,9,15,0.683,3,"cnot_0->1,cross_on_target,features_normal,sim_manual",1.0,/Users/iratimush/xqml-thesis/data/qsvm-traindata-3.csv,/Users/iratimush/xqml-thesis/data/qsvm-testdata-3.csv,40x2,1000x2,x0|x1,y,11a4200d0f8576ffc90cfffa6fc0f744b5b64ecfb31d3cdb0fe01cff8acd6526,a7fdb0e3521072fcd2014ee5bcb60723153274a70ace998b56349d7992ba2ca8
3,2-4-6-9-11-13-16-18-20-21,2-4-6-9-11-13-16-18-20-21,1-2-3-4-6-8-9-10-11-13-15-16-17-18-20-21,10,16,0.683,3,"cnot_0->1,cross_on_target,features_normal,sim_manual",1.0,/Users/iratimush/xqml-thesis/data/qsvm-traindata-3.csv,/Users/iratimush/xqml-thesis/data/qsvm-testdata-3.csv,40x2,1000x2,x0|x1,y,11a4200d0f8576ffc90cfffa6fc0f744b5b64ecfb31d3cdb0fe01cff8acd6526,a7fdb0e3521072fcd2014ee5bcb60723153274a70ace998b56349d7992ba2ca8
3,2-4-6-9-11-13-16-20,2-4-6-9-11-13-16-20,1-2-3-4-6-8-9-10-11-13-15-16-17-20,8,14,0.645,3,"cnot_0->1,cross_on_target,features_normal,sim_manual",1.0,/Users/iratimush/xqml-thesis/data/qsvm-traindata-3.csv,/Users/iratimush/xqml-thesis/data/qsvm-testdata-3.csv,40x2,1000x2,x0|x1,y,11a4200d0f8576ffc90cfffa6fc0f744b5b64ecfb31d3cdb0fe01cff8acd6526,a7fdb0e3521072fcd2014ee5bcb60723153274a70ace998b56349d7992ba2ca8
3,2-4-6-9-11-13-18-20,2-4-6-9-11-13-18-20,1-2-3-4-6-8-9-10-11-13-15-17-18-20,8,14,0.706,3,"cnot_0->1,cross_on_target,features_normal,sim_manual",1.0,/Users/iratimush/xqml-thesis/data/qsvm-traindata-3.csv,/Users/iratimush/xqml-thesis/data/qsvm-testdata-3.csv,40x2,1000x2,x0|x1,y,11a4200d0f8576ffc90cfffa6fc0f744b5b64ecfb31d3cdb0fe01cff8acd6526,a7fdb0e3521072fcd2014ee5bcb60723153274a70ace998b56349d7992ba2ca8
3,2-4-6-9-11-13-20,2-4-6-9-11-13-20,1-2-3-4-6-8-9-10-11-13-15-17-20,7,13,0.753,3,"cnot_0->1,cross_on_target,features_normal,sim_manual",1.0,/Users/iratimush/xqml-thesis/data/qsvm-traindata-3.csv,/Users/iratimush/xqml-thesis/data/qsvm-testdata-3.csv,40x2,1000x2,x0|x1,y,11a4200d0f8576ffc90cfffa6fc0f744b5b64ecfb31d3cdb0fe01cff8acd6526,a7fdb0e3521072fcd2014ee5bcb60723153274a70ace998b56349d7992ba2ca8
3,2-4-6-9-11-16-18,2-4-6-9-11-16-18,1-2-3-4-6-8-9-10-11-15-16-17-18,7,13,0.657,3,"cnot_0->1,cross_on_target,features_normal,sim_manual",1.0,/Users/iratimush/xqml-thesis/data/qsvm-traindata-3.csv,/Users/iratimush/xqml-thesis/data/qsvm-testdata-3.csv,40x2,1000x2,x0|x1,y,11a4200d0f8576ffc90cfffa6fc0f744b5b64ecfb31d3cdb0fe01cff8acd6526,a7fdb0e3521072fcd2014ee5bcb60723153274a70ace998b56349d7992ba2ca8
3,2-4-6-9-11-16-18-20,2-4-6-9-11-16-18-20,1-2-3-4-6-8-9-10-11-15-16-17-18-20,8,14,0.672,3,"cnot_0->1,cross_on_target,features_normal,sim_manual",1.0,/Users/iratimush/xqml-thesis/data/qsvm-traindata-3.csv,/Users/iratimush/xqml-thesis/data/qsvm-testdata-3.csv,40x2,1000x2,x0|x1,y,11a4200d0f8576ffc90cfffa6fc0f744b5b64ecfb31d3cdb0fe01cff8acd6526,a7fdb0e3521072fcd2014ee5bcb60723153274a70ace998b56349d7992ba2ca8
3,2-4-6-9-13-16-18-20,2-4-6-9-13-16-18-20,1-2-3-4-6-8-9-10-13-15-16-17-18-20,8,14,0.605,3,"cnot_0->1,cross_on_target,features_normal,sim_manual",1.0,/Users/iratimush/xqml-thesis/data/qsvm-traindata-3.csv,/Users/iratimush/xqml-thesis/data/qsvm-testdata-3.csv,40x2,1000x2,x0|x1,y,11a4200d0f8576ffc90cfffa6fc0f744b5b64ecfb31d3cdb0fe01cff8acd6526,a7fdb0e3521072fcd2014ee5bcb60723153274a70ace998b56349d7992ba2ca8
3,2-4-6-9-13-16-20,2-4-6-9-13-16-20,1-2-3-4-6-8-9-10-13-15-16-17-20,7,13,0.631,3,"cnot_0->1,cross_on_target,features_normal,sim_manual",1.0,/Users/iratimush/xqml-thesis/data/qsvm-traindata-3.csv,/Users/iratimush/xqml-thesis/data/qsvm-testdata-3.csv,40x2,1000x2,x0|x1,y,11a4200d0f8576ffc90cfffa6fc0f744b5b64ecfb31d3cdb0fe01cff8acd6526,a7fdb0e3521072fcd2014ee5bcb60723153274a70ace998b56349d7992ba2ca8
3,2-4-6-9-13-18-20,2-4-6-9-13-18-20,1-2-3-4-6-8-9-10-13-15-17-18-20,7,13,0.723,3,"cnot_0->1,cross_on_target,features_normal,sim_manual",1.0,/Users/iratimush/xqml-thesis/data/qsvm-traindata-3.csv,/Users/iratimush/xqml-thesis/data/qsvm-testdata-3.csv,40x2,1000x2,x0|x1,y,11a4200d0f8576ffc90cfffa6fc0f744b5b64ecfb31d3cdb0fe01cff8acd6526,a7fdb0e3521072fcd2014ee5bcb60723153274a70ace998b56349d7992ba2ca8
3,2-4-6-9-13-20,2-4-6-9-13-20,1-2-3-4-6-8-9-10-13-15-17-20,6,12,0.727,3,"cnot_0->1,cross_on_target,features_normal,sim_manual",1.0,/Users/iratimush/xqml-thesis/data/qsvm-traindata-3.csv,/Users/iratimush/xqml-thesis/data/qsvm-testdata-3.csv,40x2,1000x2,x0|x1,y,11a4200d0f8576ffc90cfffa6fc0f744b5b64ecfb31d3cdb0fe01cff8acd6526,a7fdb0e3521072fcd2014ee5bcb60723153274a70ace998b56349d7992ba2ca8
3,2-4-6-11-13-16-18-20,2-4-6-11-13-16-18-20,1-2-3-4-6-8-10-11-13-15-16-17-18-20,8,14,0.722,3,"cnot_0->1,cross_on_target,features_normal,sim_manual",1.0,/Users/iratimush/xqml-thesis/data/qsvm-traindata-3.csv,/Users/iratimush/xqml-thesis/data/qsvm-testdata-3.csv,40x2,1000x2,x0|x1,y,11a4200d0f8576ffc90cfffa6fc0f744b5b64ecfb31d3cdb0fe01cff8acd6526,a7fdb0e3521072fcd2014ee5bcb60723153274a70ace998b56349d7992ba2ca8
3,2-4-6-11-13-16-20,2-4-6-11-13-16-20,1-2-3-4-6-8-10-11-13-15-16-17-20,7,13,0.712,3,"cnot_0->1,cross_on_target,features_normal,sim_manual",1.0,/Users/iratimush/xqml-thesis/data/qsvm-traindata-3.csv,/Users/iratimush/xqml-thesis/data/qsvm-testdata-3.csv,40x2,1000x2,x0|x1,y,11a4200d0f8576ffc90cfffa6fc0f744b5b64ecfb31d3cdb0fe01cff8acd6526,a7fdb0e3521072fcd2014ee5bcb60723153274a70ace998b56349d7992ba2ca8
3,2-4-6-11-13-18-20,2-4-6-11-13-18-20,1-2-3-4-6-8-10-11-13-15-17-18-20,7,13,0.509,3,"cnot_0->1,cross_on_target,features_normal,sim_manual",1.0,/Users/iratimush/xqml-thesis/data/qsvm-traindata-3.csv,/Users/iratimush/xqml-thesis/data/qsvm-testdata-3.csv,40x2,1000x2,x0|x1,y,11a4200d0f8576ffc90cfffa6fc0f744b5b64ecfb31d3cdb0fe01cff8acd6526,a7fdb0e3521072fcd2014ee5bcb60723153274a70ace998b56349d7992ba2ca8
3,2-4-6-11-13-20,2-4-6-11-13-20,1-2-3-4-6-8-10-11-13-15-17-20,6,12,0.643,3,"cnot_0->1,cross_on_target,features_normal,sim_manual",1.0,/Users/iratimush/xqml-thesis/data/qsvm-traindata-3.csv,/Users/iratimush/xqml-thesis/data/qsvm-testdata-3.csv,40x2,1000x2,x0|x1,y,11a4200d0f8576ffc90cfffa6fc0f744b5b64ecfb31d3cdb0fe01cff8acd6526,a7fdb0e3521072fcd2014ee5bcb60723153274a70ace998b56349d7992ba2ca8
3,2-4-6-13-16-18-20,2-4-6-13-16-18-20,1-2-3-4-6-8-10-13-15-16-17-18-20,7,13,0.713,3,"cnot_0->1,cross_on_target,features_normal,sim_manual",1.0,/Users/iratimush/xqml-thesis/data/qsvm-traindata-3.csv,/Users/iratimush/xqml-thesis/data/qsvm-testdata-3.csv,40x2,1000x2,x0|x1,y,11a4200d0f8576ffc90cfffa6fc0f744b5b64ecfb31d3cdb0fe01cff8acd6526,a7fdb0e3521072fcd2014ee5bcb60723153274a70ace998b56349d7992ba2ca8
3,2-4-6-13-16-20,2-4-6-13-16-20,1-2-3-4-6-8-10-13-15-16-17-20,6,12,0.718,3,"cnot_0->1,cross_on_target,features_normal,sim_manual",1.0,/Users/iratimush/xqml-thesis/data/qsvm-traindata-3.csv,/Users/iratimush/xqml-thesis/data/qsvm-testdata-3.csv,40x2,1000x2,x0|x1,y,11a4200d0f8576ffc90cfffa6fc0f744b5b64ecfb31d3cdb0fe01cff8acd6526,a7fdb0e3521072fcd2014ee5bcb60723153274a70ace998b56349d7992ba2ca8
3,2-4-6-13-18-20,2-4-6-13-18-20,1-2-3-4-6-8-10-13-15-17-18-20,6,12,0.594,3,"cnot_0->1,cross_on_target,features_normal,sim_manual",1.0,/Users/iratimush/xqml-thesis/data/qsvm-traindata-3.csv,/Users/iratimush/xqml-thesis/data/qsvm-testdata-3.csv,40x2,1000x2,x0|x1,y,11a4200d0f8576ffc90cfffa6fc0f744b5b64ecfb31d3cdb0fe01cff8acd6526,a7fdb0e3521072fcd2014ee5bcb60723153274a70ace998b56349d7992ba2ca8
3,2-4-6-13-20,2-4-6-13-20,1-2-3-4-6-8-10-13-15-17-20,5,11,0.623,3,"cnot_0->1,cross_on_target,features_normal,sim_manual",1.0,/Users/iratimush/xqml-thesis/data/qsvm-traindata-3.csv,/Users/iratimush/xqml-thesis/data/qsvm-testdata-3.csv,40x2,1000x2,x0|x1,y,11a4200d0f8576ffc90cfffa6fc0f744b5b64ecfb31d3cdb0fe01cff8acd6526,a7fdb0e3521072fcd2014ee5bcb60723153274a70ace998b56349d7992ba2ca8
3,2-4-7-9-11-12-14-16-18,2-4-7-9-11-12-14-16-18,1-2-3-4-7-8-9-10-11-12-14-15-16-17-18,9,15,0.697,3,"cnot_0->1,cross_on_target,features_normal,sim_manual",1.0,/Users/iratimush/xqml-thesis/data/qsvm-traindata-3.csv,/Users/iratimush/xqml-thesis/data/qsvm-testdata-3.csv,40x2,1000x2,x0|x1,y,11a4200d0f8576ffc90cfffa6fc0f744b5b64ecfb31d3cdb0fe01cff8acd6526,a7fdb0e3521072fcd2014ee5bcb60723153274a70ace998b56349d7992ba2ca8
3,2-4-7-9-11-12-14-16-18-19,2-4-7-9-11-12-14-16-18-19,1-2-3-4-7-8-9-10-11-12-14-15-16-17-18-19,10,16,0.697,3,"cnot_0->1,cross_on_target,features_normal,sim_manual",1.0,/Users/iratimush/xqml-thesis/data/qsvm-traindata-3.csv,/Users/iratimush/xqml-thesis/data/qsvm-testdata-3.csv,40x2,1000x2,x0|x1,y,11a4200d0f8576ffc90cfffa6fc0f744b5b64ecfb31d3cdb0fe01cff8acd6526,a7fdb0e3521072fcd2014ee5bcb60723153274a70ace998b56349d7992ba2ca8
3,2-4-7-9-11-12-14-16-18-19-21,2-4-7-9-11-12-14-16-18-19-21,1-2-3-4-7-8-9-10-11-12-14-15-16-17-18-19-21,11,17,0.697,3,"cnot_0->1,cross_on_target,features_normal,sim_manual",1.0,/Users/iratimush/xqml-thesis/data/qsvm-traindata-3.csv,/Users/iratimush/xqml-thesis/data/qsvm-testdata-3.csv,40x2,1000x2,x0|x1,y,11a4200d0f8576ffc90cfffa6fc0f744b5b64ecfb31d3cdb0fe01cff8acd6526,a7fdb0e3521072fcd2014ee5bcb60723153274a70ace998b56349d7992ba2ca8
3,2-4-7-9-11-12-14-16-18-21,2-4-7-9-11-12-14-16-18-21,1-2-3-4-7-8-9-10-11-12-14-15-16-17-18-21,10,16,0.697,3,"cnot_0->1,cross_on_target,features_normal,sim_manual",1.0,/Users/iratimush/xqml-thesis/data/qsvm-traindata-3.csv,/Users/iratimush/xqml-thesis/data/qsvm-testdata-3.csv,40x2,1000x2,x0|x1,y,11a4200d0f8576ffc90cfffa6fc0f744b5b64ecfb31d3cdb0fe01cff8acd6526,a7fdb0e3521072fcd2014ee5bcb60723153274a70ace998b56349d7992ba2ca8
3,2-4-7-9-11-12-16-18,2-4-7-9-11-12-16-18,1-2-3-4-7-8-9-10-11-12-15-16-17-18,8,14,0.682,3,"cnot_0->1,cross_on_target,features_normal,sim_manual",1.0,/Users/iratimush/xqml-thesis/data/qsvm-traindata-3.csv,/Users/iratimush/xqml-thesis/data/qsvm-testdata-3.csv,40x2,1000x2,x0|x1,y,11a4200d0f8576ffc90cfffa6fc0f744b5b64ecfb31d3cdb0fe01cff8acd6526,a7fdb0e3521072fcd2014ee5bcb60723153274a70ace998b56349d7992ba2ca8
3,2-4-7-9-11-12-16-18-19,2-4-7-9-11-12-16-18-19,1-2-3-4-7-8-9-10-11-12-15-16-17-18-19,9,15,0.682,3,"cnot_0->1,cross_on_target,features_normal,sim_manual",1.0,/Users/iratimush/xqml-thesis/data/qsvm-traindata-3.csv,/Users/iratimush/xqml-thesis/data/qsvm-testdata-3.csv,40x2,1000x2,x0|x1,y,11a4200d0f8576ffc90cfffa6fc0f744b5b64ecfb31d3cdb0fe01cff8acd6526,a7fdb0e3521072fcd2014ee5bcb60723153274a70ace998b56349d7992ba2ca8
3,2-4-7-9-11-12-16-18-19-21,2-4-7-9-11-12-16-18-19-21,1-2-3-4-7-8-9-10-11-12-15-16-17-18-19-21,10,16,0.682,3,"cnot_0->1,cross_on_target,features_normal,sim_manual",1.0,/Users/iratimush/xqml-thesis/data/qsvm-traindata-3.csv,/Users/iratimush/xqml-thesis/data/qsvm-testdata-3.csv,40x2,1000x2,x0|x1,y,11a4200d0f8576ffc90cfffa6fc0f744b5b64ecfb31d3cdb0fe01cff8acd6526,a7fdb0e3521072fcd2014ee5bcb60723153274a70ace998b56349d7992ba2ca8
3,2-4-7-9-11-12-16-18-21,2-4-7-9-11-12-16-18-21,1-2-3-4-7-8-9-10-11-12-15-16-17-18-21,9,15,0.682,3,"cnot_0->1,cross_on_target,features_normal,sim_manual",1.0,/Users/iratimush/xqml-thesis/data/qsvm-traindata-3.csv,/Users/iratimush/xqml-thesis/data/qsvm-testdata-3.csv,40x2,1000x2,x0|x1,y,11a4200d0f8576ffc90cfffa6fc0f744b5b64ecfb31d3cdb0fe01cff8acd6526,a7fdb0e3521072fcd2014ee5bcb60723153274a70ace998b56349d7992ba2ca8
3,2-4-7-9-11-14-16-18,2-4-7-9-11-14-16-18,1-2-3-4-7-8-9-10-11-14-15-16-17-18,8,14,0.682,3,"cnot_0->1,cross_on_target,features_normal,sim_manual",1.0,/Users/iratimush/xqml-thesis/data/qsvm-traindata-3.csv,/Users/iratimush/xqml-thesis/data/qsvm-testdata-3.csv,40x2,1000x2,x0|x1,y,11a4200d0f8576ffc90cfffa6fc0f744b5b64ecfb31d3cdb0fe01cff8acd6526,a7fdb0e3521072fcd2014ee5bcb60723153274a70ace998b56349d7992ba2ca8
3,2-4-7-9-11-14-16-18-19,2-4-7-9-11-14-16-18-19,1-2-3-4-7-8-9-10-11-14-15-16-17-18-19,9,15,0.682,3,"cnot_0->1,cross_on_target,features_normal,sim_manual",1.0,/Users/iratimush/xqml-thesis/data/qsvm-traindata-3.csv,/Users/iratimush/xqml-thesis/data/qsvm-testdata-3.csv,40x2,1000x2,x0|x1,y,11a4200d0f8576ffc90cfffa6fc0f744b5b64ecfb31d3cdb0fe01cff8acd6526,a7fdb0e3521072fcd2014ee5bcb60723153274a70ace998b56349d7992ba2ca8
3,2-4-7-9-11-14-16-18-19-21,2-4-7-9-11-14-16-18-19-21,1-2-3-4-7-8-9-10-11-14-15-16-17-18-19-21,10,16,0.682,3,"cnot_0->1,cross_on_target,features_normal,sim_manual",1.0,/Users/iratimush/xqml-thesis/data/qsvm-traindata-3.csv,/Users/iratimush/xqml-thesis/data/qsvm-testdata-3.csv,40x2,1000x2,x0|x1,y,11a4200d0f8576ffc90cfffa6fc0f744b5b64ecfb31d3cdb0fe01cff8acd6526,a7fdb0e3521072fcd2014ee5bcb60723153274a70ace998b56349d7992ba2ca8
3,2-4-7-9-11-14-16-18-21,2-4-7-9-11-14-16-18-21,1-2-3-4-7-8-9-10-11-14-15-16-17-18-21,9,15,0.682,3,"cnot_0->1,cross_on_target,features_normal,sim_manual",1.0,/Users/iratimush/xqml-thesis/data/qsvm-traindata-3.csv,/Users/iratimush/xqml-thesis/data/qsvm-testdata-3.csv,40x2,1000x2,x0|x1,y,11a4200d0f8576ffc90cfffa6fc0f744b5b64ecfb31d3cdb0fe01cff8acd6526,a7fdb0e3521072fcd2014ee5bcb60723153274a70ace998b56349d7992ba2ca8
3,2-4-7-9-11-16-18,2-4-7-9-11-16-18,1-2-3-4-7-8-9-10-11-15-16-17-18,7,13,0.697,3,"cnot_0->1,cross_on_target,features_normal,sim_manual",1.0,/Users/iratimush/xqml-thesis/data/qsvm-traindata-3.csv,/Users/iratimush/xqml-thesis/data/qsvm-testdata-3.csv,40x2,1000x2,x0|x1,y,11a4200d0f8576ffc90cfffa6fc0f744b5b64ecfb31d3cdb0fe01cff8acd6526,a7fdb0e3521072fcd2014ee5bcb60723153274a70ace998b56349d7992ba2ca8
3,2-4-7-9-11-16-18-19,2-4-7-9-11-16-18-19,1-2-3-4-7-8-9-10-11-15-16-17-18-19,8,14,0.697,3,"cnot_0->1,cross_on_target,features_normal,sim_manual",1.0,/Users/iratimush/xqml-thesis/data/qsvm-traindata-3.csv,/Users/iratimush/xqml-thesis/data/qsvm-testdata-3.csv,40x2,1000x2,x0|x1,y,11a4200d0f8576ffc90cfffa6fc0f744b5b64ecfb31d3cdb0fe01cff8acd6526,a7fdb0e3521072fcd2014ee5bcb60723153274a70ace998b56349d7992ba2ca8
3,2-4-7-9-11-16-18-19-21,2-4-7-9-11-16-18-19-21,1-2-3-4-7-8-9-10-11-15-16-17-18-19-21,9,15,0.697,3,"cnot_0->1,cross_on_target,features_normal,sim_manual",1.0,/Users/iratimush/xqml-thesis/data/qsvm-traindata-3.csv,/Users/iratimush/xqml-thesis/data/qsvm-testdata-3.csv,40x2,1000x2,x0|x1,y,11a4200d0f8576ffc90cfffa6fc0f744b5b64ecfb31d3cdb0fe01cff8acd6526,a7fdb0e3521072fcd2014ee5bcb60723153274a70ace998b56349d7992ba2ca8
3,2-4-7-9-11-16-18-21,2-4-7-9-11-16-18-21,1-2-3-4-7-8-9-10-11-15-16-17-18-21,8,14,0.697,3,"cnot_0->1,cross_on_target,features_normal,sim_manual",1.0,/Users/iratimush/xqml-thesis/data/qsvm-traindata-3.csv,/Users/iratimush/xqml-thesis/data/qsvm-testdata-3.csv,40x2,1000x2,x0|x1,y,11a4200d0f8576ffc90cfffa6fc0f744b5b64ecfb31d3cdb0fe01cff8acd6526,a7fdb0e3521072fcd2014ee5bcb60723153274a70ace998b56349d7992ba2ca8
3,2-4-9,2-4-9,1-2-3-4-8-9-10-15-17,3,9,0.706,3,"cnot_0->1,cross_on_target,features_normal,sim_manual",1.0,/Users/iratimush/xqml-thesis/data/qsvm-traindata-3.csv,/Users/iratimush/xqml-thesis/data/qsvm-testdata-3.csv,40x2,1000x2,x0|x1,y,11a4200d0f8576ffc90cfffa6fc0f744b5b64ecfb31d3cdb0fe01cff8acd6526,a7fdb0e3521072fcd2014ee5bcb60723153274a70ace998b56349d7992ba2ca8
3,2-4-9-11,2-4-9-11,1-2-3-4-8-9-10-11-15-17,4,10,0.67,3,"cnot_0->1,cross_on_target,features_normal,sim_manual",1.0,/Users/iratimush/xqml-thesis/data/qsvm-traindata-3.csv,/Users/iratimush/xqml-thesis/data/qsvm-testdata-3.csv,40x2,1000x2,x0|x1,y,11a4200d0f8576ffc90cfffa6fc0f744b5b64ecfb31d3cdb0fe01cff8acd6526,a7fdb0e3521072fcd2014ee5bcb60723153274a70ace998b56349d7992ba2ca8
3,2-4-9-11-12-14-16-18,2-4-9-11-12-14-16-18,1-2-3-4-8-9-10-11-12-14-15-16-17-18,8,14,0.65,3,"cnot_0->1,cross_on_target,features_normal,sim_manual",1.0,/Users/iratimush/xqml-thesis/data/qsvm-traindata-3.csv,/Users/iratimush/xqml-thesis/data/qsvm-testdata-3.csv,40x2,1000x2,x0|x1,y,11a4200d0f8576ffc90cfffa6fc0f744b5b64ecfb31d3cdb0fe01cff8acd6526,a7fdb0e3521072fcd2014ee5bcb60723153274a70ace998b56349d7992ba2ca8
3,2-4-9-11-12-14-16-18-19,2-4-9-11-12-14-16-18-19,1-2-3-4-8-9-10-11-12-14-15-16-17-18-19,9,15,0.65,3,"cnot_0->1,cross_on_target,features_normal,sim_manual",1.0,/Users/iratimush/xqml-thesis/data/qsvm-traindata-3.csv,/Users/iratimush/xqml-thesis/data/qsvm-testdata-3.csv,40x2,1000x2,x0|x1,y,11a4200d0f8576ffc90cfffa6fc0f744b5b64ecfb31d3cdb0fe01cff8acd6526,a7fdb0e3521072fcd2014ee5bcb60723153274a70ace998b56349d7992ba2ca8
3,2-4-9-11-12-14-16-18-19-21,2-4-9-11-12-14-16-18-19-21,1-2-3-4-8-9-10-11-12-14-15-16-17-18-19-21,10,16,0.65,3,"cnot_0->1,cross_on_target,features_normal,sim_manual",1.0,/Users/iratimush/xqml-thesis/data/qsvm-traindata-3.csv,/Users/iratimush/xqml-thesis/data/qsvm-testdata-3.csv,40x2,1000x2,x0|x1,y,11a4200d0f8576ffc90cfffa6fc0f744b5b64ecfb31d3cdb0fe01cff8acd6526,a7fdb0e3521072fcd2014ee5bcb60723153274a70ace998b56349d7992ba2ca8
3,2-4-9-11-12-14-16-18-21,2-4-9-11-12-14-16-18-21,1-2-3-4-8-9-10-11-12-14-15-16-17-18-21,9,15,0.65,3,"cnot_0->1,cross_on_target,features_normal,sim_manual",1.0,/Users/iratimush/xqml-thesis/data/qsvm-traindata-3.csv,/Users/iratimush/xqml-thesis/data/qsvm-testdata-3.csv,40x2,1000x2,x0|x1,y,11a4200d0f8576ffc90cfffa6fc0f744b5b64ecfb31d3cdb0fe01cff8acd6526,a7fdb0e3521072fcd2014ee5bcb60723153274a70ace998b56349d7992ba2ca8
3,2-4-9-11-12-16-18,2-4-9-11-12-16-18,1-2-3-4-8-9-10-11-12-15-16-17-18,7,13,0.688,3,"cnot_0->1,cross_on_target,features_normal,sim_manual",1.0,/Users/iratimush/xqml-thesis/data/qsvm-traindata-3.csv,/Users/iratimush/xqml-thesis/data/qsvm-testdata-3.csv,40x2,1000x2,x0|x1,y,11a4200d0f8576ffc90cfffa6fc0f744b5b64ecfb31d3cdb0fe01cff8acd6526,a7fdb0e3521072fcd2014ee5bcb60723153274a70ace998b56349d7992ba2ca8
3,2-4-9-11-12-16-18-19,2-4-9-11-12-16-18-19,1-2-3-4-8-9-10-11-12-15-16-17-18-19,8,14,0.688,3,"cnot_0->1,cross_on_target,features_normal,sim_manual",1.0,/Users/iratimush/xqml-thesis/data/qsvm-traindata-3.csv,/Users/iratimush/xqml-thesis/data/qsvm-testdata-3.csv,40x2,1000x2,x0|x1,y,11a4200d0f8576ffc90cfffa6fc0f744b5b64ecfb31d3cdb0fe01cff8acd6526,a7fdb0e3521072fcd2014ee5bcb60723153274a70ace998b56349d7992ba2ca8
3,2-4-9-11-12-16-18-19-21,2-4-9-11-12-16-18-19-21,1-2-3-4-8-9-10-11-12-15-16-17-18-19-21,9,15,0.688,3,"cnot_0->1,cross_on_target,features_normal,sim_manual",1.0,/Users/iratimush/xqml-thesis/data/qsvm-traindata-3.csv,/Users/iratimush/xqml-thesis/data/qsvm-testdata-3.csv,40x2,1000x2,x0|x1,y,11a4200d0f8576ffc90cfffa6fc0f744b5b64ecfb31d3cdb0fe01cff8acd6526,a7fdb0e3521072fcd2014ee5bcb60723153274a70ace998b56349d7992ba2ca8
3,2-4-9-11-12-16-18-21,2-4-9-11-12-16-18-21,1-2-3-4-8-9-10-11-12-15-16-17-18-21,8,14,0.688,3,"cnot_0->1,cross_on_target,features_normal,sim_manual",1.0,/Users/iratimush/xqml-thesis/data/qsvm-traindata-3.csv,/Users/iratimush/xqml-thesis/data/qsvm-testdata-3.csv,40x2,1000x2,x0|x1,y,11a4200d0f8576ffc90cfffa6fc0f744b5b64ecfb31d3cdb0fe01cff8acd6526,a7fdb0e3521072fcd2014ee5bcb60723153274a70ace998b56349d7992ba2ca8
3,2-4-9-11-13-16-18,2-4-9-11-13-16-18,1-2-3-4-8-9-10-11-13-15-16-17-18,7,13,0.682,3,"cnot_0->1,cross_on_target,features_normal,sim_manual",1.0,/Users/iratimush/xqml-thesis/data/qsvm-traindata-3.csv,/Users/iratimush/xqml-thesis/data/qsvm-testdata-3.csv,40x2,1000x2,x0|x1,y,11a4200d0f8576ffc90cfffa6fc0f744b5b64ecfb31d3cdb0fe01cff8acd6526,a7fdb0e3521072fcd2014ee5bcb60723153274a70ace998b56349d7992ba2ca8
3,2-4-9-11-13-16-18-20,2-4-9-11-13-16-18-20,1-2-3-4-8-9-10-11-13-15-16-17-18-20,8,14,0.567,3,"cnot_0->1,cross_on_target,features_normal,sim_manual",1.0,/Users/iratimush/xqml-thesis/data/qsvm-traindata-3.csv,/Users/iratimush/xqml-thesis/data/qsvm-testdata-3.csv,40x2,1000x2,x0|x1,y,11a4200d0f8576ffc90cfffa6fc0f744b5b64ecfb31d3cdb0fe01cff8acd6526,a7fdb0e3521072fcd2014ee5bcb60723153274a70ace998b56349d7992ba2ca8
3,2-4-9-11-14-16-18,2-4-9-11-14-16-18,1-2-3-4-8-9-10-11-14-15-16-17-18,7,13,0.688,3,"cnot_0->1,cross_on_target,features_normal,sim_manual",1.0,/Users/iratimush/xqml-thesis/data/qsvm-traindata-3.csv,/Users/iratimush/xqml-thesis/data/qsvm-testdata-3.csv,40x2,1000x2,x0|x1,y,11a4200d0f8576ffc90cfffa6fc0f744b5b64ecfb31d3cdb0fe01cff8acd6526,a7fdb0e3521072fcd2014ee5bcb60723153274a70ace998b56349d7992ba2ca8
3,2-4-9-11-14-16-18-19,2-4-9-11-14-16-18-19,1-2-3-4-8-9-10-11-14-15-16-17-18-19,8,14,0.688,3,"cnot_0->1,cross_on_target,features_normal,sim_manual",1.0,/Users/iratimush/xqml-thesis/data/qsvm-traindata-3.csv,/Users/iratimush/xqml-thesis/data/qsvm-testdata-3.csv,40x2,1000x2,x0|x1,y,11a4200d0f8576ffc90cfffa6fc0f744b5b64ecfb31d3cdb0fe01cff8acd6526,a7fdb0e3521072fcd2014ee5bcb60723153274a70ace998b56349d7992ba2ca8
3,2-4-9-11-14-16-18-19-21,2-4-9-11-14-16-18-19-21,1-2-3-4-8-9-10-11-14-15-16-17-18-19-21,9,15,0.688,3,"cnot_0->1,cross_on_target,features_normal,sim_manual",1.0,/Users/iratimush/xqml-thesis/data/qsvm-traindata-3.csv,/Users/iratimush/xqml-thesis/data/qsvm-testdata-3.csv,40x2,1000x2,x0|x1,y,11a4200d0f8576ffc90cfffa6fc0f744b5b64ecfb31d3cdb0fe01cff8acd6526,a7fdb0e3521072fcd2014ee5bcb60723153274a70ace998b56349d7992ba2ca8
3,2-4-9-11-14-16-18-21,2-4-9-11-14-16-18-21,1-2-3-4-8-9-10-11-14-15-16-17-18-21,8,14,0.688,3,"cnot_0->1,cross_on_target,features_normal,sim_manual",1.0,/Users/iratimush/xqml-thesis/data/qsvm-traindata-3.csv,/Users/iratimush/xqml-thesis/data/qsvm-testdata-3.csv,40x2,1000x2,x0|x1,y,11a4200d0f8576ffc90cfffa6fc0f744b5b64ecfb31d3cdb0fe01cff8acd6526,a7fdb0e3521072fcd2014ee5bcb60723153274a70ace998b56349d7992ba2ca8
3,2-4-9-11-16,2-4-9-11-16,1-2-3-4-8-9-10-11-15-16-17,5,11,0.694,3,"cnot_0->1,cross_on_target,features_normal,sim_manual",1.0,/Users/iratimush/xqml-thesis/data/qsvm-traindata-3.csv,/Users/iratimush/xqml-thesis/data/qsvm-testdata-3.csv,40x2,1000x2,x0|x1,y,11a4200d0f8576ffc90cfffa6fc0f744b5b64ecfb31d3cdb0fe01cff8acd6526,a7fdb0e3521072fcd2014ee5bcb60723153274a70ace998b56349d7992ba2ca8
3,2-4-9-11-16-18,2-4-9-11-16-18,1-2-3-4-8-9-10-11-15-16-17-18,6,12,0.65,3,"cnot_0->1,cross_on_target,features_normal,sim_manual",1.0,/Users/iratimush/xqml-thesis/data/qsvm-traindata-3.csv,/Users/iratimush/xqml-thesis/data/qsvm-testdata-3.csv,40x2,1000x2,x0|x1,y,11a4200d0f8576ffc90cfffa6fc0f744b5b64ecfb31d3cdb0fe01cff8acd6526,a7fdb0e3521072fcd2014ee5bcb60723153274a70ace998b56349d7992ba2ca8
3,2-4-9-11-16-18-19,2-4-9-11-16-18-19,1-2-3-4-8-9-10-11-15-16-17-18-19,7,13,0.65,3,"cnot_0->1,cross_on_target,features_normal,sim_manual",1.0,/Users/iratimush/xqml-thesis/data/qsvm-traindata-3.csv,/Users/iratimush/xqml-thesis/data/qsvm-testdata-3.csv,40x2,1000x2,x0|x1,y,11a4200d0f8576ffc90cfffa6fc0f744b5b64ecfb31d3cdb0fe01cff8acd6526,a7fdb0e3521072fcd2014ee5bcb60723153274a70ace998b56349d7992ba2ca8
3,2-4-9-11-16-18-19-21,2-4-9-11-16-18-19-21,1-2-3-4-8-9-10-11-15-16-17-18-19-21,8,14,0.65,3,"cnot_0->1,cross_on_target,features_normal,sim_manual",1.0,/Users/iratimush/xqml-thesis/data/qsvm-traindata-3.csv,/Users/iratimush/xqml-thesis/data/qsvm-testdata-3.csv,40x2,1000x2,x0|x1,y,11a4200d0f8576ffc90cfffa6fc0f744b5b64ecfb31d3cdb0fe01cff8acd6526,a7fdb0e3521072fcd2014ee5bcb60723153274a70ace998b56349d7992ba2ca8
3,2-4-9-11-16-18-20,2-4-9-11-16-18-20,1-2-3-4-8-9-10-11-15-16-17-18-20,7,13,0.683,3,"cnot_0->1,cross_on_target,features_normal,sim_manual",1.0,/Users/iratimush/xqml-thesis/data/qsvm-traindata-3.csv,/Users/iratimush/xqml-thesis/data/qsvm-testdata-3.csv,40x2,1000x2,x0|x1,y,11a4200d0f8576ffc90cfffa6fc0f744b5b64ecfb31d3cdb0fe01cff8acd6526,a7fdb0e3521072fcd2014ee5bcb60723153274a70ace998b56349d7992ba2ca8
3,2-4-9-11-16-18-21,2-4-9-11-16-18-21,1-2-3-4-8-9-10-11-15-16-17-18-21,7,13,0.65,3,"cnot_0->1,cross_on_target,features_normal,sim_manual",1.0,/Users/iratimush/xqml-thesis/data/qsvm-traindata-3.csv,/Users/iratimush/xqml-thesis/data/qsvm-testdata-3.csv,40x2,1000x2,x0|x1,y,11a4200d0f8576ffc90cfffa6fc0f744b5b64ecfb31d3cdb0fe01cff8acd6526,a7fdb0e3521072fcd2014ee5bcb60723153274a70ace998b56349d7992ba2ca8
3,2-4-9-11-18,2-4-9-11-18,1-2-3-4-8-9-10-11-15-17-18,5,11,0.678,3,"cnot_0->1,cross_on_target,features_normal,sim_manual",1.0,/Users/iratimush/xqml-thesis/data/qsvm-traindata-3.csv,/Users/iratimush/xqml-thesis/data/qsvm-testdata-3.csv,40x2,1000x2,x0|x1,y,11a4200d0f8576ffc90cfffa6fc0f744b5b64ecfb31d3cdb0fe01cff8acd6526,a7fdb0e3521072fcd2014ee5bcb60723153274a70ace998b56349d7992ba2ca8
3,2-4-9-16,2-4-9-16,1-2-3-4-8-9-10-15-16-17,4,10,0.662,3,"cnot_0->1,cross_on_target,features_normal,sim_manual",1.0,/Users/iratimush/xqml-thesis/data/qsvm-traindata-3.csv,/Users/iratimush/xqml-thesis/data/qsvm-testdata-3.csv,40x2,1000x2,x0|x1,y,11a4200d0f8576ffc90cfffa6fc0f744b5b64ecfb31d3cdb0fe01cff8acd6526,a7fdb0e3521072fcd2014ee5bcb60723153274a70ace998b56349d7992ba2ca8
3,2-4-9-16-18,2-4-9-16-18,1-2-3-4-8-9-10-15-16-17-18,5,11,0.594,3,"cnot_0->1,cross_on_target,features_normal,sim_manual",1.0,/Users/iratimush/xqml-thesis/data/qsvm-traindata-3.csv,/Users/iratimush/xqml-thesis/data/qsvm-testdata-3.csv,40x2,1000x2,x0|x1,y,11a4200d0f8576ffc90cfffa6fc0f744b5b64ecfb31d3cdb0fe01cff8acd6526,a7fdb0e3521072fcd2014ee5bcb60723153274a70ace998b56349d7992ba2ca8
3,2-4-9-18,2-4-9-18,1-2-3-4-8-9-10-15-17-18,4,10,0.622,3,"cnot_0->1,cross_on_target,features_normal,sim_manual",1.0,/Users/iratimush/xqml-thesis/data/qsvm-traindata-3.csv,/Users/iratimush/xqml-thesis/data/qsvm-testdata-3.csv,40x2,1000x2,x0|x1,y,11a4200d0f8576ffc90cfffa6fc0f744b5b64ecfb31d3cdb0fe01cff8acd6526,a7fdb0e3521072fcd2014ee5bcb60723153274a70ace998b56349d7992ba2ca8
3,2-4-11,2-4-11,1-2-3-4-8-10-11-15-17,3,9,0.563,3,"cnot_0->1,cross_on_target,features_normal,sim_manual",1.0,/Users/iratimush/xqml-thesis/data/qsvm-traindata-3.csv,/Users/iratimush/xqml-thesis/data/qsvm-testdata-3.csv,40x2,1000x2,x0|x1,y,11a4200d0f8576ffc90cfffa6fc0f744b5b64ecfb31d3cdb0fe01cff8acd6526,a7fdb0e3521072fcd2014ee5bcb60723153274a70ace998b56349d7992ba2ca8
3,2-4-11-16,2-4-11-16,1-2-3-4-8-10-11-15-16-17,4,10,0.725,3,"cnot_0->1,cross_on_target,features_normal,sim_manual",1.0,/Users/iratimush/xqml-thesis/data/qsvm-traindata-3.csv,/Users/iratimush/xqml-thesis/data/qsvm-testdata-3.csv,40x2,1000x2,x0|x1,y,11a4200d0f8576ffc90cfffa6fc0f744b5b64ecfb31d3cdb0fe01cff8acd6526,a7fdb0e3521072fcd2014ee5bcb60723153274a70ace998b56349d7992ba2ca8
3,2-4-11-16-18,2-4-11-16-18,1-2-3-4-8-10-11-15-16-17-18,5,11,0.723,3,"cnot_0->1,cross_on_target,features_normal,sim_manual",1.0,/Users/iratimush/xqml-thesis/data/qsvm-traindata-3.csv,/Users/iratimush/xqml-thesis/data/qsvm-testdata-3.csv,40x2,1000x2,x0|x1,y,11a4200d0f8576ffc90cfffa6fc0f744b5b64ecfb31d3cdb0fe01cff8acd6526,a7fdb0e3521072fcd2014ee5bcb60723153274a70ace998b56349d7992ba2ca8
3,2-4-11-18,2-4-11-18,1-2-3-4-8-10-11-15-17-18,4,10,0.554,3,"cnot_0->1,cross_on_target,features_normal,sim_manual",1.0,/Users/iratimush/xqml-thesis/data/qsvm-traindata-3.csv,/Users/iratimush/xqml-thesis/data/qsvm-testdata-3.csv,40x2,1000x2,x0|x1,y,11a4200d0f8576ffc90cfffa6fc0f744b5b64ecfb31d3cdb0fe01cff8acd6526,a7fdb0e3521072fcd2014ee5bcb60723153274a70ace998b56349d7992ba2ca8
3,2-4-16,2-4-16,1-2-3-4-8-10-15-16-17,3,9,0.685,3,"cnot_0->1,cross_on_target,features_normal,sim_manual",1.0,/Users/iratimush/xqml-thesis/data/qsvm-traindata-3.csv,/Users/iratimush/xqml-thesis/data/qsvm-testdata-3.csv,40x2,1000x2,x0|x1,y,11a4200d0f8576ffc90cfffa6fc0f744b5b64ecfb31d3cdb0fe01cff8acd6526,a7fdb0e3521072fcd2014ee5bcb60723153274a70ace998b56349d7992ba2ca8
3,2-4-16-18,2-4-16-18,1-2-3-4-8-10-15-16-17-18,4,10,0.703,3,"cnot_0->1,cross_on_target,features_normal,sim_manual",1.0,/Users/iratimush/xqml-thesis/data/qsvm-traindata-3.csv,/Users/iratimush/xqml-thesis/data/qsvm-testdata-3.csv,40x2,1000x2,x0|x1,y,11a4200d0f8576ffc90cfffa6fc0f744b5b64ecfb31d3cdb0fe01cff8acd6526,a7fdb0e3521072fcd2014ee5bcb60723153274a70ace998b56349d7992ba2ca8
3,2-4-18,2-4-18,1-2-3-4-8-10-15-17-18,3,9,0.567,3,"cnot_0->1,cross_on_target,features_normal,sim_manual",1.0,/Users/iratimush/xqml-thesis/data/qsvm-traindata-3.csv,/Users/iratimush/xqml-thesis/data/qsvm-testdata-3.csv,40x2,1000x2,x0|x1,y,11a4200d0f8576ffc90cfffa6fc0f744b5b64ecfb31d3cdb0fe01cff8acd6526,a7fdb0e3521072fcd2014ee5bcb60723153274a70ace998b56349d7992ba2ca8
3,2-5-6-7-9-11-12-13-14-16-18-19-20-21,2-5-6-7-9-11-12-13-14-16-18-19-20-21,1-2-3-5-6-7-8-9-10-11-12-13-14-15-16-17-18-19-20-21,14,20,0.618,3,"cnot_0->1,cross_on_target,features_normal,sim_manual",1.0,/Users/iratimush/xqml-thesis/data/qsvm-traindata-3.csv,/Users/iratimush/xqml-thesis/data/qsvm-testdata-3.csv,40x2,1000x2,x0|x1,y,11a4200d0f8576ffc90cfffa6fc0f744b5b64ecfb31d3cdb0fe01cff8acd6526,a7fdb0e3521072fcd2014ee5bcb60723153274a70ace998b56349d7992ba2ca8
3,2-5-6-7-9-11-12-13-14-16-19-20-21,2-5-6-7-9-11-12-13-14-16-19-20-21,1-2-3-5-6-7-8-9-10-11-12-13-14-15-16-17-19-20-21,13,19,0.682,3,"cnot_0->1,cross_on_target,features_normal,sim_manual",1.0,/Users/iratimush/xqml-thesis/data/qsvm-traindata-3.csv,/Users/iratimush/xqml-thesis/data/qsvm-testdata-3.csv,40x2,1000x2,x0|x1,y,11a4200d0f8576ffc90cfffa6fc0f744b5b64ecfb31d3cdb0fe01cff8acd6526,a7fdb0e3521072fcd2014ee5bcb60723153274a70ace998b56349d7992ba2ca8
3,2-5-6-7-9-11-12-13-14-18-19-20-21,2-5-6-7-9-11-12-13-14-18-19-20-21,1-2-3-5-6-7-8-9-10-11-12-13-14-15-17-18-19-20-21,13,19,0.649,3,"cnot_0->1,cross_on_target,features_normal,sim_manual",1.0,/Users/iratimush/xqml-thesis/data/qsvm-traindata-3.csv,/Users/iratimush/xqml-thesis/data/qsvm-testdata-3.csv,40x2,1000x2,x0|x1,y,11a4200d0f8576ffc90cfffa6fc0f744b5b64ecfb31d3cdb0fe01cff8acd6526,a7fdb0e3521072fcd2014ee5bcb60723153274a70ace998b56349d7992ba2ca8
3,2-5-6-7-9-11-12-13-14-19-20-21,2-5-6-7-9-11-12-13-14-19-20-21,1-2-3-5-6-7-8-9-10-11-12-13-14-15-17-19-20-21,12,18,0.617,3,"cnot_0->1,cross_on_target,features_normal,sim_manual",1.0,/Users/iratimush/xqml-thesis/data/qsvm-traindata-3.csv,/Users/iratimush/xqml-thesis/data/qsvm-testdata-3.csv,40x2,1000x2,x0|x1,y,11a4200d0f8576ffc90cfffa6fc0f744b5b64ecfb31d3cdb0fe01cff8acd6526,a7fdb0e3521072fcd2014ee5bcb60723153274a70ace998b56349d7992ba2ca8
3,2-5-6-7-9-12-13-14-16-18-19-20-21,2-5-6-7-9-12-13-14-16-18-19-20-21,1-2-3-5-6-7-8-9-10-12-13-14-15-16-17-18-19-20-21,13,19,0.739,3,"cnot_0->1,cross_on_target,features_normal,sim_manual",1.0,/Users/iratimush/xqml-thesis/data/qsvm-traindata-3.csv,/Users/iratimush/xqml-thesis/data/qsvm-testdata-3.csv,40x2,1000x2,x0|x1,y,11a4200d0f8576ffc90cfffa6fc0f744b5b64ecfb31d3cdb0fe01cff8acd6526,a7fdb0e3521072fcd2014ee5bcb60723153274a70ace998b56349d7992ba2ca8
3,2-5-6-7-9-12-13-14-16-19-20-21,2-5-6-7-9-12-13-14-16-19-20-21,1-2-3-5-6-7-8-9-10-12-13-14-15-16-17-19-20-21,12,18,0.621,3,"cnot_0->1,cross_on_target,features_normal,sim_manual",1.0,/Users/iratimush/xqml-thesis/data/qsvm-traindata-3.csv,/Users/iratimush/xqml-thesis/data/qsvm-testdata-3.csv,40x2,1000x2,x0|x1,y,11a4200d0f8576ffc90cfffa6fc0f744b5b64ecfb31d3cdb0fe01cff8acd6526,a7fdb0e3521072fcd2014ee5bcb60723153274a70ace998b56349d7992ba2ca8
3,2-5-6-7-9-12-13-14-18-19-20-21,2-5-6-7-9-12-13-14-18-19-20-21,1-2-3-5-6-7-8-9-10-12-13-14-15-17-18-19-20-21,12,18,0.721,3,"cnot_0->1,cross_on_target,features_normal,sim_manual",1.0,/Users/iratimush/xqml-thesis/data/qsvm-traindata-3.csv,/Users/iratimush/xqml-thesis/data/qsvm-testdata-3.csv,40x2,1000x2,x0|x1,y,11a4200d0f8576ffc90cfffa6fc0f744b5b64ecfb31d3cdb0fe01cff8acd6526,a7fdb0e3521072fcd2014ee5bcb60723153274a70ace998b56349d7992ba2ca8
3,2-5-6-7-9-12-13-14-19-20-21,2-5-6-7-9-12-13-14-19-20-21,1-2-3-5-6-7-8-9-10-12-13-14-15-17-19-20-21,11,17,0.549,3,"cnot_0->1,cross_on_target,features_normal,sim_manual",1.0,/Users/iratimush/xqml-thesis/data/qsvm-traindata-3.csv,/Users/iratimush/xqml-thesis/data/qsvm-testdata-3.csv,40x2,1000x2,x0|x1,y,11a4200d0f8576ffc90cfffa6fc0f744b5b64ecfb31d3cdb0fe01cff8acd6526,a7fdb0e3521072fcd2014ee5bcb60723153274a70ace998b56349d7992ba2ca8
3,2-5-6-7-11-12-13-14-16-18-19-20-21,2-5-6-7-11-12-13-14-16-18-19-20-21,1-2-3-5-6-7-8-10-11-12-13-14-15-16-17-18-19-20-21,13,19,0.675,3,"cnot_0->1,cross_on_target,features_normal,sim_manual",1.0,/Users/iratimush/xqml-thesis/data/qsvm-traindata-3.csv,/Users/iratimush/xqml-thesis/data/qsvm-testdata-3.csv,40x2,1000x2,x0|x1,y,11a4200d0f8576ffc90cfffa6fc0f744b5b64ecfb31d3cdb0fe01cff8acd6526,a7fdb0e3521072fcd2014ee5bcb60723153274a70ace998b56349d7992ba2ca8
3,2-5-6-7-11-12-13-14-16-19-20-21,2-5-6-7-11-12-13-14-16-19-20-21,1-2-3-5-6-7-8-10-11-12-13-14-15-16-17-19-20-21,12,18,0.631,3,"cnot_0->1,cross_on_target,features_normal,sim_manual",1.0,/Users/iratimush/xqml-thesis/data/qsvm-traindata-3.csv,/Users/iratimush/xqml-thesis/data/qsvm-testdata-3.csv,40x2,1000x2,x0|x1,y,11a4200d0f8576ffc90cfffa6fc0f744b5b64ecfb31d3cdb0fe01cff8acd6526,a7fdb0e3521072fcd2014ee5bcb60723153274a70ace998b56349d7992ba2ca8
3,2-5-6-7-11-12-13-14-18-19-20-21,2-5-6-7-11-12-13-14-18-19-20-21,1-2-3-5-6-7-8-10-11-12-13-14-15-17-18-19-20-21,12,18,0.664,3,"cnot_0->1,cross_on_target,features_normal,sim_manual",1.0,/Users/iratimush/xqml-thesis/data/qsvm-traindata-3.csv,/Users/iratimush/xqml-thesis/data/qsvm-testdata-3.csv,40x2,1000x2,x0|x1,y,11a4200d0f8576ffc90cfffa6fc0f744b5b64ecfb31d3cdb0fe01cff8acd6526,a7fdb0e3521072fcd2014ee5bcb60723153274a70ace998b56349d7992ba2ca8
3,2-5-6-7-11-12-13-14-19-20-21,2-5-6-7-11-12-13-14-19-20-21,1-2-3-5-6-7-8-10-11-12-13-14-15-17-19-20-21,11,17,0.57,3,"cnot_0->1,cross_on_target,features_normal,sim_manual",1.0,/Users/iratimush/xqml-thesis/data/qsvm-traindata-3.csv,/Users/iratimush/xqml-thesis/data/qsvm-testdata-3.csv,40x2,1000x2,x0|x1,y,11a4200d0f8576ffc90cfffa6fc0f744b5b64ecfb31d3cdb0fe01cff8acd6526,a7fdb0e3521072fcd2014ee5bcb60723153274a70ace998b56349d7992ba2ca8
3,2-5-6-7-12-13-14-16-18-19-20-21,2-5-6-7-12-13-14-16-18-19-20-21,1-2-3-5-6-7-8-10-12-13-14-15-16-17-18-19-20-21,12,18,0.637,3,"cnot_0->1,cross_on_target,features_normal,sim_manual",1.0,/Users/iratimush/xqml-thesis/data/qsvm-traindata-3.csv,/Users/iratimush/xqml-thesis/data/qsvm-testdata-3.csv,40x2,1000x2,x0|x1,y,11a4200d0f8576ffc90cfffa6fc0f744b5b64ecfb31d3cdb0fe01cff8acd6526,a7fdb0e3521072fcd2014ee5bcb60723153274a70ace998b56349d7992ba2ca8
3,2-5-6-7-12-13-14-16-19-20-21,2-5-6-7-12-13-14-16-19-20-21,1-2-3-5-6-7-8-10-12-13-14-15-16-17-19-20-21,11,17,0.62,3,"cnot_0->1,cross_on_target,features_normal,sim_manual",1.0,/Users/iratimush/xqml-thesis/data/qsvm-traindata-3.csv,/Users/iratimush/xqml-thesis/data/qsvm-testdata-3.csv,40x2,1000x2,x0|x1,y,11a4200d0f8576ffc90cfffa6fc0f744b5b64ecfb31d3cdb0fe01cff8acd6526,a7fdb0e3521072fcd2014ee5bcb60723153274a70ace998b56349d7992ba2ca8
3,2-5-6-7-12-13-14-18-19-20-21,2-5-6-7-12-13-14-18-19-20-21,1-2-3-5-6-7-8-10-12-13-14-15-17-18-19-20-21,11,17,0.627,3,"cnot_0->1,cross_on_target,features_normal,sim_manual",1.0,/Users/iratimush/xqml-thesis/data/qsvm-traindata-3.csv,/Users/iratimush/xqml-thesis/data/qsvm-testdata-3.csv,40x2,1000x2,x0|x1,y,11a4200d0f8576ffc90cfffa6fc0f744b5b64ecfb31d3cdb0fe01cff8acd6526,a7fdb0e3521072fcd2014ee5bcb60723153274a70ace998b56349d7992ba2ca8
3,2-5-6-7-12-13-14-19-20-21,2-5-6-7-12-13-14-19-20-21,1-2-3-5-6-7-8-10-12-13-14-15-17-19-20-21,10,16,0.556,3,"cnot_0->1,cross_on_target,features_normal,sim_manual",1.0,/Users/iratimush/xqml-thesis/data/qsvm-traindata-3.csv,/Users/iratimush/xqml-thesis/data/qsvm-testdata-3.csv,40x2,1000x2,x0|x1,y,11a4200d0f8576ffc90cfffa6fc0f744b5b64ecfb31d3cdb0fe01cff8acd6526,a7fdb0e3521072fcd2014ee5bcb60723153274a70ace998b56349d7992ba2ca8
3,2-5-7-9-11-12-14-16-18-19-21,2-5-7-9-11-12-14-16-18-19-21,1-2-3-5-7-8-9-10-11-12-14-15-16-17-18-19-21,11,17,0.662,3,"cnot_0->1,cross_on_target,features_normal,sim_manual",1.0,/Users/iratimush/xqml-thesis/data/qsvm-traindata-3.csv,/Users/iratimush/xqml-thesis/data/qsvm-testdata-3.csv,40x2,1000x2,x0|x1,y,11a4200d0f8576ffc90cfffa6fc0f744b5b64ecfb31d3cdb0fe01cff8acd6526,a7fdb0e3521072fcd2014ee5bcb60723153274a70ace998b56349d7992ba2ca8
3,2-5-7-9-11-12-14-16-19-21,2-5-7-9-11-12-14-16-19-21,1-2-3-5-7-8-9-10-11-12-14-15-16-17-19-21,10,16,0.691,3,"cnot_0->1,cross_on_target,features_normal,sim_manual",1.0,/Users/iratimush/xqml-thesis/data/qsvm-traindata-3.csv,/Users/iratimush/xqml-thesis/data/qsvm-testdata-3.csv,40x2,1000x2,x0|x1,y,11a4200d0f8576ffc90cfffa6fc0f744b5b64ecfb31d3cdb0fe01cff8acd6526,a7fdb0e3521072fcd2014ee5bcb60723153274a70ace998b56349d7992ba2ca8
3,2-5-7-9-11-12-14-18-19-21,2-5-7-9-11-12-14-18-19-21,1-2-3-5-7-8-9-10-11-12-14-15-17-18-19-21,10,16,0.706,3,"cnot_0->1,cross_on_target,features_normal,sim_manual",1.0,/Users/iratimush/xqml-thesis/data/qsvm-traindata-3.csv,/Users/iratimush/xqml-thesis/data/qsvm-testdata-3.csv,40x2,1000x2,x0|x1,y,11a4200d0f8576ffc90cfffa6fc0f744b5b64ecfb31d3cdb0fe01cff8acd6526,a7fdb0e3521072fcd2014ee5bcb60723153274a70ace998b56349d7992ba2ca8
3,2-5-7-9-11-12-14-19-21,2-5-7-9-11-12-14-19-21,1-2-3-5-7-8-9-10-11-12-14-15-17-19-21,9,15,0.704,3,"cnot_0->1,cross_on_target,features_normal,sim_manual",1.0,/Users/iratimush/xqml-thesis/data/qsvm-traindata-3.csv,/Users/iratimush/xqml-thesis/data/qsvm-testdata-3.csv,40x2,1000x2,x0|x1,y,11a4200d0f8576ffc90cfffa6fc0f744b5b64ecfb31d3cdb0fe01cff8acd6526,a7fdb0e3521072fcd2014ee5bcb60723153274a70ace998b56349d7992ba2ca8
3,2-5-7-9-12-14-16-18-19-21,2-5-7-9-12-14-16-18-19-21,1-2-3-5-7-8-9-10-12-14-15-16-17-18-19-21,10,16,0.662,3,"cnot_0->1,cross_on_target,features_normal,sim_manual",1.0,/Users/iratimush/xqml-thesis/data/qsvm-traindata-3.csv,/Users/iratimush/xqml-thesis/data/qsvm-testdata-3.csv,40x2,1000x2,x0|x1,y,11a4200d0f8576ffc90cfffa6fc0f744b5b64ecfb31d3cdb0fe01cff8acd6526,a7fdb0e3521072fcd2014ee5bcb60723153274a70ace998b56349d7992ba2ca8
3,2-5-7-9-12-14-16-19-21,2-5-7-9-12-14-16-19-21,1-2-3-5-7-8-9-10-12-14-15-16-17-19-21,9,15,0.691,3,"cnot_0->1,cross_on_target,features_normal,sim_manual",1.0,/Users/iratimush/xqml-thesis/data/qsvm-traindata-3.csv,/Users/iratimush/xqml-thesis/data/qsvm-testdata-3.csv,40x2,1000x2,x0|x1,y,11a4200d0f8576ffc90cfffa6fc0f744b5b64ecfb31d3cdb0fe01cff8acd6526,a7fdb0e3521072fcd2014ee5bcb60723153274a70ace998b56349d7992ba2ca8
3,2-5-7-9-12-14-18-19-21,2-5-7-9-12-14-18-19-21,1-2-3-5-7-8-9-10-12-14-15-17-18-19-21,9,15,0.706,3,"cnot_0->1,cross_on_target,features_normal,sim_manual",1.0,/Users/iratimush/xqml-thesis/data/qsvm-traindata-3.csv,/Users/iratimush/xqml-thesis/data/qsvm-testdata-3.csv,40x2,1000x2,x0|x1,y,11a4200d0f8576ffc90cfffa6fc0f744b5b64ecfb31d3cdb0fe01cff8acd6526,a7fdb0e3521072fcd2014ee5bcb60723153274a70ace998b56349d7992ba2ca8
3,2-5-7-9-12-14-19-21,2-5-7-9-12-14-19-21,1-2-3-5-7-8-9-10-12-14-15-17-19-21,8,14,0.704,3,"cnot_0->1,cross_on_target,features_normal,sim_manual",1.0,/Users/iratimush/xqml-thesis/data/qsvm-traindata-3.csv,/Users/iratimush/xqml-thesis/data/qsvm-testdata-3.csv,40x2,1000x2,x0|x1,y,11a4200d0f8576ffc90cfffa6fc0f744b5b64ecfb31d3cdb0fe01cff8acd6526,a7fdb0e3521072fcd2014ee5bcb60723153274a70ace998b56349d7992ba2ca8
3,2-5-7-11-12-14-16-18-19-21,2-5-7-11-12-14-16-18-19-21,1-2-3-5-7-8-10-11-12-14-15-16-17-18-19-21,10,16,0.685,3,"cnot_0->1,cross_on_target,features_normal,sim_manual",1.0,/Users/iratimush/xqml-thesis/data/qsvm-traindata-3.csv,/Users/iratimush/xqml-thesis/data/qsvm-testdata-3.csv,40x2,1000x2,x0|x1,y,11a4200d0f8576ffc90cfffa6fc0f744b5b64ecfb31d3cdb0fe01cff8acd6526,a7fdb0e3521072fcd2014ee5bcb60723153274a70ace998b56349d7992ba2ca8
3,2-5-7-11-12-14-16-19-21,2-5-7-11-12-14-16-19-21,1-2-3-5-7-8-10-11-12-14-15-16-17-19-21,9,15,0.725,3,"cnot_0->1,cross_on_target,features_normal,sim_manual",1.0,/Users/iratimush/xqml-thesis/data/qsvm-traindata-3.csv,/Users/iratimush/xqml-thesis/data/qsvm-testdata-3.csv,40x2,1000x2,x0|x1,y,11a4200d0f8576ffc90cfffa6fc0f744b5b64ecfb31d3cdb0fe01cff8acd6526,a7fdb0e3521072fcd2014ee5bcb60723153274a70ace998b56349d7992ba2ca8
3,2-5-7-11-12-14-18-19-21,2-5-7-11-12-14-18-19-21,1-2-3-5-7-8-10-11-12-14-15-17-18-19-21,9,15,0.654,3,"cnot_0->1,cross_on_target,features_normal,sim_manual",1.0,/Users/iratimush/xqml-thesis/data/qsvm-traindata-3.csv,/Users/iratimush/xqml-thesis/data/qsvm-testdata-3.csv,40x2,1000x2,x0|x1,y,11a4200d0f8576ffc90cfffa6fc0f744b5b64ecfb31d3cdb0fe01cff8acd6526,a7fdb0e3521072fcd2014ee5bcb60723153274a70ace998b56349d7992ba2ca8
3,2-5-7-11-12-14-19-21,2-5-7-11-12-14-19-21,1-2-3-5-7-8-10-11-12-14-15-17-19-21,8,14,0.514,3,"cnot_0->1,cross_on_target,features_normal,sim_manual",1.0,/Users/iratimush/xqml-thesis/data/qsvm-traindata-3.csv,/Users/iratimush/xqml-thesis/data/qsvm-testdata-3.csv,40x2,1000x2,x0|x1,y,11a4200d0f8576ffc90cfffa6fc0f744b5b64ecfb31d3cdb0fe01cff8acd6526,a7fdb0e3521072fcd2014ee5bcb60723153274a70ace998b56349d7992ba2ca8
3,2-5-7-12-14-16-18-19-21,2-5-7-12-14-16-18-19-21,1-2-3-5-7-8-10-12-14-15-16-17-18-19-21,9,15,0.685,3,"cnot_0->1,cross_on_target,features_normal,sim_manual",1.0,/Users/iratimush/xqml-thesis/data/qsvm-traindata-3.csv,/Users/iratimush/xqml-thesis/data/qsvm-testdata-3.csv,40x2,1000x2,x0|x1,y,11a4200d0f8576ffc90cfffa6fc0f744b5b64ecfb31d3cdb0fe01cff8acd6526,a7fdb0e3521072fcd2014ee5bcb60723153274a70ace998b56349d7992ba2ca8
3,2-5-7-12-14-16-19-21,2-5-7-12-14-16-19-21,1-2-3-5-7-8-10-12-14-15-16-17-19-21,8,14,0.725,3,"cnot_0->1,cross_on_target,features_normal,sim_manual",1.0,/Users/iratimush/xqml-thesis/data/qsvm-traindata-3.csv,/Users/iratimush/xqml-thesis/data/qsvm-testdata-3.csv,40x2,1000x2,x0|x1,y,11a4200d0f8576ffc90cfffa6fc0f744b5b64ecfb31d3cdb0fe01cff8acd6526,a7fdb0e3521072fcd2014ee5bcb60723153274a70ace998b56349d7992ba2ca8
3,2-5-7-12-14-18-19-21,2-5-7-12-14-18-19-21,1-2-3-5-7-8-10-12-14-15-17-18-19-21,8,14,0.654,3,"cnot_0->1,cross_on_target,features_normal,sim_manual",1.0,/Users/iratimush/xqml-thesis/data/qsvm-traindata-3.csv,/Users/iratimush/xqml-thesis/data/qsvm-testdata-3.csv,40x2,1000x2,x0|x1,y,11a4200d0f8576ffc90cfffa6fc0f744b5b64ecfb31d3cdb0fe01cff8acd6526,a7fdb0e3521072fcd2014ee5bcb60723153274a70ace998b56349d7992ba2ca8
3,2-5-7-12-14-19-21,2-5-7-12-14-19-21,1-2-3-5-7-8-10-12-14-15-17-19-21,7,13,0.514,3,"cnot_0->1,cross_on_target,features_normal,sim_manual",1.0,/Users/iratimush/xqml-thesis/data/qsvm-traindata-3.csv,/Users/iratimush/xqml-thesis/data/qsvm-testdata-3.csv,40x2,1000x2,x0|x1,y,11a4200d0f8576ffc90cfffa6fc0f744b5b64ecfb31d3cdb0fe01cff8acd6526,a7fdb0e3521072fcd2014ee5bcb60723153274a70ace998b56349d7992ba2ca8
3,2-6-9-11-13-16-18-20,2-6-9-11-13-16-18-20,1-2-3-6-8-9-10-11-13-15-16-17-18-20,8,14,0.561,3,"cnot_0->1,cross_on_target,features_normal,sim_manual",1.0,/Users/iratimush/xqml-thesis/data/qsvm-traindata-3.csv,/Users/iratimush/xqml-thesis/data/qsvm-testdata-3.csv,40x2,1000x2,x0|x1,y,11a4200d0f8576ffc90cfffa6fc0f744b5b64ecfb31d3cdb0fe01cff8acd6526,a7fdb0e3521072fcd2014ee5bcb60723153274a70ace998b56349d7992ba2ca8
3,2-6-9-11-13-16-20,2-6-9-11-13-16-20,1-2-3-6-8-9-10-11-13-15-16-17-20,7,13,0.673,3,"cnot_0->1,cross_on_target,features_normal,sim_manual",1.0,/Users/iratimush/xqml-thesis/data/qsvm-traindata-3.csv,/Users/iratimush/xqml-thesis/data/qsvm-testdata-3.csv,40x2,1000x2,x0|x1,y,11a4200d0f8576ffc90cfffa6fc0f744b5b64ecfb31d3cdb0fe01cff8acd6526,a7fdb0e3521072fcd2014ee5bcb60723153274a70ace998b56349d7992ba2ca8
3,2-6-9-11-13-18-20,2-6-9-11-13-18-20,1-2-3-6-8-9-10-11-13-15-17-18-20,7,13,0.666,3,"cnot_0->1,cross_on_target,features_normal,sim_manual",1.0,/Users/iratimush/xqml-thesis/data/qsvm-traindata-3.csv,/Users/iratimush/xqml-thesis/data/qsvm-testdata-3.csv,40x2,1000x2,x0|x1,y,11a4200d0f8576ffc90cfffa6fc0f744b5b64ecfb31d3cdb0fe01cff8acd6526,a7fdb0e3521072fcd2014ee5bcb60723153274a70ace998b56349d7992ba2ca8
3,2-6-9-11-13-20,2-6-9-11-13-20,1-2-3-6-8-9-10-11-13-15-17-20,6,12,0.759,3,"cnot_0->1,cross_on_target,features_normal,sim_manual",1.0,/Users/iratimush/xqml-thesis/data/qsvm-traindata-3.csv,/Users/iratimush/xqml-thesis/data/qsvm-testdata-3.csv,40x2,1000x2,x0|x1,y,11a4200d0f8576ffc90cfffa6fc0f744b5b64ecfb31d3cdb0fe01cff8acd6526,a7fdb0e3521072fcd2014ee5bcb60723153274a70ace998b56349d7992ba2ca8
3,2-6-9-13-16-18-20,2-6-9-13-16-18-20,1-2-3-6-8-9-10-13-15-16-17-18-20,7,13,0.625,3,"cnot_0->1,cross_on_target,features_normal,sim_manual",1.0,/Users/iratimush/xqml-thesis/data/qsvm-traindata-3.csv,/Users/iratimush/xqml-thesis/data/qsvm-testdata-3.csv,40x2,1000x2,x0|x1,y,11a4200d0f8576ffc90cfffa6fc0f744b5b64ecfb31d3cdb0fe01cff8acd6526,a7fdb0e3521072fcd2014ee5bcb60723153274a70ace998b56349d7992ba2ca8
3,2-6-9-13-16-20,2-6-9-13-16-20,1-2-3-6-8-9-10-13-15-16-17-20,6,12,0.671,3,"cnot_0->1,cross_on_target,features_normal,sim_manual",1.0,/Users/iratimush/xqml-thesis/data/qsvm-traindata-3.csv,/Users/iratimush/xqml-thesis/data/qsvm-testdata-3.csv,40x2,1000x2,x0|x1,y,11a4200d0f8576ffc90cfffa6fc0f744b5b64ecfb31d3cdb0fe01cff8acd6526,a7fdb0e3521072fcd2014ee5bcb60723153274a70ace998b56349d7992ba2ca8
3,2-6-9-13-18-20,2-6-9-13-18-20,1-2-3-6-8-9-10-13-15-17-18-20,6,12,0.648,3,"cnot_0->1,cross_on_target,features_normal,sim_manual",1.0,/Users/iratimush/xqml-thesis/data/qsvm-traindata-3.csv,/Users/iratimush/xqml-thesis/data/qsvm-testdata-3.csv,40x2,1000x2,x0|x1,y,11a4200d0f8576ffc90cfffa6fc0f744b5b64ecfb31d3cdb0fe01cff8acd6526,a7fdb0e3521072fcd2014ee5bcb60723153274a70ace998b56349d7992ba2ca8
3,2-6-9-13-20,2-6-9-13-20,1-2-3-6-8-9-10-13-15-17-20,5,11,0.685,3,"cnot_0->1,cross_on_target,features_normal,sim_manual",1.0,/Users/iratimush/xqml-thesis/data/qsvm-traindata-3.csv,/Users/iratimush/xqml-thesis/data/qsvm-testdata-3.csv,40x2,1000x2,x0|x1,y,11a4200d0f8576ffc90cfffa6fc0f744b5b64ecfb31d3cdb0fe01cff8acd6526,a7fdb0e3521072fcd2014ee5bcb60723153274a70ace998b56349d7992ba2ca8
3,2-6-11-13-16-18-20,2-6-11-13-16-18-20,1-2-3-6-8-10-11-13-15-16-17-18-20,7,13,0.702,3,"cnot_0->1,cross_on_target,features_normal,sim_manual",1.0,/Users/iratimush/xqml-thesis/data/qsvm-traindata-3.csv,/Users/iratimush/xqml-thesis/data/qsvm-testdata-3.csv,40x2,1000x2,x0|x1,y,11a4200d0f8576ffc90cfffa6fc0f744b5b64ecfb31d3cdb0fe01cff8acd6526,a7fdb0e3521072fcd2014ee5bcb60723153274a70ace998b56349d7992ba2ca8
3,2-6-11-13-16-20,2-6-11-13-16-20,1-2-3-6-8-10-11-13-15-16-17-20,6,12,0.713,3,"cnot_0->1,cross_on_target,features_normal,sim_manual",1.0,/Users/iratimush/xqml-thesis/data/qsvm-traindata-3.csv,/Users/iratimush/xqml-thesis/data/qsvm-testdata-3.csv,40x2,1000x2,x0|x1,y,11a4200d0f8576ffc90cfffa6fc0f744b5b64ecfb31d3cdb0fe01cff8acd6526,a7fdb0e3521072fcd2014ee5bcb60723153274a70ace998b56349d7992ba2ca8
3,2-6-11-13-18-20,2-6-11-13-18-20,1-2-3-6-8-10-11-13-15-17-18-20,6,12,0.602,3,"cnot_0->1,cross_on_target,features_normal,sim_manual",1.0,/Users/iratimush/xqml-thesis/data/qsvm-traindata-3.csv,/Users/iratimush/xqml-thesis/data/qsvm-testdata-3.csv,40x2,1000x2,x0|x1,y,11a4200d0f8576ffc90cfffa6fc0f744b5b64ecfb31d3cdb0fe01cff8acd6526,a7fdb0e3521072fcd2014ee5bcb60723153274a70ace998b56349d7992ba2ca8
3,2-6-11-13-20,2-6-11-13-20,1-2-3-6-8-10-11-13-15-17-20,5,11,0.608,3,"cnot_0->1,cross_on_target,features_normal,sim_manual",1.0,/Users/iratimush/xqml-thesis/data/qsvm-traindata-3.csv,/Users/iratimush/xqml-thesis/data/qsvm-testdata-3.csv,40x2,1000x2,x0|x1,y,11a4200d0f8576ffc90cfffa6fc0f744b5b64ecfb31d3cdb0fe01cff8acd6526,a7fdb0e3521072fcd2014ee5bcb60723153274a70ace998b56349d7992ba2ca8
3,2-6-13-16-18-20,2-6-13-16-18-20,1-2-3-6-8-10-13-15-16-17-18-20,6,12,0.715,3,"cnot_0->1,cross_on_target,features_normal,sim_manual",1.0,/Users/iratimush/xqml-thesis/data/qsvm-traindata-3.csv,/Users/iratimush/xqml-thesis/data/qsvm-testdata-3.csv,40x2,1000x2,x0|x1,y,11a4200d0f8576ffc90cfffa6fc0f744b5b64ecfb31d3cdb0fe01cff8acd6526,a7fdb0e3521072fcd2014ee5bcb60723153274a70ace998b56349d7992ba2ca8
3,2-6-13-16-20,2-6-13-16-20,1-2-3-6-8-10-13-15-16-17-20,5,11,0.715,3,"cnot_0->1,cross_on_target,features_normal,sim_manual",1.0,/Users/iratimush/xqml-thesis/data/qsvm-traindata-3.csv,/Users/iratimush/xqml-thesis/data/qsvm-testdata-3.csv,40x2,1000x2,x0|x1,y,11a4200d0f8576ffc90cfffa6fc0f744b5b64ecfb31d3cdb0fe01cff8acd6526,a7fdb0e3521072fcd2014ee5bcb60723153274a70ace998b56349d7992ba2ca8
3,2-6-13-18-20,2-6-13-18-20,1-2-3-6-8-10-13-15-17-18-20,5,11,0.534,3,"cnot_0->1,cross_on_target,features_normal,sim_manual",1.0,/Users/iratimush/xqml-thesis/data/qsvm-traindata-3.csv,/Users/iratimush/xqml-thesis/data/qsvm-testdata-3.csv,40x2,1000x2,x0|x1,y,11a4200d0f8576ffc90cfffa6fc0f744b5b64ecfb31d3cdb0fe01cff8acd6526,a7fdb0e3521072fcd2014ee5bcb60723153274a70ace998b56349d7992ba2ca8
3,2-6-13-20,2-6-13-20,1-2-3-6-8-10-13-15-17-20,4,10,0.541,3,"cnot_0->1,cross_on_target,features_normal,sim_manual",1.0,/Users/iratimush/xqml-thesis/data/qsvm-traindata-3.csv,/Users/iratimush/xqml-thesis/data/qsvm-testdata-3.csv,40x2,1000x2,x0|x1,y,11a4200d0f8576ffc90cfffa6fc0f744b5b64ecfb31d3cdb0fe01cff8acd6526,a7fdb0e3521072fcd2014ee5bcb60723153274a70ace998b56349d7992ba2ca8
3,2-9,2-9,1-2-3-8-9-10-15-17,2,8,0.704,3,"cnot_0->1,cross_on_target,features_normal,sim_manual",1.0,/Users/iratimush/xqml-thesis/data/qsvm-traindata-3.csv,/Users/iratimush/xqml-thesis/data/qsvm-testdata-3.csv,40x2,1000x2,x0|x1,y,11a4200d0f8576ffc90cfffa6fc0f744b5b64ecfb31d3cdb0fe01cff8acd6526,a7fdb0e3521072fcd2014ee5bcb60723153274a70ace998b56349d7992ba2ca8
3,2-9-11,2-9-11,1-2-3-8-9-10-11-15-17,3,9,0.704,3,"cnot_0->1,cross_on_target,features_normal,sim_manual",1.0,/Users/iratimush/xqml-thesis/data/qsvm-traindata-3.csv,/Users/iratimush/xqml-thesis/data/qsvm-testdata-3.csv,40x2,1000x2,x0|x1,y,11a4200d0f8576ffc90cfffa6fc0f744b5b64ecfb31d3cdb0fe01cff8acd6526,a7fdb0e3521072fcd2014ee5bcb60723153274a70ace998b56349d7992ba2ca8
3,2-9-11-16,2-9-11-16,1-2-3-8-9-10-11-15-16-17,4,10,0.691,3,"cnot_0->1,cross_on_target,features_normal,sim_manual",1.0,/Users/iratimush/xqml-thesis/data/qsvm-traindata-3.csv,/Users/iratimush/xqml-thesis/data/qsvm-testdata-3.csv,40x2,1000x2,x0|x1,y,11a4200d0f8576ffc90cfffa6fc0f744b5b64ecfb31d3cdb0fe01cff8acd6526,a7fdb0e3521072fcd2014ee5bcb60723153274a70ace998b56349d7992ba2ca8
3,2-9-11-16-18,2-9-11-16-18,1-2-3-8-9-10-11-15-16-17-18,5,11,0.662,3,"cnot_0->1,cross_on_target,features_normal,sim_manual",1.0,/Users/iratimush/xqml-thesis/data/qsvm-traindata-3.csv,/Users/iratimush/xqml-thesis/data/qsvm-testdata-3.csv,40x2,1000x2,x0|x1,y,11a4200d0f8576ffc90cfffa6fc0f744b5b64ecfb31d3cdb0fe01cff8acd6526,a7fdb0e3521072fcd2014ee5bcb60723153274a70ace998b56349d7992ba2ca8
3,2-9-11-18,2-9-11-18,1-2-3-8-9-10-11-15-17-18,4,10,0.706,3,"cnot_0->1,cross_on_target,features_normal,sim_manual",1.0,/Users/iratimush/xqml-thesis/data/qsvm-traindata-3.csv,/Users/iratimush/xqml-thesis/data/qsvm-testdata-3.csv,40x2,1000x2,x0|x1,y,11a4200d0f8576ffc90cfffa6fc0f744b5b64ecfb31d3cdb0fe01cff8acd6526,a7fdb0e3521072fcd2014ee5bcb60723153274a70ace998b56349d7992ba2ca8
3,2-9-16,2-9-16,1-2-3-8-9-10-15-16-17,3,9,0.691,3,"cnot_0->1,cross_on_target,features_normal,sim_manual",1.0,/Users/iratimush/xqml-thesis/data/qsvm-traindata-3.csv,/Users/iratimush/xqml-thesis/data/qsvm-testdata-3.csv,40x2,1000x2,x0|x1,y,11a4200d0f8576ffc90cfffa6fc0f744b5b64ecfb31d3cdb0fe01cff8acd6526,a7fdb0e3521072fcd2014ee5bcb60723153274a70ace998b56349d7992ba2ca8
3,2-9-16-18,2-9-16-18,1-2-3-8-9-10-15-16-17-18,4,10,0.662,3,"cnot_0->1,cross_on_target,features_normal,sim_manual",1.0,/Users/iratimush/xqml-thesis/data/qsvm-traindata-3.csv,/Users/iratimush/xqml-thesis/data/qsvm-testdata-3.csv,40x2,1000x2,x0|x1,y,11a4200d0f8576ffc90cfffa6fc0f744b5b64ecfb31d3cdb0fe01cff8acd6526,a7fdb0e3521072fcd2014ee5bcb60723153274a70ace998b56349d7992ba2ca8
3,2-9-18,2-9-18,1-2-3-8-9-10-15-17-18,3,9,0.706,3,"cnot_0->1,cross_on_target,features_normal,sim_manual",1.0,/Users/iratimush/xqml-thesis/data/qsvm-traindata-3.csv,/Users/iratimush/xqml-thesis/data/qsvm-testdata-3.csv,40x2,1000x2,x0|x1,y,11a4200d0f8576ffc90cfffa6fc0f744b5b64ecfb31d3cdb0fe01cff8acd6526,a7fdb0e3521072fcd2014ee5bcb60723153274a70ace998b56349d7992ba2ca8
3,2-11,2-11,1-2-3-8-10-11-15-17,2,8,0.514,3,"cnot_0->1,cross_on_target,features_normal,sim_manual",1.0,/Users/iratimush/xqml-thesis/data/qsvm-traindata-3.csv,/Users/iratimush/xqml-thesis/data/qsvm-testdata-3.csv,40x2,1000x2,x0|x1,y,11a4200d0f8576ffc90cfffa6fc0f744b5b64ecfb31d3cdb0fe01cff8acd6526,a7fdb0e3521072fcd2014ee5bcb60723153274a70ace998b56349d7992ba2ca8
3,2-11-16,2-11-16,1-2-3-8-10-11-15-16-17,3,9,0.725,3,"cnot_0->1,cross_on_target,features_normal,sim_manual",1.0,/Users/iratimush/xqml-thesis/data/qsvm-traindata-3.csv,/Users/iratimush/xqml-thesis/data/qsvm-testdata-3.csv,40x2,1000x2,x0|x1,y,11a4200d0f8576ffc90cfffa6fc0f744b5b64ecfb31d3cdb0fe01cff8acd6526,a7fdb0e3521072fcd2014ee5bcb60723153274a70ace998b56349d7992ba2ca8
3,2-11-16-18,2-11-16-18,1-2-3-8-10-11-15-16-17-18,4,10,0.685,3,"cnot_0->1,cross_on_target,features_normal,sim_manual",1.0,/Users/iratimush/xqml-thesis/data/qsvm-traindata-3.csv,/Users/iratimush/xqml-thesis/data/qsvm-testdata-3.csv,40x2,1000x2,x0|x1,y,11a4200d0f8576ffc90cfffa6fc0f744b5b64ecfb31d3cdb0fe01cff8acd6526,a7fdb0e3521072fcd2014ee5bcb60723153274a70ace998b56349d7992ba2ca8
3,2-11-18,2-11-18,1-2-3-8-10-11-15-17-18,3,9,0.654,3,"cnot_0->1,cross_on_target,features_normal,sim_manual",1.0,/Users/iratimush/xqml-thesis/data/qsvm-traindata-3.csv,/Users/iratimush/xqml-thesis/data/qsvm-testdata-3.csv,40x2,1000x2,x0|x1,y,11a4200d0f8576ffc90cfffa6fc0f744b5b64ecfb31d3cdb0fe01cff8acd6526,a7fdb0e3521072fcd2014ee5bcb60723153274a70ace998b56349d7992ba2ca8
3,2-16,2-16,1-2-3-8-10-15-16-17,2,8,0.725,3,"cnot_0->1,cross_on_target,features_normal,sim_manual",1.0,/Users/iratimush/xqml-thesis/data/qsvm-traindata-3.csv,/Users/iratimush/xqml-thesis/data/qsvm-testdata-3.csv,40x2,1000x2,x0|x1,y,11a4200d0f8576ffc90cfffa6fc0f744b5b64ecfb31d3cdb0fe01cff8acd6526,a7fdb0e3521072fcd2014ee5bcb60723153274a70ace998b56349d7992ba2ca8
3,2-16-18,2-16-18,1-2-3-8-10-15-16-17-18,3,9,0.685,3,"cnot_0->1,cross_on_target,features_normal,sim_manual",1.0,/Users/iratimush/xqml-thesis/data/qsvm-traindata-3.csv,/Users/iratimush/xqml-thesis/data/qsvm-testdata-3.csv,40x2,1000x2,x0|x1,y,11a4200d0f8576ffc90cfffa6fc0f744b5b64ecfb31d3cdb0fe01cff8acd6526,a7fdb0e3521072fcd2014ee5bcb60723153274a70ace998b56349d7992ba2ca8
3,2-18,2-18,1-2-3-8-10-15-17-18,2,8,0.654,3,"cnot_0->1,cross_on_target,features_normal,sim_manual",1.0,/Users/iratimush/xqml-thesis/data/qsvm-traindata-3.csv,/Users/iratimush/xqml-thesis/data/qsvm-testdata-3.csv,40x2,1000x2,x0|x1,y,11a4200d0f8576ffc90cfffa6fc0f744b5b64ecfb31d3cdb0fe01cff8acd6526,a7fdb0e3521072fcd2014ee5bcb60723153274a70ace998b56349d7992ba2ca8
3,4,4,1-3-4-8-10-15-17,1,7,0.495,3,"cnot_0->1,cross_on_target,features_normal,sim_manual",1.0,/Users/iratimush/xqml-thesis/data/qsvm-traindata-3.csv,/Users/iratimush/xqml-thesis/data/qsvm-testdata-3.csv,40x2,1000x2,x0|x1,y,11a4200d0f8576ffc90cfffa6fc0f744b5b64ecfb31d3cdb0fe01cff8acd6526,a7fdb0e3521072fcd2014ee5bcb60723153274a70ace998b56349d7992ba2ca8
3,4-5-6-7-9-11-12-13-14-16-18-19-20-21,4-5-6-7-9-11-12-13-14-16-18-19-20-21,1-3-4-5-6-7-8-9-10-11-12-13-14-15-16-17-18-19-20-21,14,20,0.498,3,"cnot_0->1,cross_on_target,features_normal,sim_manual",1.0,/Users/iratimush/xqml-thesis/data/qsvm-traindata-3.csv,/Users/iratimush/xqml-thesis/data/qsvm-testdata-3.csv,40x2,1000x2,x0|x1,y,11a4200d0f8576ffc90cfffa6fc0f744b5b64ecfb31d3cdb0fe01cff8acd6526,a7fdb0e3521072fcd2014ee5bcb60723153274a70ace998b56349d7992ba2ca8
3,4-5-6-7-9-11-12-13-14-16-19-20-21,4-5-6-7-9-11-12-13-14-16-19-20-21,1-3-4-5-6-7-8-9-10-11-12-13-14-15-16-17-19-20-21,13,19,0.548,3,"cnot_0->1,cross_on_target,features_normal,sim_manual",1.0,/Users/iratimush/xqml-thesis/data/qsvm-traindata-3.csv,/Users/iratimush/xqml-thesis/data/qsvm-testdata-3.csv,40x2,1000x2,x0|x1,y,11a4200d0f8576ffc90cfffa6fc0f744b5b64ecfb31d3cdb0fe01cff8acd6526,a7fdb0e3521072fcd2014ee5bcb60723153274a70ace998b56349d7992ba2ca8
3,4-5-6-7-9-11-12-13-14-18-19-20-21,4-5-6-7-9-11-12-13-14-18-19-20-21,1-3-4-5-6-7-8-9-10-11-12-13-14-15-17-18-19-20-21,13,19,0.579,3,"cnot_0->1,cross_on_target,features_normal,sim_manual",1.0,/Users/iratimush/xqml-thesis/data/qsvm-traindata-3.csv,/Users/iratimush/xqml-thesis/data/qsvm-testdata-3.csv,40x2,1000x2,x0|x1,y,11a4200d0f8576ffc90cfffa6fc0f744b5b64ecfb31d3cdb0fe01cff8acd6526,a7fdb0e3521072fcd2014ee5bcb60723153274a70ace998b56349d7992ba2ca8
3,4-5-6-7-9-11-12-13-14-19-20-21,4-5-6-7-9-11-12-13-14-19-20-21,1-3-4-5-6-7-8-9-10-11-12-13-14-15-17-19-20-21,12,18,0.59,3,"cnot_0->1,cross_on_target,features_normal,sim_manual",1.0,/Users/iratimush/xqml-thesis/data/qsvm-traindata-3.csv,/Users/iratimush/xqml-thesis/data/qsvm-testdata-3.csv,40x2,1000x2,x0|x1,y,11a4200d0f8576ffc90cfffa6fc0f744b5b64ecfb31d3cdb0fe01cff8acd6526,a7fdb0e3521072fcd2014ee5bcb60723153274a70ace998b56349d7992ba2ca8
3,4-5-6-7-9-12-13-14-16-18-19-20-21,4-5-6-7-9-12-13-14-16-18-19-20-21,1-3-4-5-6-7-8-9-10-12-13-14-15-16-17-18-19-20-21,13,19,0.559,3,"cnot_0->1,cross_on_target,features_normal,sim_manual",1.0,/Users/iratimush/xqml-thesis/data/qsvm-traindata-3.csv,/Users/iratimush/xqml-thesis/data/qsvm-testdata-3.csv,40x2,1000x2,x0|x1,y,11a4200d0f8576ffc90cfffa6fc0f744b5b64ecfb31d3cdb0fe01cff8acd6526,a7fdb0e3521072fcd2014ee5bcb60723153274a70ace998b56349d7992ba2ca8
3,4-5-6-7-9-12-13-14-16-19-20-21,4-5-6-7-9-12-13-14-16-19-20-21,1-3-4-5-6-7-8-9-10-12-13-14-15-16-17-19-20-21,12,18,0.597,3,"cnot_0->1,cross_on_target,features_normal,sim_manual",1.0,/Users/iratimush/xqml-thesis/data/qsvm-traindata-3.csv,/Users/iratimush/xqml-thesis/data/qsvm-testdata-3.csv,40x2,1000x2,x0|x1,y,11a4200d0f8576ffc90cfffa6fc0f744b5b64ecfb31d3cdb0fe01cff8acd6526,a7fdb0e3521072fcd2014ee5bcb60723153274a70ace998b56349d7992ba2ca8
3,4-5-6-7-9-12-13-14-18-19-20-21,4-5-6-7-9-12-13-14-18-19-20-21,1-3-4-5-6-7-8-9-10-12-13-14-15-17-18-19-20-21,12,18,0.546,3,"cnot_0->1,cross_on_target,features_normal,sim_manual",1.0,/Users/iratimush/xqml-thesis/data/qsvm-traindata-3.csv,/Users/iratimush/xqml-thesis/data/qsvm-testdata-3.csv,40x2,1000x2,x0|x1,y,11a4200d0f8576ffc90cfffa6fc0f744b5b64ecfb31d3cdb0fe01cff8acd6526,a7fdb0e3521072fcd2014ee5bcb60723153274a70ace998b56349d7992ba2ca8
3,4-5-6-7-9-12-13-14-19-20-21,4-5-6-7-9-12-13-14-19-20-21,1-3-4-5-6-7-8-9-10-12-13-14-15-17-19-20-21,11,17,0.58,3,"cnot_0->1,cross_on_target,features_normal,sim_manual",1.0,/Users/iratimush/xqml-thesis/data/qsvm-traindata-3.csv,/Users/iratimush/xqml-thesis/data/qsvm-testdata-3.csv,40x2,1000x2,x0|x1,y,11a4200d0f8576ffc90cfffa6fc0f744b5b64ecfb31d3cdb0fe01cff8acd6526,a7fdb0e3521072fcd2014ee5bcb60723153274a70ace998b56349d7992ba2ca8
3,4-5-6-7-11-12-13-14-16-18-19-20-21,4-5-6-7-11-12-13-14-16-18-19-20-21,1-3-4-5-6-7-8-10-11-12-13-14-15-16-17-18-19-20-21,13,19,0.58,3,"cnot_0->1,cross_on_target,features_normal,sim_manual",1.0,/Users/iratimush/xqml-thesis/data/qsvm-traindata-3.csv,/Users/iratimush/xqml-thesis/data/qsvm-testdata-3.csv,40x2,1000x2,x0|x1,y,11a4200d0f8576ffc90cfffa6fc0f744b5b64ecfb31d3cdb0fe01cff8acd6526,a7fdb0e3521072fcd2014ee5bcb60723153274a70ace998b56349d7992ba2ca8
3,4-5-6-7-11-12-13-14-16-19-20-21,4-5-6-7-11-12-13-14-16-19-20-21,1-3-4-5-6-7-8-10-11-12-13-14-15-16-17-19-20-21,12,18,0.562,3,"cnot_0->1,cross_on_target,features_normal,sim_manual",1.0,/Users/iratimush/xqml-thesis/data/qsvm-traindata-3.csv,/Users/iratimush/xqml-thesis/data/qsvm-testdata-3.csv,40x2,1000x2,x0|x1,y,11a4200d0f8576ffc90cfffa6fc0f744b5b64ecfb31d3cdb0fe01cff8acd6526,a7fdb0e3521072fcd2014ee5bcb60723153274a70ace998b56349d7992ba2ca8
3,4-5-6-7-11-12-13-14-18-19-20-21,4-5-6-7-11-12-13-14-18-19-20-21,1-3-4-5-6-7-8-10-11-12-13-14-15-17-18-19-20-21,12,18,0.629,3,"cnot_0->1,cross_on_target,features_normal,sim_manual",1.0,/Users/iratimush/xqml-thesis/data/qsvm-traindata-3.csv,/Users/iratimush/xqml-thesis/data/qsvm-testdata-3.csv,40x2,1000x2,x0|x1,y,11a4200d0f8576ffc90cfffa6fc0f744b5b64ecfb31d3cdb0fe01cff8acd6526,a7fdb0e3521072fcd2014ee5bcb60723153274a70ace998b56349d7992ba2ca8
3,4-5-6-7-11-12-13-14-19-20-21,4-5-6-7-11-12-13-14-19-20-21,1-3-4-5-6-7-8-10-11-12-13-14-15-17-19-20-21,11,17,0.581,3,"cnot_0->1,cross_on_target,features_normal,sim_manual",1.0,/Users/iratimush/xqml-thesis/data/qsvm-traindata-3.csv,/Users/iratimush/xqml-thesis/data/qsvm-testdata-3.csv,40x2,1000x2,x0|x1,y,11a4200d0f8576ffc90cfffa6fc0f744b5b64ecfb31d3cdb0fe01cff8acd6526,a7fdb0e3521072fcd2014ee5bcb60723153274a70ace998b56349d7992ba2ca8
3,4-5-6-7-12-13-14-16-18-19-20-21,4-5-6-7-12-13-14-16-18-19-20-21,1-3-4-5-6-7-8-10-12-13-14-15-16-17-18-19-20-21,12,18,0.54,3,"cnot_0->1,cross_on_target,features_normal,sim_manual",1.0,/Users/iratimush/xqml-thesis/data/qsvm-traindata-3.csv,/Users/iratimush/xqml-thesis/data/qsvm-testdata-3.csv,40x2,1000x2,x0|x1,y,11a4200d0f8576ffc90cfffa6fc0f744b5b64ecfb31d3cdb0fe01cff8acd6526,a7fdb0e3521072fcd2014ee5bcb60723153274a70ace998b56349d7992ba2ca8
3,4-5-6-7-12-13-14-16-19-20-21,4-5-6-7-12-13-14-16-19-20-21,1-3-4-5-6-7-8-10-12-13-14-15-16-17-19-20-21,11,17,0.502,3,"cnot_0->1,cross_on_target,features_normal,sim_manual",1.0,/Users/iratimush/xqml-thesis/data/qsvm-traindata-3.csv,/Users/iratimush/xqml-thesis/data/qsvm-testdata-3.csv,40x2,1000x2,x0|x1,y,11a4200d0f8576ffc90cfffa6fc0f744b5b64ecfb31d3cdb0fe01cff8acd6526,a7fdb0e3521072fcd2014ee5bcb60723153274a70ace998b56349d7992ba2ca8
3,4-5-6-7-12-13-14-18-19-20-21,4-5-6-7-12-13-14-18-19-20-21,1-3-4-5-6-7-8-10-12-13-14-15-17-18-19-20-21,11,17,0.584,3,"cnot_0->1,cross_on_target,features_normal,sim_manual",1.0,/Users/iratimush/xqml-thesis/data/qsvm-traindata-3.csv,/Users/iratimush/xqml-thesis/data/qsvm-testdata-3.csv,40x2,1000x2,x0|x1,y,11a4200d0f8576ffc90cfffa6fc0f744b5b64ecfb31d3cdb0fe01cff8acd6526,a7fdb0e3521072fcd2014ee5bcb60723153274a70ace998b56349d7992ba2ca8
3,4-5-6-7-12-13-14-19-20-21,4-5-6-7-12-13-14-19-20-21,1-3-4-5-6-7-8-10-12-13-14-15-17-19-20-21,10,16,0.571,3,"cnot_0->1,cross_on_target,features_normal,sim_manual",1.0,/Users/iratimush/xqml-thesis/data/qsvm-traindata-3.csv,/Users/iratimush/xqml-thesis/data/qsvm-testdata-3.csv,40x2,1000x2,x0|x1,y,11a4200d0f8576ffc90cfffa6fc0f744b5b64ecfb31d3cdb0fe01cff8acd6526,a7fdb0e3521072fcd2014ee5bcb60723153274a70ace998b56349d7992ba2ca8
3,4-5-7-9-11-12-14-16-18-19-21,4-5-7-9-11-12-14-16-18-19-21,1-3-4-5-7-8-9-10-11-12-14-15-16-17-18-19-21,11,17,0.554,3,"cnot_0->1,cross_on_target,features_normal,sim_manual",1.0,/Users/iratimush/xqml-thesis/data/qsvm-traindata-3.csv,/Users/iratimush/xqml-thesis/data/qsvm-testdata-3.csv,40x2,1000x2,x0|x1,y,11a4200d0f8576ffc90cfffa6fc0f744b5b64ecfb31d3cdb0fe01cff8acd6526,a7fdb0e3521072fcd2014ee5bcb60723153274a70ace998b56349d7992ba2ca8
3,4-5-7-9-11-12-14-16-19-21,4-5-7-9-11-12-14-16-19-21,1-3-4-5-7-8-9-10-11-12-14-15-16-17-19-21,10,16,0.563,3,"cnot_0->1,cross_on_target,features_normal,sim_manual",1.0,/Users/iratimush/xqml-thesis/data/qsvm-traindata-3.csv,/Users/iratimush/xqml-thesis/data/qsvm-testdata-3.csv,40x2,1000x2,x0|x1,y,11a4200d0f8576ffc90cfffa6fc0f744b5b64ecfb31d3cdb0fe01cff8acd6526,a7fdb0e3521072fcd2014ee5bcb60723153274a70ace998b56349d7992ba2ca8
3,4-5-7-9-11-12-14-18-19-21,4-5-7-9-11-12-14-18-19-21,1-3-4-5-7-8-9-10-11-12-14-15-17-18-19-21,10,16,0.566,3,"cnot_0->1,cross_on_target,features_normal,sim_manual",1.0,/Users/iratimush/xqml-thesis/data/qsvm-traindata-3.csv,/Users/iratimush/xqml-thesis/data/qsvm-testdata-3.csv,40x2,1000x2,x0|x1,y,11a4200d0f8576ffc90cfffa6fc0f744b5b64ecfb31d3cdb0fe01cff8acd6526,a7fdb0e3521072fcd2014ee5bcb60723153274a70ace998b56349d7992ba2ca8
3,4-5-7-9-11-12-14-19-21,4-5-7-9-11-12-14-19-21,1-3-4-5-7-8-9-10-11-12-14-15-17-19-21,9,15,0.586,3,"cnot_0->1,cross_on_target,features_normal,sim_manual",1.0,/Users/iratimush/xqml-thesis/data/qsvm-traindata-3.csv,/Users/iratimush/xqml-thesis/data/qsvm-testdata-3.csv,40x2,1000x2,x0|x1,y,11a4200d0f8576ffc90cfffa6fc0f744b5b64ecfb31d3cdb0fe01cff8acd6526,a7fdb0e3521072fcd2014ee5bcb60723153274a70ace998b56349d7992ba2ca8
3,4-5-7-9-12-14-16-18-19-21,4-5-7-9-12-14-16-18-19-21,1-3-4-5-7-8-9-10-12-14-15-16-17-18-19-21,10,16,0.567,3,"cnot_0->1,cross_on_target,features_normal,sim_manual",1.0,/Users/iratimush/xqml-thesis/data/qsvm-traindata-3.csv,/Users/iratimush/xqml-thesis/data/qsvm-testdata-3.csv,40x2,1000x2,x0|x1,y,11a4200d0f8576ffc90cfffa6fc0f744b5b64ecfb31d3cdb0fe01cff8acd6526,a7fdb0e3521072fcd2014ee5bcb60723153274a70ace998b56349d7992ba2ca8
3,4-5-7-9-12-14-16-19-21,4-5-7-9-12-14-16-19-21,1-3-4-5-7-8-9-10-12-14-15-16-17-19-21,9,15,0.654,3,"cnot_0->1,cross_on_target,features_normal,sim_manual",1.0,/Users/iratimush/xqml-thesis/data/qsvm-traindata-3.csv,/Users/iratimush/xqml-thesis/data/qsvm-testdata-3.csv,40x2,1000x2,x0|x1,y,11a4200d0f8576ffc90cfffa6fc0f744b5b64ecfb31d3cdb0fe01cff8acd6526,a7fdb0e3521072fcd2014ee5bcb60723153274a70ace998b56349d7992ba2ca8
3,4-5-7-9-12-14-18-19-21,4-5-7-9-12-14-18-19-21,1-3-4-5-7-8-9-10-12-14-15-17-18-19-21,9,15,0.559,3,"cnot_0->1,cross_on_target,features_normal,sim_manual",1.0,/Users/iratimush/xqml-thesis/data/qsvm-traindata-3.csv,/Users/iratimush/xqml-thesis/data/qsvm-testdata-3.csv,40x2,1000x2,x0|x1,y,11a4200d0f8576ffc90cfffa6fc0f744b5b64ecfb31d3cdb0fe01cff8acd6526,a7fdb0e3521072fcd2014ee5bcb60723153274a70ace998b56349d7992ba2ca8
3,4-5-7-9-12-14-19-21,4-5-7-9-12-14-19-21,1-3-4-5-7-8-9-10-12-14-15-17-19-21,8,14,0.495,3,"cnot_0->1,cross_on_target,features_normal,sim_manual",1.0,/Users/iratimush/xqml-thesis/data/qsvm-traindata-3.csv,/Users/iratimush/xqml-thesis/data/qsvm-testdata-3.csv,40x2,1000x2,x0|x1,y,11a4200d0f8576ffc90cfffa6fc0f744b5b64ecfb31d3cdb0fe01cff8acd6526,a7fdb0e3521072fcd2014ee5bcb60723153274a70ace998b56349d7992ba2ca8
3,4-5-7-11-12-14-16-18-19-21,4-5-7-11-12-14-16-18-19-21,1-3-4-5-7-8-10-11-12-14-15-16-17-18-19-21,10,16,0.554,3,"cnot_0->1,cross_on_target,features_normal,sim_manual",1.0,/Users/iratimush/xqml-thesis/data/qsvm-traindata-3.csv,/Users/iratimush/xqml-thesis/data/qsvm-testdata-3.csv,40x2,1000x2,x0|x1,y,11a4200d0f8576ffc90cfffa6fc0f744b5b64ecfb31d3cdb0fe01cff8acd6526,a7fdb0e3521072fcd2014ee5bcb60723153274a70ace998b56349d7992ba2ca8
3,4-5-7-11-12-14-16-19-21,4-5-7-11-12-14-16-19-21,1-3-4-5-7-8-10-11-12-14-15-16-17-19-21,9,15,0.563,3,"cnot_0->1,cross_on_target,features_normal,sim_manual",1.0,/Users/iratimush/xqml-thesis/data/qsvm-traindata-3.csv,/Users/iratimush/xqml-thesis/data/qsvm-testdata-3.csv,40x2,1000x2,x0|x1,y,11a4200d0f8576ffc90cfffa6fc0f744b5b64ecfb31d3cdb0fe01cff8acd6526,a7fdb0e3521072fcd2014ee5bcb60723153274a70ace998b56349d7992ba2ca8
3,4-5-7-11-12-14-18-19-21,4-5-7-11-12-14-18-19-21,1-3-4-5-7-8-10-11-12-14-15-17-18-19-21,9,15,0.566,3,"cnot_0->1,cross_on_target,features_normal,sim_manual",1.0,/Users/iratimush/xqml-thesis/data/qsvm-traindata-3.csv,/Users/iratimush/xqml-thesis/data/qsvm-testdata-3.csv,40x2,1000x2,x0|x1,y,11a4200d0f8576ffc90cfffa6fc0f744b5b64ecfb31d3cdb0fe01cff8acd6526,a7fdb0e3521072fcd2014ee5bcb60723153274a70ace998b56349d7992ba2ca8
3,4-5-7-11-12-14-19-21,4-5-7-11-12-14-19-21,1-3-4-5-7-8-10-11-12-14-15-17-19-21,8,14,0.586,3,"cnot_0->1,cross_on_target,features_normal,sim_manual",1.0,/Users/iratimush/xqml-thesis/data/qsvm-traindata-3.csv,/Users/iratimush/xqml-thesis/data/qsvm-testdata-3.csv,40x2,1000x2,x0|x1,y,11a4200d0f8576ffc90cfffa6fc0f744b5b64ecfb31d3cdb0fe01cff8acd6526,a7fdb0e3521072fcd2014ee5bcb60723153274a70ace998b56349d7992ba2ca8
3,4-5-7-12-14-16-18-19-21,4-5-7-12-14-16-18-19-21,1-3-4-5-7-8-10-12-14-15-16-17-18-19-21,9,15,0.567,3,"cnot_0->1,cross_on_target,features_normal,sim_manual",1.0,/Users/iratimush/xqml-thesis/data/qsvm-traindata-3.csv,/Users/iratimush/xqml-thesis/data/qsvm-testdata-3.csv,40x2,1000x2,x0|x1,y,11a4200d0f8576ffc90cfffa6fc0f744b5b64ecfb31d3cdb0fe01cff8acd6526,a7fdb0e3521072fcd2014ee5bcb60723153274a70ace998b56349d7992ba2ca8
3,4-5-7-12-14-16-19-21,4-5-7-12-14-16-19-21,1-3-4-5-7-8-10-12-14-15-16-17-19-21,8,14,0.654,3,"cnot_0->1,cross_on_target,features_normal,sim_manual",1.0,/Users/iratimush/xqml-thesis/data/qsvm-traindata-3.csv,/Users/iratimush/xqml-thesis/data/qsvm-testdata-3.csv,40x2,1000x2,x0|x1,y,11a4200d0f8576ffc90cfffa6fc0f744b5b64ecfb31d3cdb0fe01cff8acd6526,a7fdb0e3521072fcd2014ee5bcb60723153274a70ace998b56349d7992ba2ca8
3,4-5-7-12-14-18-19-21,4-5-7-12-14-18-19-21,1-3-4-5-7-8-10-12-14-15-17-18-19-21,8,14,0.559,3,"cnot_0->1,cross_on_target,features_normal,sim_manual",1.0,/Users/iratimush/xqml-thesis/data/qsvm-traindata-3.csv,/Users/iratimush/xqml-thesis/data/qsvm-testdata-3.csv,40x2,1000x2,x0|x1,y,11a4200d0f8576ffc90cfffa6fc0f744b5b64ecfb31d3cdb0fe01cff8acd6526,a7fdb0e3521072fcd2014ee5bcb60723153274a70ace998b56349d7992ba2ca8
3,4-5-7-12-14-19-21,4-5-7-12-14-19-21,1-3-4-5-7-8-10-12-14-15-17-19-21,7,13,0.495,3,"cnot_0->1,cross_on_target,features_normal,sim_manual",1.0,/Users/iratimush/xqml-thesis/data/qsvm-traindata-3.csv,/Users/iratimush/xqml-thesis/data/qsvm-testdata-3.csv,40x2,1000x2,x0|x1,y,11a4200d0f8576ffc90cfffa6fc0f744b5b64ecfb31d3cdb0fe01cff8acd6526,a7fdb0e3521072fcd2014ee5bcb60723153274a70ace998b56349d7992ba2ca8
3,4-6-9-11-13-16-18-20,4-6-9-11-13-16-18-20,1-3-4-6-8-9-10-11-13-15-16-17-18-20,8,14,0.509,3,"cnot_0->1,cross_on_target,features_normal,sim_manual",1.0,/Users/iratimush/xqml-thesis/data/qsvm-traindata-3.csv,/Users/iratimush/xqml-thesis/data/qsvm-testdata-3.csv,40x2,1000x2,x0|x1,y,11a4200d0f8576ffc90cfffa6fc0f744b5b64ecfb31d3cdb0fe01cff8acd6526,a7fdb0e3521072fcd2014ee5bcb60723153274a70ace998b56349d7992ba2ca8
3,4-6-9-11-13-16-20,4-6-9-11-13-16-20,1-3-4-6-8-9-10-11-13-15-16-17-20,7,13,0.643,3,"cnot_0->1,cross_on_target,features_normal,sim_manual",1.0,/Users/iratimush/xqml-thesis/data/qsvm-traindata-3.csv,/Users/iratimush/xqml-thesis/data/qsvm-testdata-3.csv,40x2,1000x2,x0|x1,y,11a4200d0f8576ffc90cfffa6fc0f744b5b64ecfb31d3cdb0fe01cff8acd6526,a7fdb0e3521072fcd2014ee5bcb60723153274a70ace998b56349d7992ba2ca8
3,4-6-9-11-13-18-20,4-6-9-11-13-18-20,1-3-4-6-8-9-10-11-13-15-17-18-20,7,13,0.524,3,"cnot_0->1,cross_on_target,features_normal,sim_manual",1.0,/Users/iratimush/xqml-thesis/data/qsvm-traindata-3.csv,/Users/iratimush/xqml-thesis/data/qsvm-testdata-3.csv,40x2,1000x2,x0|x1,y,11a4200d0f8576ffc90cfffa6fc0f744b5b64ecfb31d3cdb0fe01cff8acd6526,a7fdb0e3521072fcd2014ee5bcb60723153274a70ace998b56349d7992ba2ca8
3,4-6-9-11-13-20,4-6-9-11-13-20,1-3-4-6-8-9-10-11-13-15-17-20,6,12,0.554,3,"cnot_0->1,cross_on_target,features_normal,sim_manual",1.0,/Users/iratimush/xqml-thesis/data/qsvm-traindata-3.csv,/Users/iratimush/xqml-thesis/data/qsvm-testdata-3.csv,40x2,1000x2,x0|x1,y,11a4200d0f8576ffc90cfffa6fc0f744b5b64ecfb31d3cdb0fe01cff8acd6526,a7fdb0e3521072fcd2014ee5bcb60723153274a70ace998b56349d7992ba2ca8
3,4-6-9-13-16-18-20,4-6-9-13-16-18-20,1-3-4-6-8-9-10-13-15-16-17-18-20,7,13,0.594,3,"cnot_0->1,cross_on_target,features_normal,sim_manual",1.0,/Users/iratimush/xqml-thesis/data/qsvm-traindata-3.csv,/Users/iratimush/xqml-thesis/data/qsvm-testdata-3.csv,40x2,1000x2,x0|x1,y,11a4200d0f8576ffc90cfffa6fc0f744b5b64ecfb31d3cdb0fe01cff8acd6526,a7fdb0e3521072fcd2014ee5bcb60723153274a70ace998b56349d7992ba2ca8
3,4-6-9-13-16-20,4-6-9-13-16-20,1-3-4-6-8-9-10-13-15-16-17-20,6,12,0.623,3,"cnot_0->1,cross_on_target,features_normal,sim_manual",1.0,/Users/iratimush/xqml-thesis/data/qsvm-traindata-3.csv,/Users/iratimush/xqml-thesis/data/qsvm-testdata-3.csv,40x2,1000x2,x0|x1,y,11a4200d0f8576ffc90cfffa6fc0f744b5b64ecfb31d3cdb0fe01cff8acd6526,a7fdb0e3521072fcd2014ee5bcb60723153274a70ace998b56349d7992ba2ca8
3,4-6-9-13-18-20,4-6-9-13-18-20,1-3-4-6-8-9-10-13-15-17-18-20,6,12,0.538,3,"cnot_0->1,cross_on_target,features_normal,sim_manual",1.0,/Users/iratimush/xqml-thesis/data/qsvm-traindata-3.csv,/Users/iratimush/xqml-thesis/data/qsvm-testdata-3.csv,40x2,1000x2,x0|x1,y,11a4200d0f8576ffc90cfffa6fc0f744b5b64ecfb31d3cdb0fe01cff8acd6526,a7fdb0e3521072fcd2014ee5bcb60723153274a70ace998b56349d7992ba2ca8
3,4-6-9-13-20,4-6-9-13-20,1-3-4-6-8-9-10-13-15-17-20,5,11,0.5,3,"cnot_0->1,cross_on_target,features_normal,sim_manual",1.0,/Users/iratimush/xqml-thesis/data/qsvm-traindata-3.csv,/Users/iratimush/xqml-thesis/data/qsvm-testdata-3.csv,40x2,1000x2,x0|x1,y,11a4200d0f8576ffc90cfffa6fc0f744b5b64ecfb31d3cdb0fe01cff8acd6526,a7fdb0e3521072fcd2014ee5bcb60723153274a70ace998b56349d7992ba2ca8
3,4-6-11-13-16-18-20,4-6-11-13-16-18-20,1-3-4-6-8-10-11-13-15-16-17-18-20,7,13,0.509,3,"cnot_0->1,cross_on_target,features_normal,sim_manual",1.0,/Users/iratimush/xqml-thesis/data/qsvm-traindata-3.csv,/Users/iratimush/xqml-thesis/data/qsvm-testdata-3.csv,40x2,1000x2,x0|x1,y,11a4200d0f8576ffc90cfffa6fc0f744b5b64ecfb31d3cdb0fe01cff8acd6526,a7fdb0e3521072fcd2014ee5bcb60723153274a70ace998b56349d7992ba2ca8
3,4-6-11-13-16-20,4-6-11-13-16-20,1-3-4-6-8-10-11-13-15-16-17-20,6,12,0.643,3,"cnot_0->1,cross_on_target,features_normal,sim_manual",1.0,/Users/iratimush/xqml-thesis/data/qsvm-traindata-3.csv,/Users/iratimush/xqml-thesis/data/qsvm-testdata-3.csv,40x2,1000x2,x0|x1,y,11a4200d0f8576ffc90cfffa6fc0f744b5b64ecfb31d3cdb0fe01cff8acd6526,a7fdb0e3521072fcd2014ee5bcb60723153274a70ace998b56349d7992ba2ca8
3,4-6-11-13-18-20,4-6-11-13-18-20,1-3-4-6-8-10-11-13-15-17-18-20,6,12,0.524,3,"cnot_0->1,cross_on_target,features_normal,sim_manual",1.0,/Users/iratimush/xqml-thesis/data/qsvm-traindata-3.csv,/Users/iratimush/xqml-thesis/data/qsvm-testdata-3.csv,40x2,1000x2,x0|x1,y,11a4200d0f8576ffc90cfffa6fc0f744b5b64ecfb31d3cdb0fe01cff8acd6526,a7fdb0e3521072fcd2014ee5bcb60723153274a70ace998b56349d7992ba2ca8
3,4-6-11-13-20,4-6-11-13-20,1-3-4-6-8-10-11-13-15-17-20,5,11,0.554,3,"cnot_0->1,cross_on_target,features_normal,sim_manual",1.0,/Users/iratimush/xqml-thesis/data/qsvm-traindata-3.csv,/Users/iratimush/xqml-thesis/data/qsvm-testdata-3.csv,40x2,1000x2,x0|x1,y,11a4200d0f8576ffc90cfffa6fc0f744b5b64ecfb31d3cdb0fe01cff8acd6526,a7fdb0e3521072fcd2014ee5bcb60723153274a70ace998b56349d7992ba2ca8
3,4-6-13-16-18-20,4-6-13-16-18-20,1-3-4-6-8-10-13-15-16-17-18-20,6,12,0.594,3,"cnot_0->1,cross_on_target,features_normal,sim_manual",1.0,/Users/iratimush/xqml-thesis/data/qsvm-traindata-3.csv,/Users/iratimush/xqml-thesis/data/qsvm-testdata-3.csv,40x2,1000x2,x0|x1,y,11a4200d0f8576ffc90cfffa6fc0f744b5b64ecfb31d3cdb0fe01cff8acd6526,a7fdb0e3521072fcd2014ee5bcb60723153274a70ace998b56349d7992ba2ca8
3,4-6-13-16-20,4-6-13-16-20,1-3-4-6-8-10-13-15-16-17-20,5,11,0.623,3,"cnot_0->1,cross_on_target,features_normal,sim_manual",1.0,/Users/iratimush/xqml-thesis/data/qsvm-traindata-3.csv,/Users/iratimush/xqml-thesis/data/qsvm-testdata-3.csv,40x2,1000x2,x0|x1,y,11a4200d0f8576ffc90cfffa6fc0f744b5b64ecfb31d3cdb0fe01cff8acd6526,a7fdb0e3521072fcd2014ee5bcb60723153274a70ace998b56349d7992ba2ca8
3,4-6-13-18-20,4-6-13-18-20,1-3-4-6-8-10-13-15-17-18-20,5,11,0.538,3,"cnot_0->1,cross_on_target,features_normal,sim_manual",1.0,/Users/iratimush/xqml-thesis/data/qsvm-traindata-3.csv,/Users/iratimush/xqml-thesis/data/qsvm-testdata-3.csv,40x2,1000x2,x0|x1,y,11a4200d0f8576ffc90cfffa6fc0f744b5b64ecfb31d3cdb0fe01cff8acd6526,a7fdb0e3521072fcd2014ee5bcb60723153274a70ace998b56349d7992ba2ca8
3,4-6-13-20,4-6-13-20,1-3-4-6-8-10-13-15-17-20,4,10,0.5,3,"cnot_0->1,cross_on_target,features_normal,sim_manual",1.0,/Users/iratimush/xqml-thesis/data/qsvm-traindata-3.csv,/Users/iratimush/xqml-thesis/data/qsvm-testdata-3.csv,40x2,1000x2,x0|x1,y,11a4200d0f8576ffc90cfffa6fc0f744b5b64ecfb31d3cdb0fe01cff8acd6526,a7fdb0e3521072fcd2014ee5bcb60723153274a70ace998b56349d7992ba2ca8
3,4-9,4-9,1-3-4-8-9-10-15-17,2,8,0.495,3,"cnot_0->1,cross_on_target,features_normal,sim_manual",1.0,/Users/iratimush/xqml-thesis/data/qsvm-traindata-3.csv,/Users/iratimush/xqml-thesis/data/qsvm-testdata-3.csv,40x2,1000x2,x0|x1,y,11a4200d0f8576ffc90cfffa6fc0f744b5b64ecfb31d3cdb0fe01cff8acd6526,a7fdb0e3521072fcd2014ee5bcb60723153274a70ace998b56349d7992ba2ca8
3,4-9-11,4-9-11,1-3-4-8-9-10-11-15-17,3,9,0.586,3,"cnot_0->1,cross_on_target,features_normal,sim_manual",1.0,/Users/iratimush/xqml-thesis/data/qsvm-traindata-3.csv,/Users/iratimush/xqml-thesis/data/qsvm-testdata-3.csv,40x2,1000x2,x0|x1,y,11a4200d0f8576ffc90cfffa6fc0f744b5b64ecfb31d3cdb0fe01cff8acd6526,a7fdb0e3521072fcd2014ee5bcb60723153274a70ace998b56349d7992ba2ca8
3,4-9-11-16,4-9-11-16,1-3-4-8-9-10-11-15-16-17,4,10,0.563,3,"cnot_0->1,cross_on_target,features_normal,sim_manual",1.0,/Users/iratimush/xqml-thesis/data/qsvm-traindata-3.csv,/Users/iratimush/xqml-thesis/data/qsvm-testdata-3.csv,40x2,1000x2,x0|x1,y,11a4200d0f8576ffc90cfffa6fc0f744b5b64ecfb31d3cdb0fe01cff8acd6526,a7fdb0e3521072fcd2014ee5bcb60723153274a70ace998b56349d7992ba2ca8
3,4-9-11-16-18,4-9-11-16-18,1-3-4-8-9-10-11-15-16-17-18,5,11,0.554,3,"cnot_0->1,cross_on_target,features_normal,sim_manual",1.0,/Users/iratimush/xqml-thesis/data/qsvm-traindata-3.csv,/Users/iratimush/xqml-thesis/data/qsvm-testdata-3.csv,40x2,1000x2,x0|x1,y,11a4200d0f8576ffc90cfffa6fc0f744b5b64ecfb31d3cdb0fe01cff8acd6526,a7fdb0e3521072fcd2014ee5bcb60723153274a70ace998b56349d7992ba2ca8
3,4-9-11-18,4-9-11-18,1-3-4-8-9-10-11-15-17-18,4,10,0.566,3,"cnot_0->1,cross_on_target,features_normal,sim_manual",1.0,/Users/iratimush/xqml-thesis/data/qsvm-traindata-3.csv,/Users/iratimush/xqml-thesis/data/qsvm-testdata-3.csv,40x2,1000x2,x0|x1,y,11a4200d0f8576ffc90cfffa6fc0f744b5b64ecfb31d3cdb0fe01cff8acd6526,a7fdb0e3521072fcd2014ee5bcb60723153274a70ace998b56349d7992ba2ca8
3,4-9-16,4-9-16,1-3-4-8-9-10-15-16-17,3,9,0.654,3,"cnot_0->1,cross_on_target,features_normal,sim_manual",1.0,/Users/iratimush/xqml-thesis/data/qsvm-traindata-3.csv,/Users/iratimush/xqml-thesis/data/qsvm-testdata-3.csv,40x2,1000x2,x0|x1,y,11a4200d0f8576ffc90cfffa6fc0f744b5b64ecfb31d3cdb0fe01cff8acd6526,a7fdb0e3521072fcd2014ee5bcb60723153274a70ace998b56349d7992ba2ca8
3,4-9-16-18,4-9-16-18,1-3-4-8-9-10-15-16-17-18,4,10,0.567,3,"cnot_0->1,cross_on_target,features_normal,sim_manual",1.0,/Users/iratimush/xqml-thesis/data/qsvm-traindata-3.csv,/Users/iratimush/xqml-thesis/data/qsvm-testdata-3.csv,40x2,1000x2,x0|x1,y,11a4200d0f8576ffc90cfffa6fc0f744b5b64ecfb31d3cdb0fe01cff8acd6526,a7fdb0e3521072fcd2014ee5bcb60723153274a70ace998b56349d7992ba2ca8
3,4-9-18,4-9-18,1-3-4-8-9-10-15-17-18,3,9,0.559,3,"cnot_0->1,cross_on_target,features_normal,sim_manual",1.0,/Users/iratimush/xqml-thesis/data/qsvm-traindata-3.csv,/Users/iratimush/xqml-thesis/data/qsvm-testdata-3.csv,40x2,1000x2,x0|x1,y,11a4200d0f8576ffc90cfffa6fc0f744b5b64ecfb31d3cdb0fe01cff8acd6526,a7fdb0e3521072fcd2014ee5bcb60723153274a70ace998b56349d7992ba2ca8
3,4-11,4-11,1-3-4-8-10-11-15-17,2,8,0.586,3,"cnot_0->1,cross_on_target,features_normal,sim_manual",1.0,/Users/iratimush/xqml-thesis/data/qsvm-traindata-3.csv,/Users/iratimush/xqml-thesis/data/qsvm-testdata-3.csv,40x2,1000x2,x0|x1,y,11a4200d0f8576ffc90cfffa6fc0f744b5b64ecfb31d3cdb0fe01cff8acd6526,a7fdb0e3521072fcd2014ee5bcb60723153274a70ace998b56349d7992ba2ca8
3,4-11-16,4-11-16,1-3-4-8-10-11-15-16-17,3,9,0.563,3,"cnot_0->1,cross_on_target,features_normal,sim_manual",1.0,/Users/iratimush/xqml-thesis/data/qsvm-traindata-3.csv,/Users/iratimush/xqml-thesis/data/qsvm-testdata-3.csv,40x2,1000x2,x0|x1,y,11a4200d0f8576ffc90cfffa6fc0f744b5b64ecfb31d3cdb0fe01cff8acd6526,a7fdb0e3521072fcd2014ee5bcb60723153274a70ace998b56349d7992ba2ca8
3,4-11-16-18,4-11-16-18,1-3-4-8-10-11-15-16-17-18,4,10,0.554,3,"cnot_0->1,cross_on_target,features_normal,sim_manual",1.0,/Users/iratimush/xqml-thesis/data/qsvm-traindata-3.csv,/Users/iratimush/xqml-thesis/data/qsvm-testdata-3.csv,40x2,1000x2,x0|x1,y,11a4200d0f8576ffc90cfffa6fc0f744b5b64ecfb31d3cdb0fe01cff8acd6526,a7fdb0e3521072fcd2014ee5bcb60723153274a70ace998b56349d7992ba2ca8
3,4-11-18,4-11-18,1-3-4-8-10-11-15-17-18,3,9,0.566,3,"cnot_0->1,cross_on_target,features_normal,sim_manual",1.0,/Users/iratimush/xqml-thesis/data/qsvm-traindata-3.csv,/Users/iratimush/xqml-thesis/data/qsvm-testdata-3.csv,40x2,1000x2,x0|x1,y,11a4200d0f8576ffc90cfffa6fc0f744b5b64ecfb31d3cdb0fe01cff8acd6526,a7fdb0e3521072fcd2014ee5bcb60723153274a70ace998b56349d7992ba2ca8
3,4-16,4-16,1-3-4-8-10-15-16-17,2,8,0.654,3,"cnot_0->1,cross_on_target,features_normal,sim_manual",1.0,/Users/iratimush/xqml-thesis/data/qsvm-traindata-3.csv,/Users/iratimush/xqml-thesis/data/qsvm-testdata-3.csv,40x2,1000x2,x0|x1,y,11a4200d0f8576ffc90cfffa6fc0f744b5b64ecfb31d3cdb0fe01cff8acd6526,a7fdb0e3521072fcd2014ee5bcb60723153274a70ace998b56349d7992ba2ca8
3,4-16-18,4-16-18,1-3-4-8-10-15-16-17-18,3,9,0.567,3,"cnot_0->1,cross_on_target,features_normal,sim_manual",1.0,/Users/iratimush/xqml-thesis/data/qsvm-traindata-3.csv,/Users/iratimush/xqml-thesis/data/qsvm-testdata-3.csv,40x2,1000x2,x0|x1,y,11a4200d0f8576ffc90cfffa6fc0f744b5b64ecfb31d3cdb0fe01cff8acd6526,a7fdb0e3521072fcd2014ee5bcb60723153274a70ace998b56349d7992ba2ca8
3,4-18,4-18,1-3-4-8-10-15-17-18,2,8,0.559,3,"cnot_0->1,cross_on_target,features_normal,sim_manual",1.0,/Users/iratimush/xqml-thesis/data/qsvm-traindata-3.csv,/Users/iratimush/xqml-thesis/data/qsvm-testdata-3.csv,40x2,1000x2,x0|x1,y,11a4200d0f8576ffc90cfffa6fc0f744b5b64ecfb31d3cdb0fe01cff8acd6526,a7fdb0e3521072fcd2014ee5bcb60723153274a70ace998b56349d7992ba2ca8
3,5,5,1-3-5-8-10-15-17,1,7,0.5,3,"cnot_0->1,cross_on_target,features_normal,sim_manual",1.0,/Users/iratimush/xqml-thesis/data/qsvm-traindata-3.csv,/Users/iratimush/xqml-thesis/data/qsvm-testdata-3.csv,40x2,1000x2,x0|x1,y,11a4200d0f8576ffc90cfffa6fc0f744b5b64ecfb31d3cdb0fe01cff8acd6526,a7fdb0e3521072fcd2014ee5bcb60723153274a70ace998b56349d7992ba2ca8
3,5-6-7-9-11-12-13-14-16-18-19-20-21,5-6-7-9-11-12-13-14-16-18-19-20-21,1-3-5-6-7-8-9-10-11-12-13-14-15-16-17-18-19-20-21,13,19,0.636,3,"cnot_0->1,cross_on_target,features_normal,sim_manual",1.0,/Users/iratimush/xqml-thesis/data/qsvm-traindata-3.csv,/Users/iratimush/xqml-thesis/data/qsvm-testdata-3.csv,40x2,1000x2,x0|x1,y,11a4200d0f8576ffc90cfffa6fc0f744b5b64ecfb31d3cdb0fe01cff8acd6526,a7fdb0e3521072fcd2014ee5bcb60723153274a70ace998b56349d7992ba2ca8
3,5-6-7-9-11-12-13-14-16-19-20-21,5-6-7-9-11-12-13-14-16-19-20-21,1-3-5-6-7-8-9-10-11-12-13-14-15-16-17-19-20-21,12,18,0.594,3,"cnot_0->1,cross_on_target,features_normal,sim_manual",1.0,/Users/iratimush/xqml-thesis/data/qsvm-traindata-3.csv,/Users/iratimush/xqml-thesis/data/qsvm-testdata-3.csv,40x2,1000x2,x0|x1,y,11a4200d0f8576ffc90cfffa6fc0f744b5b64ecfb31d3cdb0fe01cff8acd6526,a7fdb0e3521072fcd2014ee5bcb60723153274a70ace998b56349d7992ba2ca8
3,5-6-7-9-11-12-13-14-18-19-20-21,5-6-7-9-11-12-13-14-18-19-20-21,1-3-5-6-7-8-9-10-11-12-13-14-15-17-18-19-20-21,12,18,0.572,3,"cnot_0->1,cross_on_target,features_normal,sim_manual",1.0,/Users/iratimush/xqml-thesis/data/qsvm-traindata-3.csv,/Users/iratimush/xqml-thesis/data/qsvm-testdata-3.csv,40x2,1000x2,x0|x1,y,11a4200d0f8576ffc90cfffa6fc0f744b5b64ecfb31d3cdb0fe01cff8acd6526,a7fdb0e3521072fcd2014ee5bcb60723153274a70ace998b56349d7992ba2ca8
3,5-6-7-9-11-12-13-14-19-20-21,5-6-7-9-11-12-13-14-19-20-21,1-3-5-6-7-8-9-10-11-12-13-14-15-17-19-20-21,11,17,0.591,3,"cnot_0->1,cross_on_target,features_normal,sim_manual",1.0,/Users/iratimush/xqml-thesis/data/qsvm-traindata-3.csv,/Users/iratimush/xqml-thesis/data/qsvm-testdata-3.csv,40x2,1000x2,x0|x1,y,11a4200d0f8576ffc90cfffa6fc0f744b5b64ecfb31d3cdb0fe01cff8acd6526,a7fdb0e3521072fcd2014ee5bcb60723153274a70ace998b56349d7992ba2ca8
3,5-6-7-9-12-13-14-16-18-19-20-21,5-6-7-9-12-13-14-16-18-19-20-21,1-3-5-6-7-8-9-10-12-13-14-15-16-17-18-19-20-21,12,18,0.678,3,"cnot_0->1,cross_on_target,features_normal,sim_manual",1.0,/Users/iratimush/xqml-thesis/data/qsvm-traindata-3.csv,/Users/iratimush/xqml-thesis/data/qsvm-testdata-3.csv,40x2,1000x2,x0|x1,y,11a4200d0f8576ffc90cfffa6fc0f744b5b64ecfb31d3cdb0fe01cff8acd6526,a7fdb0e3521072fcd2014ee5bcb60723153274a70ace998b56349d7992ba2ca8
3,5-6-7-9-12-13-14-16-19-20-21,5-6-7-9-12-13-14-16-19-20-21,1-3-5-6-7-8-9-10-12-13-14-15-16-17-19-20-21,11,17,0.563,3,"cnot_0->1,cross_on_target,features_normal,sim_manual",1.0,/Users/iratimush/xqml-thesis/data/qsvm-traindata-3.csv,/Users/iratimush/xqml-thesis/data/qsvm-testdata-3.csv,40x2,1000x2,x0|x1,y,11a4200d0f8576ffc90cfffa6fc0f744b5b64ecfb31d3cdb0fe01cff8acd6526,a7fdb0e3521072fcd2014ee5bcb60723153274a70ace998b56349d7992ba2ca8
3,5-6-7-9-12-13-14-18-19-20-21,5-6-7-9-12-13-14-18-19-20-21,1-3-5-6-7-8-9-10-12-13-14-15-17-18-19-20-21,11,17,0.676,3,"cnot_0->1,cross_on_target,features_normal,sim_manual",1.0,/Users/iratimush/xqml-thesis/data/qsvm-traindata-3.csv,/Users/iratimush/xqml-thesis/data/qsvm-testdata-3.csv,40x2,1000x2,x0|x1,y,11a4200d0f8576ffc90cfffa6fc0f744b5b64ecfb31d3cdb0fe01cff8acd6526,a7fdb0e3521072fcd2014ee5bcb60723153274a70ace998b56349d7992ba2ca8
3,5-6-7-9-12-13-14-19-20-21,5-6-7-9-12-13-14-19-20-21,1-3-5-6-7-8-9-10-12-13-14-15-17-19-20-21,10,16,0.56,3,"cnot_0->1,cross_on_target,features_normal,sim_manual",1.0,/Users/iratimush/xqml-thesis/data/qsvm-traindata-3.csv,/Users/iratimush/xqml-thesis/data/qsvm-testdata-3.csv,40x2,1000x2,x0|x1,y,11a4200d0f8576ffc90cfffa6fc0f744b5b64ecfb31d3cdb0fe01cff8acd6526,a7fdb0e3521072fcd2014ee5bcb60723153274a70ace998b56349d7992ba2ca8
3,5-6-7-11-12-13-14-16-18-19-20-21,5-6-7-11-12-13-14-16-18-19-20-21,1-3-5-6-7-8-10-11-12-13-14-15-16-17-18-19-20-21,12,18,0.671,3,"cnot_0->1,cross_on_target,features_normal,sim_manual",1.0,/Users/iratimush/xqml-thesis/data/qsvm-traindata-3.csv,/Users/iratimush/xqml-thesis/data/qsvm-testdata-3.csv,40x2,1000x2,x0|x1,y,11a4200d0f8576ffc90cfffa6fc0f744b5b64ecfb31d3cdb0fe01cff8acd6526,a7fdb0e3521072fcd2014ee5bcb60723153274a70ace998b56349d7992ba2ca8
3,5-6-7-11-12-13-14-16-19-20-21,5-6-7-11-12-13-14-16-19-20-21,1-3-5-6-7-8-10-11-12-13-14-15-16-17-19-20-21,11,17,0.534,3,"cnot_0->1,cross_on_target,features_normal,sim_manual",1.0,/Users/iratimush/xqml-thesis/data/qsvm-traindata-3.csv,/Users/iratimush/xqml-thesis/data/qsvm-testdata-3.csv,40x2,1000x2,x0|x1,y,11a4200d0f8576ffc90cfffa6fc0f744b5b64ecfb31d3cdb0fe01cff8acd6526,a7fdb0e3521072fcd2014ee5bcb60723153274a70ace998b56349d7992ba2ca8
3,5-6-7-11-12-13-14-18-19-20-21,5-6-7-11-12-13-14-18-19-20-21,1-3-5-6-7-8-10-11-12-13-14-15-17-18-19-20-21,11,17,0.575,3,"cnot_0->1,cross_on_target,features_normal,sim_manual",1.0,/Users/iratimush/xqml-thesis/data/qsvm-traindata-3.csv,/Users/iratimush/xqml-thesis/data/qsvm-testdata-3.csv,40x2,1000x2,x0|x1,y,11a4200d0f8576ffc90cfffa6fc0f744b5b64ecfb31d3cdb0fe01cff8acd6526,a7fdb0e3521072fcd2014ee5bcb60723153274a70ace998b56349d7992ba2ca8
3,5-6-7-11-12-13-14-19-20-21,5-6-7-11-12-13-14-19-20-21,1-3-5-6-7-8-10-11-12-13-14-15-17-19-20-21,10,16,0.527,3,"cnot_0->1,cross_on_target,features_normal,sim_manual",1.0,/Users/iratimush/xqml-thesis/data/qsvm-traindata-3.csv,/Users/iratimush/xqml-thesis/data/qsvm-testdata-3.csv,40x2,1000x2,x0|x1,y,11a4200d0f8576ffc90cfffa6fc0f744b5b64ecfb31d3cdb0fe01cff8acd6526,a7fdb0e3521072fcd2014ee5bcb60723153274a70ace998b56349d7992ba2ca8
3,5-6-7-12-13-14-16-18-19-20-21,5-6-7-12-13-14-16-18-19-20-21,1-3-5-6-7-8-10-12-13-14-15-16-17-18-19-20-21,11,17,0.628,3,"cnot_0->1,cross_on_target,features_normal,sim_manual",1.0,/Users/iratimush/xqml-thesis/data/qsvm-traindata-3.csv,/Users/iratimush/xqml-thesis/data/qsvm-testdata-3.csv,40x2,1000x2,x0|x1,y,11a4200d0f8576ffc90cfffa6fc0f744b5b64ecfb31d3cdb0fe01cff8acd6526,a7fdb0e3521072fcd2014ee5bcb60723153274a70ace998b56349d7992ba2ca8
3,5-6-7-12-13-14-16-19-20-21,5-6-7-12-13-14-16-19-20-21,1-3-5-6-7-8-10-12-13-14-15-16-17-19-20-21,10,16,0.547,3,"cnot_0->1,cross_on_target,features_normal,sim_manual",1.0,/Users/iratimush/xqml-thesis/data/qsvm-traindata-3.csv,/Users/iratimush/xqml-thesis/data/qsvm-testdata-3.csv,40x2,1000x2,x0|x1,y,11a4200d0f8576ffc90cfffa6fc0f744b5b64ecfb31d3cdb0fe01cff8acd6526,a7fdb0e3521072fcd2014ee5bcb60723153274a70ace998b56349d7992ba2ca8
3,5-6-7-12-13-14-18-19-20-21,5-6-7-12-13-14-18-19-20-21,1-3-5-6-7-8-10-12-13-14-15-17-18-19-20-21,10,16,0.546,3,"cnot_0->1,cross_on_target,features_normal,sim_manual",1.0,/Users/iratimush/xqml-thesis/data/qsvm-traindata-3.csv,/Users/iratimush/xqml-thesis/data/qsvm-testdata-3.csv,40x2,1000x2,x0|x1,y,11a4200d0f8576ffc90cfffa6fc0f744b5b64ecfb31d3cdb0fe01cff8acd6526,a7fdb0e3521072fcd2014ee5bcb60723153274a70ace998b56349d7992ba2ca8
3,5-6-7-12-13-14-19-20,5-6-7-12-13-14-19-20,1-3-5-6-7-8-10-12-13-14-15-17-19-20,8,14,0.551,3,"cnot_0->1,cross_on_target,features_normal,sim_manual",1.0,/Users/iratimush/xqml-thesis/data/qsvm-traindata-3.csv,/Users/iratimush/xqml-thesis/data/qsvm-testdata-3.csv,40x2,1000x2,x0|x1,y,11a4200d0f8576ffc90cfffa6fc0f744b5b64ecfb31d3cdb0fe01cff8acd6526,a7fdb0e3521072fcd2014ee5bcb60723153274a70ace998b56349d7992ba2ca8
3,5-6-7-12-13-14-19-20-21,5-6-7-12-13-14-19-20-21,1-3-5-6-7-8-10-12-13-14-15-17-19-20-21,9,15,0.551,3,"cnot_0->1,cross_on_target,features_normal,sim_manual",1.0,/Users/iratimush/xqml-thesis/data/qsvm-traindata-3.csv,/Users/iratimush/xqml-thesis/data/qsvm-testdata-3.csv,40x2,1000x2,x0|x1,y,11a4200d0f8576ffc90cfffa6fc0f744b5b64ecfb31d3cdb0fe01cff8acd6526,a7fdb0e3521072fcd2014ee5bcb60723153274a70ace998b56349d7992ba2ca8
3,5-6-7-12-13-14-19-21,5-6-7-12-13-14-19-21,1-3-5-6-7-8-10-12-13-14-15-17-19-21,8,14,0.51,3,"cnot_0->1,cross_on_target,features_normal,sim_manual",1.0,/Users/iratimush/xqml-thesis/data/qsvm-traindata-3.csv,/Users/iratimush/xqml-thesis/data/qsvm-testdata-3.csv,40x2,1000x2,x0|x1,y,11a4200d0f8576ffc90cfffa6fc0f744b5b64ecfb31d3cdb0fe01cff8acd6526,a7fdb0e3521072fcd2014ee5bcb60723153274a70ace998b56349d7992ba2ca8
3,5-6-7-12-13-14-20,5-6-7-12-13-14-20,1-3-5-6-7-8-10-12-13-14-15-17-20,7,13,0.53,3,"cnot_0->1,cross_on_target,features_normal,sim_manual",1.0,/Users/iratimush/xqml-thesis/data/qsvm-traindata-3.csv,/Users/iratimush/xqml-thesis/data/qsvm-testdata-3.csv,40x2,1000x2,x0|x1,y,11a4200d0f8576ffc90cfffa6fc0f744b5b64ecfb31d3cdb0fe01cff8acd6526,a7fdb0e3521072fcd2014ee5bcb60723153274a70ace998b56349d7992ba2ca8
3,5-6-7-12-13-14-20-21,5-6-7-12-13-14-20-21,1-3-5-6-7-8-10-12-13-14-15-17-20-21,8,14,0.53,3,"cnot_0->1,cross_on_target,features_normal,sim_manual",1.0,/Users/iratimush/xqml-thesis/data/qsvm-traindata-3.csv,/Users/iratimush/xqml-thesis/data/qsvm-testdata-3.csv,40x2,1000x2,x0|x1,y,11a4200d0f8576ffc90cfffa6fc0f744b5b64ecfb31d3cdb0fe01cff8acd6526,a7fdb0e3521072fcd2014ee5bcb60723153274a70ace998b56349d7992ba2ca8
3,5-6-7-12-13-19-20,5-6-7-12-13-19-20,1-3-5-6-7-8-10-12-13-15-17-19-20,7,13,0.53,3,"cnot_0->1,cross_on_target,features_normal,sim_manual",1.0,/Users/iratimush/xqml-thesis/data/qsvm-traindata-3.csv,/Users/iratimush/xqml-thesis/data/qsvm-testdata-3.csv,40x2,1000x2,x0|x1,y,11a4200d0f8576ffc90cfffa6fc0f744b5b64ecfb31d3cdb0fe01cff8acd6526,a7fdb0e3521072fcd2014ee5bcb60723153274a70ace998b56349d7992ba2ca8
3,5-6-7-12-13-19-20-21,5-6-7-12-13-19-20-21,1-3-5-6-7-8-10-12-13-15-17-19-20-21,8,14,0.53,3,"cnot_0->1,cross_on_target,features_normal,sim_manual",1.0,/Users/iratimush/xqml-thesis/data/qsvm-traindata-3.csv,/Users/iratimush/xqml-thesis/data/qsvm-testdata-3.csv,40x2,1000x2,x0|x1,y,11a4200d0f8576ffc90cfffa6fc0f744b5b64ecfb31d3cdb0fe01cff8acd6526,a7fdb0e3521072fcd2014ee5bcb60723153274a70ace998b56349d7992ba2ca8
3,5-6-7-12-13-20,5-6-7-12-13-20,1-3-5-6-7-8-10-12-13-15-17-20,6,12,0.53,3,"cnot_0->1,cross_on_target,features_normal,sim_manual",1.0,/Users/iratimush/xqml-thesis/data/qsvm-traindata-3.csv,/Users/iratimush/xqml-thesis/data/qsvm-testdata-3.csv,40x2,1000x2,x0|x1,y,11a4200d0f8576ffc90cfffa6fc0f744b5b64ecfb31d3cdb0fe01cff8acd6526,a7fdb0e3521072fcd2014ee5bcb60723153274a70ace998b56349d7992ba2ca8
3,5-6-7-12-13-20-21,5-6-7-12-13-20-21,1-3-5-6-7-8-10-12-13-15-17-20-21,7,13,0.53,3,"cnot_0->1,cross_on_target,features_normal,sim_manual",1.0,/Users/iratimush/xqml-thesis/data/qsvm-traindata-3.csv,/Users/iratimush/xqml-thesis/data/qsvm-testdata-3.csv,40x2,1000x2,x0|x1,y,11a4200d0f8576ffc90cfffa6fc0f744b5b64ecfb31d3cdb0fe01cff8acd6526,a7fdb0e3521072fcd2014ee5bcb60723153274a70ace998b56349d7992ba2ca8
3,5-6-7-12-14-19-20-21,5-6-7-12-14-19-20-21,1-3-5-6-7-8-10-12-14-15-17-19-20-21,8,14,0.551,3,"cnot_0->1,cross_on_target,features_normal,sim_manual",1.0,/Users/iratimush/xqml-thesis/data/qsvm-traindata-3.csv,/Users/iratimush/xqml-thesis/data/qsvm-testdata-3.csv,40x2,1000x2,x0|x1,y,11a4200d0f8576ffc90cfffa6fc0f744b5b64ecfb31d3cdb0fe01cff8acd6526,a7fdb0e3521072fcd2014ee5bcb60723153274a70ace998b56349d7992ba2ca8
3,5-6-7-12-14-19-21,5-6-7-12-14-19-21,1-3-5-6-7-8-10-12-14-15-17-19-21,7,13,0.51,3,"cnot_0->1,cross_on_target,features_normal,sim_manual",1.0,/Users/iratimush/xqml-thesis/data/qsvm-traindata-3.csv,/Users/iratimush/xqml-thesis/data/qsvm-testdata-3.csv,40x2,1000x2,x0|x1,y,11a4200d0f8576ffc90cfffa6fc0f744b5b64ecfb31d3cdb0fe01cff8acd6526,a7fdb0e3521072fcd2014ee5bcb60723153274a70ace998b56349d7992ba2ca8
3,5-6-7-13-14-19-20,5-6-7-13-14-19-20,1-3-5-6-7-8-10-13-14-15-17-19-20,7,13,0.538,3,"cnot_0->1,cross_on_target,features_normal,sim_manual",1.0,/Users/iratimush/xqml-thesis/data/qsvm-traindata-3.csv,/Users/iratimush/xqml-thesis/data/qsvm-testdata-3.csv,40x2,1000x2,x0|x1,y,11a4200d0f8576ffc90cfffa6fc0f744b5b64ecfb31d3cdb0fe01cff8acd6526,a7fdb0e3521072fcd2014ee5bcb60723153274a70ace998b56349d7992ba2ca8
3,5-6-7-13-14-19-20-21,5-6-7-13-14-19-20-21,1-3-5-6-7-8-10-13-14-15-17-19-20-21,8,14,0.538,3,"cnot_0->1,cross_on_target,features_normal,sim_manual",1.0,/Users/iratimush/xqml-thesis/data/qsvm-traindata-3.csv,/Users/iratimush/xqml-thesis/data/qsvm-testdata-3.csv,40x2,1000x2,x0|x1,y,11a4200d0f8576ffc90cfffa6fc0f744b5b64ecfb31d3cdb0fe01cff8acd6526,a7fdb0e3521072fcd2014ee5bcb60723153274a70ace998b56349d7992ba2ca8
3,5-6-7-13-14-20,5-6-7-13-14-20,1-3-5-6-7-8-10-13-14-15-17-20,6,12,0.538,3,"cnot_0->1,cross_on_target,features_normal,sim_manual",1.0,/Users/iratimush/xqml-thesis/data/qsvm-traindata-3.csv,/Users/iratimush/xqml-thesis/data/qsvm-testdata-3.csv,40x2,1000x2,x0|x1,y,11a4200d0f8576ffc90cfffa6fc0f744b5b64ecfb31d3cdb0fe01cff8acd6526,a7fdb0e3521072fcd2014ee5bcb60723153274a70ace998b56349d7992ba2ca8
3,5-6-7-13-14-20-21,5-6-7-13-14-20-21,1-3-5-6-7-8-10-13-14-15-17-20-21,7,13,0.538,3,"cnot_0->1,cross_on_target,features_normal,sim_manual",1.0,/Users/iratimush/xqml-thesis/data/qsvm-traindata-3.csv,/Users/iratimush/xqml-thesis/data/qsvm-testdata-3.csv,40x2,1000x2,x0|x1,y,11a4200d0f8576ffc90cfffa6fc0f744b5b64ecfb31d3cdb0fe01cff8acd6526,a7fdb0e3521072fcd2014ee5bcb60723153274a70ace998b56349d7992ba2ca8
3,5-6-7-13-19-20,5-6-7-13-19-20,1-3-5-6-7-8-10-13-15-17-19-20,6,12,0.555,3,"cnot_0->1,cross_on_target,features_normal,sim_manual",1.0,/Users/iratimush/xqml-thesis/data/qsvm-traindata-3.csv,/Users/iratimush/xqml-thesis/data/qsvm-testdata-3.csv,40x2,1000x2,x0|x1,y,11a4200d0f8576ffc90cfffa6fc0f744b5b64ecfb31d3cdb0fe01cff8acd6526,a7fdb0e3521072fcd2014ee5bcb60723153274a70ace998b56349d7992ba2ca8
3,5-6-7-13-19-20-21,5-6-7-13-19-20-21,1-3-5-6-7-8-10-13-15-17-19-20-21,7,13,0.555,3,"cnot_0->1,cross_on_target,features_normal,sim_manual",1.0,/Users/iratimush/xqml-thesis/data/qsvm-traindata-3.csv,/Users/iratimush/xqml-thesis/data/qsvm-testdata-3.csv,40x2,1000x2,x0|x1,y,11a4200d0f8576ffc90cfffa6fc0f744b5b64ecfb31d3cdb0fe01cff8acd6526,a7fdb0e3521072fcd2014ee5bcb60723153274a70ace998b56349d7992ba2ca8
3,5-6-7-13-20,5-6-7-13-20,1-3-5-6-7-8-10-13-15-17-20,5,11,0.538,3,"cnot_0->1,cross_on_target,features_normal,sim_manual",1.0,/Users/iratimush/xqml-thesis/data/qsvm-traindata-3.csv,/Users/iratimush/xqml-thesis/data/qsvm-testdata-3.csv,40x2,1000x2,x0|x1,y,11a4200d0f8576ffc90cfffa6fc0f744b5b64ecfb31d3cdb0fe01cff8acd6526,a7fdb0e3521072fcd2014ee5bcb60723153274a70ace998b56349d7992ba2ca8
3,5-6-7-13-20-21,5-6-7-13-20-21,1-3-5-6-7-8-10-13-15-17-20-21,6,12,0.538,3,"cnot_0->1,cross_on_target,features_normal,sim_manual",1.0,/Users/iratimush/xqml-thesis/data/qsvm-traindata-3.csv,/Users/iratimush/xqml-thesis/data/qsvm-testdata-3.csv,40x2,1000x2,x0|x1,y,11a4200d0f8576ffc90cfffa6fc0f744b5b64ecfb31d3cdb0fe01cff8acd6526,a7fdb0e3521072fcd2014ee5bcb60723153274a70ace998b56349d7992ba2ca8
3,5-6-12-13-14-19-20,5-6-12-13-14-19-20,1-3-5-6-8-10-12-13-14-15-17-19-20,7,13,0.538,3,"cnot_0->1,cross_on_target,features_normal,sim_manual",1.0,/Users/iratimush/xqml-thesis/data/qsvm-traindata-3.csv,/Users/iratimush/xqml-thesis/data/qsvm-testdata-3.csv,40x2,1000x2,x0|x1,y,11a4200d0f8576ffc90cfffa6fc0f744b5b64ecfb31d3cdb0fe01cff8acd6526,a7fdb0e3521072fcd2014ee5bcb60723153274a70ace998b56349d7992ba2ca8
3,5-6-12-13-14-19-20-21,5-6-12-13-14-19-20-21,1-3-5-6-8-10-12-13-14-15-17-19-20-21,8,14,0.538,3,"cnot_0->1,cross_on_target,features_normal,sim_manual",1.0,/Users/iratimush/xqml-thesis/data/qsvm-traindata-3.csv,/Users/iratimush/xqml-thesis/data/qsvm-testdata-3.csv,40x2,1000x2,x0|x1,y,11a4200d0f8576ffc90cfffa6fc0f744b5b64ecfb31d3cdb0fe01cff8acd6526,a7fdb0e3521072fcd2014ee5bcb60723153274a70ace998b56349d7992ba2ca8
3,5-6-12-13-14-20,5-6-12-13-14-20,1-3-5-6-8-10-12-13-14-15-17-20,6,12,0.555,3,"cnot_0->1,cross_on_target,features_normal,sim_manual",1.0,/Users/iratimush/xqml-thesis/data/qsvm-traindata-3.csv,/Users/iratimush/xqml-thesis/data/qsvm-testdata-3.csv,40x2,1000x2,x0|x1,y,11a4200d0f8576ffc90cfffa6fc0f744b5b64ecfb31d3cdb0fe01cff8acd6526,a7fdb0e3521072fcd2014ee5bcb60723153274a70ace998b56349d7992ba2ca8
3,5-6-12-13-14-20-21,5-6-12-13-14-20-21,1-3-5-6-8-10-12-13-14-15-17-20-21,7,13,0.555,3,"cnot_0->1,cross_on_target,features_normal,sim_manual",1.0,/Users/iratimush/xqml-thesis/data/qsvm-traindata-3.csv,/Users/iratimush/xqml-thesis/data/qsvm-testdata-3.csv,40x2,1000x2,x0|x1,y,11a4200d0f8576ffc90cfffa6fc0f744b5b64ecfb31d3cdb0fe01cff8acd6526,a7fdb0e3521072fcd2014ee5bcb60723153274a70ace998b56349d7992ba2ca8
3,5-6-12-13-19-20,5-6-12-13-19-20,1-3-5-6-8-10-12-13-15-17-19-20,6,12,0.538,3,"cnot_0->1,cross_on_target,features_normal,sim_manual",1.0,/Users/iratimush/xqml-thesis/data/qsvm-traindata-3.csv,/Users/iratimush/xqml-thesis/data/qsvm-testdata-3.csv,40x2,1000x2,x0|x1,y,11a4200d0f8576ffc90cfffa6fc0f744b5b64ecfb31d3cdb0fe01cff8acd6526,a7fdb0e3521072fcd2014ee5bcb60723153274a70ace998b56349d7992ba2ca8
3,5-6-12-13-19-20-21,5-6-12-13-19-20-21,1-3-5-6-8-10-12-13-15-17-19-20-21,7,13,0.538,3,"cnot_0->1,cross_on_target,features_normal,sim_manual",1.0,/Users/iratimush/xqml-thesis/data/qsvm-traindata-3.csv,/Users/iratimush/xqml-thesis/data/qsvm-testdata-3.csv,40x2,1000x2,x0|x1,y,11a4200d0f8576ffc90cfffa6fc0f744b5b64ecfb31d3cdb0fe01cff8acd6526,a7fdb0e3521072fcd2014ee5bcb60723153274a70ace998b56349d7992ba2ca8
3,5-6-12-13-20,5-6-12-13-20,1-3-5-6-8-10-12-13-15-17-20,5,11,0.555,3,"cnot_0->1,cross_on_target,features_normal,sim_manual",1.0,/Users/iratimush/xqml-thesis/data/qsvm-traindata-3.csv,/Users/iratimush/xqml-thesis/data/qsvm-testdata-3.csv,40x2,1000x2,x0|x1,y,11a4200d0f8576ffc90cfffa6fc0f744b5b64ecfb31d3cdb0fe01cff8acd6526,a7fdb0e3521072fcd2014ee5bcb60723153274a70ace998b56349d7992ba2ca8
3,5-6-12-13-20-21,5-6-12-13-20-21,1-3-5-6-8-10-12-13-15-17-20-21,6,12,0.555,3,"cnot_0->1,cross_on_target,features_normal,sim_manual",1.0,/Users/iratimush/xqml-thesis/data/qsvm-traindata-3.csv,/Users/iratimush/xqml-thesis/data/qsvm-testdata-3.csv,40x2,1000x2,x0|x1,y,11a4200d0f8576ffc90cfffa6fc0f744b5b64ecfb31d3cdb0fe01cff8acd6526,a7fdb0e3521072fcd2014ee5bcb60723153274a70ace998b56349d7992ba2ca8
3,5-6-13-14-19-20,5-6-13-14-19-20,1-3-5-6-8-10-13-14-15-17-19-20,6,12,0.538,3,"cnot_0->1,cross_on_target,features_normal,sim_manual",1.0,/Users/iratimush/xqml-thesis/data/qsvm-traindata-3.csv,/Users/iratimush/xqml-thesis/data/qsvm-testdata-3.csv,40x2,1000x2,x0|x1,y,11a4200d0f8576ffc90cfffa6fc0f744b5b64ecfb31d3cdb0fe01cff8acd6526,a7fdb0e3521072fcd2014ee5bcb60723153274a70ace998b56349d7992ba2ca8
3,5-6-13-14-19-20-21,5-6-13-14-19-20-21,1-3-5-6-8-10-13-14-15-17-19-20-21,7,13,0.538,3,"cnot_0->1,cross_on_target,features_normal,sim_manual",1.0,/Users/iratimush/xqml-thesis/data/qsvm-traindata-3.csv,/Users/iratimush/xqml-thesis/data/qsvm-testdata-3.csv,40x2,1000x2,x0|x1,y,11a4200d0f8576ffc90cfffa6fc0f744b5b64ecfb31d3cdb0fe01cff8acd6526,a7fdb0e3521072fcd2014ee5bcb60723153274a70ace998b56349d7992ba2ca8
3,5-6-13-14-20,5-6-13-14-20,1-3-5-6-8-10-13-14-15-17-20,5,11,0.555,3,"cnot_0->1,cross_on_target,features_normal,sim_manual",1.0,/Users/iratimush/xqml-thesis/data/qsvm-traindata-3.csv,/Users/iratimush/xqml-thesis/data/qsvm-testdata-3.csv,40x2,1000x2,x0|x1,y,11a4200d0f8576ffc90cfffa6fc0f744b5b64ecfb31d3cdb0fe01cff8acd6526,a7fdb0e3521072fcd2014ee5bcb60723153274a70ace998b56349d7992ba2ca8
3,5-6-13-14-20-21,5-6-13-14-20-21,1-3-5-6-8-10-13-14-15-17-20-21,6,12,0.555,3,"cnot_0->1,cross_on_target,features_normal,sim_manual",1.0,/Users/iratimush/xqml-thesis/data/qsvm-traindata-3.csv,/Users/iratimush/xqml-thesis/data/qsvm-testdata-3.csv,40x2,1000x2,x0|x1,y,11a4200d0f8576ffc90cfffa6fc0f744b5b64ecfb31d3cdb0fe01cff8acd6526,a7fdb0e3521072fcd2014ee5bcb60723153274a70ace998b56349d7992ba2ca8
3,5-6-13-19-20,5-6-13-19-20,1-3-5-6-8-10-13-15-17-19-20,5,11,0.538,3,"cnot_0->1,cross_on_target,features_normal,sim_manual",1.0,/Users/iratimush/xqml-thesis/data/qsvm-traindata-3.csv,/Users/iratimush/xqml-thesis/data/qsvm-testdata-3.csv,40x2,1000x2,x0|x1,y,11a4200d0f8576ffc90cfffa6fc0f744b5b64ecfb31d3cdb0fe01cff8acd6526,a7fdb0e3521072fcd2014ee5bcb60723153274a70ace998b56349d7992ba2ca8
3,5-6-13-19-20-21,5-6-13-19-20-21,1-3-5-6-8-10-13-15-17-19-20-21,6,12,0.538,3,"cnot_0->1,cross_on_target,features_normal,sim_manual",1.0,/Users/iratimush/xqml-thesis/data/qsvm-traindata-3.csv,/Users/iratimush/xqml-thesis/data/qsvm-testdata-3.csv,40x2,1000x2,x0|x1,y,11a4200d0f8576ffc90cfffa6fc0f744b5b64ecfb31d3cdb0fe01cff8acd6526,a7fdb0e3521072fcd2014ee5bcb60723153274a70ace998b56349d7992ba2ca8
3,5-6-13-20,5-6-13-20,1-3-5-6-8-10-13-15-17-20,4,10,0.555,3,"cnot_0->1,cross_on_target,features_normal,sim_manual",1.0,/Users/iratimush/xqml-thesis/data/qsvm-traindata-3.csv,/Users/iratimush/xqml-thesis/data/qsvm-testdata-3.csv,40x2,1000x2,x0|x1,y,11a4200d0f8576ffc90cfffa6fc0f744b5b64ecfb31d3cdb0fe01cff8acd6526,a7fdb0e3521072fcd2014ee5bcb60723153274a70ace998b56349d7992ba2ca8
3,5-6-13-20-21,5-6-13-20-21,1-3-5-6-8-10-13-15-17-20-21,5,11,0.555,3,"cnot_0->1,cross_on_target,features_normal,sim_manual",1.0,/Users/iratimush/xqml-thesis/data/qsvm-traindata-3.csv,/Users/iratimush/xqml-thesis/data/qsvm-testdata-3.csv,40x2,1000x2,x0|x1,y,11a4200d0f8576ffc90cfffa6fc0f744b5b64ecfb31d3cdb0fe01cff8acd6526,a7fdb0e3521072fcd2014ee5bcb60723153274a70ace998b56349d7992ba2ca8
3,5-7,5-7,1-3-5-7-8-10-15-17,2,8,0.5,3,"cnot_0->1,cross_on_target,features_normal,sim_manual",1.0,/Users/iratimush/xqml-thesis/data/qsvm-traindata-3.csv,/Users/iratimush/xqml-thesis/data/qsvm-testdata-3.csv,40x2,1000x2,x0|x1,y,11a4200d0f8576ffc90cfffa6fc0f744b5b64ecfb31d3cdb0fe01cff8acd6526,a7fdb0e3521072fcd2014ee5bcb60723153274a70ace998b56349d7992ba2ca8
3,5-7-9-11-12-14-16-18-19-21,5-7-9-11-12-14-16-18-19-21,1-3-5-7-8-9-10-11-12-14-15-16-17-18-19-21,10,16,0.654,3,"cnot_0->1,cross_on_target,features_normal,sim_manual",1.0,/Users/iratimush/xqml-thesis/data/qsvm-traindata-3.csv,/Users/iratimush/xqml-thesis/data/qsvm-testdata-3.csv,40x2,1000x2,x0|x1,y,11a4200d0f8576ffc90cfffa6fc0f744b5b64ecfb31d3cdb0fe01cff8acd6526,a7fdb0e3521072fcd2014ee5bcb60723153274a70ace998b56349d7992ba2ca8
3,5-7-9-11-12-14-16-19-21,5-7-9-11-12-14-16-19-21,1-3-5-7-8-9-10-11-12-14-15-16-17-19-21,9,15,0.514,3,"cnot_0->1,cross_on_target,features_normal,sim_manual",1.0,/Users/iratimush/xqml-thesis/data/qsvm-traindata-3.csv,/Users/iratimush/xqml-thesis/data/qsvm-testdata-3.csv,40x2,1000x2,x0|x1,y,11a4200d0f8576ffc90cfffa6fc0f744b5b64ecfb31d3cdb0fe01cff8acd6526,a7fdb0e3521072fcd2014ee5bcb60723153274a70ace998b56349d7992ba2ca8
3,5-7-9-11-12-14-18-19-21,5-7-9-11-12-14-18-19-21,1-3-5-7-8-9-10-11-12-14-15-17-18-19-21,9,15,0.495,3,"cnot_0->1,cross_on_target,features_normal,sim_manual",1.0,/Users/iratimush/xqml-thesis/data/qsvm-traindata-3.csv,/Users/iratimush/xqml-thesis/data/qsvm-testdata-3.csv,40x2,1000x2,x0|x1,y,11a4200d0f8576ffc90cfffa6fc0f744b5b64ecfb31d3cdb0fe01cff8acd6526,a7fdb0e3521072fcd2014ee5bcb60723153274a70ace998b56349d7992ba2ca8
3,5-7-9-11-12-14-19-21,5-7-9-11-12-14-19-21,1-3-5-7-8-9-10-11-12-14-15-17-19-21,8,14,0.5,3,"cnot_0->1,cross_on_target,features_normal,sim_manual",1.0,/Users/iratimush/xqml-thesis/data/qsvm-traindata-3.csv,/Users/iratimush/xqml-thesis/data/qsvm-testdata-3.csv,40x2,1000x2,x0|x1,y,11a4200d0f8576ffc90cfffa6fc0f744b5b64ecfb31d3cdb0fe01cff8acd6526,a7fdb0e3521072fcd2014ee5bcb60723153274a70ace998b56349d7992ba2ca8
3,5-7-9-12-14-16-18-19-21,5-7-9-12-14-16-18-19-21,1-3-5-7-8-9-10-12-14-15-16-17-18-19-21,9,15,0.654,3,"cnot_0->1,cross_on_target,features_normal,sim_manual",1.0,/Users/iratimush/xqml-thesis/data/qsvm-traindata-3.csv,/Users/iratimush/xqml-thesis/data/qsvm-testdata-3.csv,40x2,1000x2,x0|x1,y,11a4200d0f8576ffc90cfffa6fc0f744b5b64ecfb31d3cdb0fe01cff8acd6526,a7fdb0e3521072fcd2014ee5bcb60723153274a70ace998b56349d7992ba2ca8
3,5-7-9-12-14-16-19-21,5-7-9-12-14-16-19-21,1-3-5-7-8-9-10-12-14-15-16-17-19-21,8,14,0.514,3,"cnot_0->1,cross_on_target,features_normal,sim_manual",1.0,/Users/iratimush/xqml-thesis/data/qsvm-traindata-3.csv,/Users/iratimush/xqml-thesis/data/qsvm-testdata-3.csv,40x2,1000x2,x0|x1,y,11a4200d0f8576ffc90cfffa6fc0f744b5b64ecfb31d3cdb0fe01cff8acd6526,a7fdb0e3521072fcd2014ee5bcb60723153274a70ace998b56349d7992ba2ca8
3,5-7-9-12-14-18-19-21,5-7-9-12-14-18-19-21,1-3-5-7-8-9-10-12-14-15-17-18-19-21,8,14,0.495,3,"cnot_0->1,cross_on_target,features_normal,sim_manual",1.0,/Users/iratimush/xqml-thesis/data/qsvm-traindata-3.csv,/Users/iratimush/xqml-thesis/data/qsvm-testdata-3.csv,40x2,1000x2,x0|x1,y,11a4200d0f8576ffc90cfffa6fc0f744b5b64ecfb31d3cdb0fe01cff8acd6526,a7fdb0e3521072fcd2014ee5bcb60723153274a70ace998b56349d7992ba2ca8
3,5-7-9-12-14-19-21,5-7-9-12-14-19-21,1-3-5-7-8-9-10-12-14-15-17-19-21,7,13,0.5,3,"cnot_0->1,cross_on_target,features_normal,sim_manual",1.0,/Users/iratimush/xqml-thesis/data/qsvm-traindata-3.csv,/Users/iratimush/xqml-thesis/data/qsvm-testdata-3.csv,40x2,1000x2,x0|x1,y,11a4200d0f8576ffc90cfffa6fc0f744b5b64ecfb31d3cdb0fe01cff8acd6526,a7fdb0e3521072fcd2014ee5bcb60723153274a70ace998b56349d7992ba2ca8
3,5-7-11-12-14-16-18-19-21,5-7-11-12-14-16-18-19-21,1-3-5-7-8-10-11-12-14-15-16-17-18-19-21,9,15,0.654,3,"cnot_0->1,cross_on_target,features_normal,sim_manual",1.0,/Users/iratimush/xqml-thesis/data/qsvm-traindata-3.csv,/Users/iratimush/xqml-thesis/data/qsvm-testdata-3.csv,40x2,1000x2,x0|x1,y,11a4200d0f8576ffc90cfffa6fc0f744b5b64ecfb31d3cdb0fe01cff8acd6526,a7fdb0e3521072fcd2014ee5bcb60723153274a70ace998b56349d7992ba2ca8
3,5-7-11-12-14-16-19-21,5-7-11-12-14-16-19-21,1-3-5-7-8-10-11-12-14-15-16-17-19-21,8,14,0.514,3,"cnot_0->1,cross_on_target,features_normal,sim_manual",1.0,/Users/iratimush/xqml-thesis/data/qsvm-traindata-3.csv,/Users/iratimush/xqml-thesis/data/qsvm-testdata-3.csv,40x2,1000x2,x0|x1,y,11a4200d0f8576ffc90cfffa6fc0f744b5b64ecfb31d3cdb0fe01cff8acd6526,a7fdb0e3521072fcd2014ee5bcb60723153274a70ace998b56349d7992ba2ca8
3,5-7-11-12-14-18-19-21,5-7-11-12-14-18-19-21,1-3-5-7-8-10-11-12-14-15-17-18-19-21,8,14,0.495,3,"cnot_0->1,cross_on_target,features_normal,sim_manual",1.0,/Users/iratimush/xqml-thesis/data/qsvm-traindata-3.csv,/Users/iratimush/xqml-thesis/data/qsvm-testdata-3.csv,40x2,1000x2,x0|x1,y,11a4200d0f8576ffc90cfffa6fc0f744b5b64ecfb31d3cdb0fe01cff8acd6526,a7fdb0e3521072fcd2014ee5bcb60723153274a70ace998b56349d7992ba2ca8
3,5-7-11-12-14-19-21,5-7-11-12-14-19-21,1-3-5-7-8-10-11-12-14-15-17-19-21,7,13,0.5,3,"cnot_0->1,cross_on_target,features_normal,sim_manual",1.0,/Users/iratimush/xqml-thesis/data/qsvm-traindata-3.csv,/Users/iratimush/xqml-thesis/data/qsvm-testdata-3.csv,40x2,1000x2,x0|x1,y,11a4200d0f8576ffc90cfffa6fc0f744b5b64ecfb31d3cdb0fe01cff8acd6526,a7fdb0e3521072fcd2014ee5bcb60723153274a70ace998b56349d7992ba2ca8
3,5-7-12,5-7-12,1-3-5-7-8-10-12-15-17,3,9,0.5,3,"cnot_0->1,cross_on_target,features_normal,sim_manual",1.0,/Users/iratimush/xqml-thesis/data/qsvm-traindata-3.csv,/Users/iratimush/xqml-thesis/data/qsvm-testdata-3.csv,40x2,1000x2,x0|x1,y,11a4200d0f8576ffc90cfffa6fc0f744b5b64ecfb31d3cdb0fe01cff8acd6526,a7fdb0e3521072fcd2014ee5bcb60723153274a70ace998b56349d7992ba2ca8
3,5-7-12-13-14-19-20-21,5-7-12-13-14-19-20-21,1-3-5-7-8-10-12-13-14-15-17-19-20-21,8,14,0.51,3,"cnot_0->1,cross_on_target,features_normal,sim_manual",1.0,/Users/iratimush/xqml-thesis/data/qsvm-traindata-3.csv,/Users/iratimush/xqml-thesis/data/qsvm-testdata-3.csv,40x2,1000x2,x0|x1,y,11a4200d0f8576ffc90cfffa6fc0f744b5b64ecfb31d3cdb0fe01cff8acd6526,a7fdb0e3521072fcd2014ee5bcb60723153274a70ace998b56349d7992ba2ca8
3,5-7-12-13-14-19-21,5-7-12-13-14-19-21,1-3-5-7-8-10-12-13-14-15-17-19-21,7,13,0.5,3,"cnot_0->1,cross_on_target,features_normal,sim_manual",1.0,/Users/iratimush/xqml-thesis/data/qsvm-traindata-3.csv,/Users/iratimush/xqml-thesis/data/qsvm-testdata-3.csv,40x2,1000x2,x0|x1,y,11a4200d0f8576ffc90cfffa6fc0f744b5b64ecfb31d3cdb0fe01cff8acd6526,a7fdb0e3521072fcd2014ee5bcb60723153274a70ace998b56349d7992ba2ca8
3,5-7-12-14,5-7-12-14,1-3-5-7-8-10-12-14-15-17,4,10,0.5,3,"cnot_0->1,cross_on_target,features_normal,sim_manual",1.0,/Users/iratimush/xqml-thesis/data/qsvm-traindata-3.csv,/Users/iratimush/xqml-thesis/data/qsvm-testdata-3.csv,40x2,1000x2,x0|x1,y,11a4200d0f8576ffc90cfffa6fc0f744b5b64ecfb31d3cdb0fe01cff8acd6526,a7fdb0e3521072fcd2014ee5bcb60723153274a70ace998b56349d7992ba2ca8
3,5-7-12-14-16-18-19-21,5-7-12-14-16-18-19-21,1-3-5-7-8-10-12-14-15-16-17-18-19-21,8,14,0.654,3,"cnot_0->1,cross_on_target,features_normal,sim_manual",1.0,/Users/iratimush/xqml-thesis/data/qsvm-traindata-3.csv,/Users/iratimush/xqml-thesis/data/qsvm-testdata-3.csv,40x2,1000x2,x0|x1,y,11a4200d0f8576ffc90cfffa6fc0f744b5b64ecfb31d3cdb0fe01cff8acd6526,a7fdb0e3521072fcd2014ee5bcb60723153274a70ace998b56349d7992ba2ca8
3,5-7-12-14-16-19-21,5-7-12-14-16-19-21,1-3-5-7-8-10-12-14-15-16-17-19-21,7,13,0.514,3,"cnot_0->1,cross_on_target,features_normal,sim_manual",1.0,/Users/iratimush/xqml-thesis/data/qsvm-traindata-3.csv,/Users/iratimush/xqml-thesis/data/qsvm-testdata-3.csv,40x2,1000x2,x0|x1,y,11a4200d0f8576ffc90cfffa6fc0f744b5b64ecfb31d3cdb0fe01cff8acd6526,a7fdb0e3521072fcd2014ee5bcb60723153274a70ace998b56349d7992ba2ca8
3,5-7-12-14-18-19-21,5-7-12-14-18-19-21,1-3-5-7-8-10-12-14-15-17-18-19-21,7,13,0.495,3,"cnot_0->1,cross_on_target,features_normal,sim_manual",1.0,/Users/iratimush/xqml-thesis/data/qsvm-traindata-3.csv,/Users/iratimush/xqml-thesis/data/qsvm-testdata-3.csv,40x2,1000x2,x0|x1,y,11a4200d0f8576ffc90cfffa6fc0f744b5b64ecfb31d3cdb0fe01cff8acd6526,a7fdb0e3521072fcd2014ee5bcb60723153274a70ace998b56349d7992ba2ca8
3,5-7-12-14-19,5-7-12-14-19,1-3-5-7-8-10-12-14-15-17-19,5,11,0.5,3,"cnot_0->1,cross_on_target,features_normal,sim_manual",1.0,/Users/iratimush/xqml-thesis/data/qsvm-traindata-3.csv,/Users/iratimush/xqml-thesis/data/qsvm-testdata-3.csv,40x2,1000x2,x0|x1,y,11a4200d0f8576ffc90cfffa6fc0f744b5b64ecfb31d3cdb0fe01cff8acd6526,a7fdb0e3521072fcd2014ee5bcb60723153274a70ace998b56349d7992ba2ca8
3,5-7-12-14-19-20-21,5-7-12-14-19-20-21,1-3-5-7-8-10-12-14-15-17-19-20-21,7,13,0.51,3,"cnot_0->1,cross_on_target,features_normal,sim_manual",1.0,/Users/iratimush/xqml-thesis/data/qsvm-traindata-3.csv,/Users/iratimush/xqml-thesis/data/qsvm-testdata-3.csv,40x2,1000x2,x0|x1,y,11a4200d0f8576ffc90cfffa6fc0f744b5b64ecfb31d3cdb0fe01cff8acd6526,a7fdb0e3521072fcd2014ee5bcb60723153274a70ace998b56349d7992ba2ca8
3,5-7-12-14-19-21,5-7-12-14-19-21,1-3-5-7-8-10-12-14-15-17-19-21,6,12,0.5,3,"cnot_0->1,cross_on_target,features_normal,sim_manual",1.0,/Users/iratimush/xqml-thesis/data/qsvm-traindata-3.csv,/Users/iratimush/xqml-thesis/data/qsvm-testdata-3.csv,40x2,1000x2,x0|x1,y,11a4200d0f8576ffc90cfffa6fc0f744b5b64ecfb31d3cdb0fe01cff8acd6526,a7fdb0e3521072fcd2014ee5bcb60723153274a70ace998b56349d7992ba2ca8
3,5-7-12-14-21,5-7-12-14-21,1-3-5-7-8-10-12-14-15-17-21,5,11,0.5,3,"cnot_0->1,cross_on_target,features_normal,sim_manual",1.0,/Users/iratimush/xqml-thesis/data/qsvm-traindata-3.csv,/Users/iratimush/xqml-thesis/data/qsvm-testdata-3.csv,40x2,1000x2,x0|x1,y,11a4200d0f8576ffc90cfffa6fc0f744b5b64ecfb31d3cdb0fe01cff8acd6526,a7fdb0e3521072fcd2014ee5bcb60723153274a70ace998b56349d7992ba2ca8
3,5-7-12-19,5-7-12-19,1-3-5-7-8-10-12-15-17-19,4,10,0.5,3,"cnot_0->1,cross_on_target,features_normal,sim_manual",1.0,/Users/iratimush/xqml-thesis/data/qsvm-traindata-3.csv,/Users/iratimush/xqml-thesis/data/qsvm-testdata-3.csv,40x2,1000x2,x0|x1,y,11a4200d0f8576ffc90cfffa6fc0f744b5b64ecfb31d3cdb0fe01cff8acd6526,a7fdb0e3521072fcd2014ee5bcb60723153274a70ace998b56349d7992ba2ca8
3,5-7-12-19-21,5-7-12-19-21,1-3-5-7-8-10-12-15-17-19-21,5,11,0.5,3,"cnot_0->1,cross_on_target,features_normal,sim_manual",1.0,/Users/iratimush/xqml-thesis/data/qsvm-traindata-3.csv,/Users/iratimush/xqml-thesis/data/qsvm-testdata-3.csv,40x2,1000x2,x0|x1,y,11a4200d0f8576ffc90cfffa6fc0f744b5b64ecfb31d3cdb0fe01cff8acd6526,a7fdb0e3521072fcd2014ee5bcb60723153274a70ace998b56349d7992ba2ca8
3,5-7-12-21,5-7-12-21,1-3-5-7-8-10-12-15-17-21,4,10,0.5,3,"cnot_0->1,cross_on_target,features_normal,sim_manual",1.0,/Users/iratimush/xqml-thesis/data/qsvm-traindata-3.csv,/Users/iratimush/xqml-thesis/data/qsvm-testdata-3.csv,40x2,1000x2,x0|x1,y,11a4200d0f8576ffc90cfffa6fc0f744b5b64ecfb31d3cdb0fe01cff8acd6526,a7fdb0e3521072fcd2014ee5bcb60723153274a70ace998b56349d7992ba2ca8
3,5-7-14,5-7-14,1-3-5-7-8-10-14-15-17,3,9,0.5,3,"cnot_0->1,cross_on_target,features_normal,sim_manual",1.0,/Users/iratimush/xqml-thesis/data/qsvm-traindata-3.csv,/Users/iratimush/xqml-thesis/data/qsvm-testdata-3.csv,40x2,1000x2,x0|x1,y,11a4200d0f8576ffc90cfffa6fc0f744b5b64ecfb31d3cdb0fe01cff8acd6526,a7fdb0e3521072fcd2014ee5bcb60723153274a70ace998b56349d7992ba2ca8
3,5-7-14-19,5-7-14-19,1-3-5-7-8-10-14-15-17-19,4,10,0.5,3,"cnot_0->1,cross_on_target,features_normal,sim_manual",1.0,/Users/iratimush/xqml-thesis/data/qsvm-traindata-3.csv,/Users/iratimush/xqml-thesis/data/qsvm-testdata-3.csv,40x2,1000x2,x0|x1,y,11a4200d0f8576ffc90cfffa6fc0f744b5b64ecfb31d3cdb0fe01cff8acd6526,a7fdb0e3521072fcd2014ee5bcb60723153274a70ace998b56349d7992ba2ca8
3,5-7-14-19-21,5-7-14-19-21,1-3-5-7-8-10-14-15-17-19-21,5,11,0.5,3,"cnot_0->1,cross_on_target,features_normal,sim_manual",1.0,/Users/iratimush/xqml-thesis/data/qsvm-traindata-3.csv,/Users/iratimush/xqml-thesis/data/qsvm-testdata-3.csv,40x2,1000x2,x0|x1,y,11a4200d0f8576ffc90cfffa6fc0f744b5b64ecfb31d3cdb0fe01cff8acd6526,a7fdb0e3521072fcd2014ee5bcb60723153274a70ace998b56349d7992ba2ca8
3,5-7-14-21,5-7-14-21,1-3-5-7-8-10-14-15-17-21,4,10,0.5,3,"cnot_0->1,cross_on_target,features_normal,sim_manual",1.0,/Users/iratimush/xqml-thesis/data/qsvm-traindata-3.csv,/Users/iratimush/xqml-thesis/data/qsvm-testdata-3.csv,40x2,1000x2,x0|x1,y,11a4200d0f8576ffc90cfffa6fc0f744b5b64ecfb31d3cdb0fe01cff8acd6526,a7fdb0e3521072fcd2014ee5bcb60723153274a70ace998b56349d7992ba2ca8
3,5-7-19,5-7-19,1-3-5-7-8-10-15-17-19,3,9,0.5,3,"cnot_0->1,cross_on_target,features_normal,sim_manual",1.0,/Users/iratimush/xqml-thesis/data/qsvm-traindata-3.csv,/Users/iratimush/xqml-thesis/data/qsvm-testdata-3.csv,40x2,1000x2,x0|x1,y,11a4200d0f8576ffc90cfffa6fc0f744b5b64ecfb31d3cdb0fe01cff8acd6526,a7fdb0e3521072fcd2014ee5bcb60723153274a70ace998b56349d7992ba2ca8
3,5-7-19-21,5-7-19-21,1-3-5-7-8-10-15-17-19-21,4,10,0.5,3,"cnot_0->1,cross_on_target,features_normal,sim_manual",1.0,/Users/iratimush/xqml-thesis/data/qsvm-traindata-3.csv,/Users/iratimush/xqml-thesis/data/qsvm-testdata-3.csv,40x2,1000x2,x0|x1,y,11a4200d0f8576ffc90cfffa6fc0f744b5b64ecfb31d3cdb0fe01cff8acd6526,a7fdb0e3521072fcd2014ee5bcb60723153274a70ace998b56349d7992ba2ca8
3,5-7-21,5-7-21,1-3-5-7-8-10-15-17-21,3,9,0.5,3,"cnot_0->1,cross_on_target,features_normal,sim_manual",1.0,/Users/iratimush/xqml-thesis/data/qsvm-traindata-3.csv,/Users/iratimush/xqml-thesis/data/qsvm-testdata-3.csv,40x2,1000x2,x0|x1,y,11a4200d0f8576ffc90cfffa6fc0f744b5b64ecfb31d3cdb0fe01cff8acd6526,a7fdb0e3521072fcd2014ee5bcb60723153274a70ace998b56349d7992ba2ca8
3,5-12,5-12,1-3-5-8-10-12-15-17,2,8,0.5,3,"cnot_0->1,cross_on_target,features_normal,sim_manual",1.0,/Users/iratimush/xqml-thesis/data/qsvm-traindata-3.csv,/Users/iratimush/xqml-thesis/data/qsvm-testdata-3.csv,40x2,1000x2,x0|x1,y,11a4200d0f8576ffc90cfffa6fc0f744b5b64ecfb31d3cdb0fe01cff8acd6526,a7fdb0e3521072fcd2014ee5bcb60723153274a70ace998b56349d7992ba2ca8
3,5-12-14,5-12-14,1-3-5-8-10-12-14-15-17,3,9,0.5,3,"cnot_0->1,cross_on_target,features_normal,sim_manual",1.0,/Users/iratimush/xqml-thesis/data/qsvm-traindata-3.csv,/Users/iratimush/xqml-thesis/data/qsvm-testdata-3.csv,40x2,1000x2,x0|x1,y,11a4200d0f8576ffc90cfffa6fc0f744b5b64ecfb31d3cdb0fe01cff8acd6526,a7fdb0e3521072fcd2014ee5bcb60723153274a70ace998b56349d7992ba2ca8
3,5-12-14-19,5-12-14-19,1-3-5-8-10-12-14-15-17-19,4,10,0.5,3,"cnot_0->1,cross_on_target,features_normal,sim_manual",1.0,/Users/iratimush/xqml-thesis/data/qsvm-traindata-3.csv,/Users/iratimush/xqml-thesis/data/qsvm-testdata-3.csv,40x2,1000x2,x0|x1,y,11a4200d0f8576ffc90cfffa6fc0f744b5b64ecfb31d3cdb0fe01cff8acd6526,a7fdb0e3521072fcd2014ee5bcb60723153274a70ace998b56349d7992ba2ca8
3,5-12-14-19-21,5-12-14-19-21,1-3-5-8-10-12-14-15-17-19-21,5,11,0.5,3,"cnot_0->1,cross_on_target,features_normal,sim_manual",1.0,/Users/iratimush/xqml-thesis/data/qsvm-traindata-3.csv,/Users/iratimush/xqml-thesis/data/qsvm-testdata-3.csv,40x2,1000x2,x0|x1,y,11a4200d0f8576ffc90cfffa6fc0f744b5b64ecfb31d3cdb0fe01cff8acd6526,a7fdb0e3521072fcd2014ee5bcb60723153274a70ace998b56349d7992ba2ca8
3,5-12-14-21,5-12-14-21,1-3-5-8-10-12-14-15-17-21,4,10,0.5,3,"cnot_0->1,cross_on_target,features_normal,sim_manual",1.0,/Users/iratimush/xqml-thesis/data/qsvm-traindata-3.csv,/Users/iratimush/xqml-thesis/data/qsvm-testdata-3.csv,40x2,1000x2,x0|x1,y,11a4200d0f8576ffc90cfffa6fc0f744b5b64ecfb31d3cdb0fe01cff8acd6526,a7fdb0e3521072fcd2014ee5bcb60723153274a70ace998b56349d7992ba2ca8
3,5-12-19,5-12-19,1-3-5-8-10-12-15-17-19,3,9,0.5,3,"cnot_0->1,cross_on_target,features_normal,sim_manual",1.0,/Users/iratimush/xqml-thesis/data/qsvm-traindata-3.csv,/Users/iratimush/xqml-thesis/data/qsvm-testdata-3.csv,40x2,1000x2,x0|x1,y,11a4200d0f8576ffc90cfffa6fc0f744b5b64ecfb31d3cdb0fe01cff8acd6526,a7fdb0e3521072fcd2014ee5bcb60723153274a70ace998b56349d7992ba2ca8
3,5-12-19-21,5-12-19-21,1-3-5-8-10-12-15-17-19-21,4,10,0.5,3,"cnot_0->1,cross_on_target,features_normal,sim_manual",1.0,/Users/iratimush/xqml-thesis/data/qsvm-traindata-3.csv,/Users/iratimush/xqml-thesis/data/qsvm-testdata-3.csv,40x2,1000x2,x0|x1,y,11a4200d0f8576ffc90cfffa6fc0f744b5b64ecfb31d3cdb0fe01cff8acd6526,a7fdb0e3521072fcd2014ee5bcb60723153274a70ace998b56349d7992ba2ca8
3,5-12-21,5-12-21,1-3-5-8-10-12-15-17-21,3,9,0.5,3,"cnot_0->1,cross_on_target,features_normal,sim_manual",1.0,/Users/iratimush/xqml-thesis/data/qsvm-traindata-3.csv,/Users/iratimush/xqml-thesis/data/qsvm-testdata-3.csv,40x2,1000x2,x0|x1,y,11a4200d0f8576ffc90cfffa6fc0f744b5b64ecfb31d3cdb0fe01cff8acd6526,a7fdb0e3521072fcd2014ee5bcb60723153274a70ace998b56349d7992ba2ca8
3,5-14,5-14,1-3-5-8-10-14-15-17,2,8,0.5,3,"cnot_0->1,cross_on_target,features_normal,sim_manual",1.0,/Users/iratimush/xqml-thesis/data/qsvm-traindata-3.csv,/Users/iratimush/xqml-thesis/data/qsvm-testdata-3.csv,40x2,1000x2,x0|x1,y,11a4200d0f8576ffc90cfffa6fc0f744b5b64ecfb31d3cdb0fe01cff8acd6526,a7fdb0e3521072fcd2014ee5bcb60723153274a70ace998b56349d7992ba2ca8
3,5-14-19,5-14-19,1-3-5-8-10-14-15-17-19,3,9,0.5,3,"cnot_0->1,cross_on_target,features_normal,sim_manual",1.0,/Users/iratimush/xqml-thesis/data/qsvm-traindata-3.csv,/Users/iratimush/xqml-thesis/data/qsvm-testdata-3.csv,40x2,1000x2,x0|x1,y,11a4200d0f8576ffc90cfffa6fc0f744b5b64ecfb31d3cdb0fe01cff8acd6526,a7fdb0e3521072fcd2014ee5bcb60723153274a70ace998b56349d7992ba2ca8
3,5-14-19-21,5-14-19-21,1-3-5-8-10-14-15-17-19-21,4,10,0.5,3,"cnot_0->1,cross_on_target,features_normal,sim_manual",1.0,/Users/iratimush/xqml-thesis/data/qsvm-traindata-3.csv,/Users/iratimush/xqml-thesis/data/qsvm-testdata-3.csv,40x2,1000x2,x0|x1,y,11a4200d0f8576ffc90cfffa6fc0f744b5b64ecfb31d3cdb0fe01cff8acd6526,a7fdb0e3521072fcd2014ee5bcb60723153274a70ace998b56349d7992ba2ca8
3,5-14-21,5-14-21,1-3-5-8-10-14-15-17-21,3,9,0.5,3,"cnot_0->1,cross_on_target,features_normal,sim_manual",1.0,/Users/iratimush/xqml-thesis/data/qsvm-traindata-3.csv,/Users/iratimush/xqml-thesis/data/qsvm-testdata-3.csv,40x2,1000x2,x0|x1,y,11a4200d0f8576ffc90cfffa6fc0f744b5b64ecfb31d3cdb0fe01cff8acd6526,a7fdb0e3521072fcd2014ee5bcb60723153274a70ace998b56349d7992ba2ca8
3,5-19,5-19,1-3-5-8-10-15-17-19,2,8,0.5,3,"cnot_0->1,cross_on_target,features_normal,sim_manual",1.0,/Users/iratimush/xqml-thesis/data/qsvm-traindata-3.csv,/Users/iratimush/xqml-thesis/data/qsvm-testdata-3.csv,40x2,1000x2,x0|x1,y,11a4200d0f8576ffc90cfffa6fc0f744b5b64ecfb31d3cdb0fe01cff8acd6526,a7fdb0e3521072fcd2014ee5bcb60723153274a70ace998b56349d7992ba2ca8
3,5-19-21,5-19-21,1-3-5-8-10-15-17-19-21,3,9,0.5,3,"cnot_0->1,cross_on_target,features_normal,sim_manual",1.0,/Users/iratimush/xqml-thesis/data/qsvm-traindata-3.csv,/Users/iratimush/xqml-thesis/data/qsvm-testdata-3.csv,40x2,1000x2,x0|x1,y,11a4200d0f8576ffc90cfffa6fc0f744b5b64ecfb31d3cdb0fe01cff8acd6526,a7fdb0e3521072fcd2014ee5bcb60723153274a70ace998b56349d7992ba2ca8
3,5-21,5-21,1-3-5-8-10-15-17-21,2,8,0.5,3,"cnot_0->1,cross_on_target,features_normal,sim_manual",1.0,/Users/iratimush/xqml-thesis/data/qsvm-traindata-3.csv,/Users/iratimush/xqml-thesis/data/qsvm-testdata-3.csv,40x2,1000x2,x0|x1,y,11a4200d0f8576ffc90cfffa6fc0f744b5b64ecfb31d3cdb0fe01cff8acd6526,a7fdb0e3521072fcd2014ee5bcb60723153274a70ace998b56349d7992ba2ca8
3,6,6,1-3-6-8-10-15-17,1,7,0.51,3,"cnot_0->1,cross_on_target,features_normal,sim_manual",1.0,/Users/iratimush/xqml-thesis/data/qsvm-traindata-3.csv,/Users/iratimush/xqml-thesis/data/qsvm-testdata-3.csv,40x2,1000x2,x0|x1,y,11a4200d0f8576ffc90cfffa6fc0f744b5b64ecfb31d3cdb0fe01cff8acd6526,a7fdb0e3521072fcd2014ee5bcb60723153274a70ace998b56349d7992ba2ca8
3,6-7-12-13-14-19-20,6-7-12-13-14-19-20,1-3-6-7-8-10-12-13-14-15-17-19-20,7,13,0.551,3,"cnot_0->1,cross_on_target,features_normal,sim_manual",1.0,/Users/iratimush/xqml-thesis/data/qsvm-traindata-3.csv,/Users/iratimush/xqml-thesis/data/qsvm-testdata-3.csv,40x2,1000x2,x0|x1,y,11a4200d0f8576ffc90cfffa6fc0f744b5b64ecfb31d3cdb0fe01cff8acd6526,a7fdb0e3521072fcd2014ee5bcb60723153274a70ace998b56349d7992ba2ca8
3,6-7-12-13-14-19-20-21,6-7-12-13-14-19-20-21,1-3-6-7-8-10-12-13-14-15-17-19-20-21,8,14,0.551,3,"cnot_0->1,cross_on_target,features_normal,sim_manual",1.0,/Users/iratimush/xqml-thesis/data/qsvm-traindata-3.csv,/Users/iratimush/xqml-thesis/data/qsvm-testdata-3.csv,40x2,1000x2,x0|x1,y,11a4200d0f8576ffc90cfffa6fc0f744b5b64ecfb31d3cdb0fe01cff8acd6526,a7fdb0e3521072fcd2014ee5bcb60723153274a70ace998b56349d7992ba2ca8
3,6-7-12-13-14-20,6-7-12-13-14-20,1-3-6-7-8-10-12-13-14-15-17-20,6,12,0.53,3,"cnot_0->1,cross_on_target,features_normal,sim_manual",1.0,/Users/iratimush/xqml-thesis/data/qsvm-traindata-3.csv,/Users/iratimush/xqml-thesis/data/qsvm-testdata-3.csv,40x2,1000x2,x0|x1,y,11a4200d0f8576ffc90cfffa6fc0f744b5b64ecfb31d3cdb0fe01cff8acd6526,a7fdb0e3521072fcd2014ee5bcb60723153274a70ace998b56349d7992ba2ca8
3,6-7-12-13-14-20-21,6-7-12-13-14-20-21,1-3-6-7-8-10-12-13-14-15-17-20-21,7,13,0.53,3,"cnot_0->1,cross_on_target,features_normal,sim_manual",1.0,/Users/iratimush/xqml-thesis/data/qsvm-traindata-3.csv,/Users/iratimush/xqml-thesis/data/qsvm-testdata-3.csv,40x2,1000x2,x0|x1,y,11a4200d0f8576ffc90cfffa6fc0f744b5b64ecfb31d3cdb0fe01cff8acd6526,a7fdb0e3521072fcd2014ee5bcb60723153274a70ace998b56349d7992ba2ca8
3,6-7-12-13-19-20,6-7-12-13-19-20,1-3-6-7-8-10-12-13-15-17-19-20,6,12,0.53,3,"cnot_0->1,cross_on_target,features_normal,sim_manual",1.0,/Users/iratimush/xqml-thesis/data/qsvm-traindata-3.csv,/Users/iratimush/xqml-thesis/data/qsvm-testdata-3.csv,40x2,1000x2,x0|x1,y,11a4200d0f8576ffc90cfffa6fc0f744b5b64ecfb31d3cdb0fe01cff8acd6526,a7fdb0e3521072fcd2014ee5bcb60723153274a70ace998b56349d7992ba2ca8
3,6-7-12-13-19-20-21,6-7-12-13-19-20-21,1-3-6-7-8-10-12-13-15-17-19-20-21,7,13,0.53,3,"cnot_0->1,cross_on_target,features_normal,sim_manual",1.0,/Users/iratimush/xqml-thesis/data/qsvm-traindata-3.csv,/Users/iratimush/xqml-thesis/data/qsvm-testdata-3.csv,40x2,1000x2,x0|x1,y,11a4200d0f8576ffc90cfffa6fc0f744b5b64ecfb31d3cdb0fe01cff8acd6526,a7fdb0e3521072fcd2014ee5bcb60723153274a70ace998b56349d7992ba2ca8
3,6-7-12-13-20,6-7-12-13-20,1-3-6-7-8-10-12-13-15-17-20,5,11,0.53,3,"cnot_0->1,cross_on_target,features_normal,sim_manual",1.0,/Users/iratimush/xqml-thesis/data/qsvm-traindata-3.csv,/Users/iratimush/xqml-thesis/data/qsvm-testdata-3.csv,40x2,1000x2,x0|x1,y,11a4200d0f8576ffc90cfffa6fc0f744b5b64ecfb31d3cdb0fe01cff8acd6526,a7fdb0e3521072fcd2014ee5bcb60723153274a70ace998b56349d7992ba2ca8
3,6-7-12-13-20-21,6-7-12-13-20-21,1-3-6-7-8-10-12-13-15-17-20-21,6,12,0.53,3,"cnot_0->1,cross_on_target,features_normal,sim_manual",1.0,/Users/iratimush/xqml-thesis/data/qsvm-traindata-3.csv,/Users/iratimush/xqml-thesis/data/qsvm-testdata-3.csv,40x2,1000x2,x0|x1,y,11a4200d0f8576ffc90cfffa6fc0f744b5b64ecfb31d3cdb0fe01cff8acd6526,a7fdb0e3521072fcd2014ee5bcb60723153274a70ace998b56349d7992ba2ca8
3,6-7-13-14-19-20,6-7-13-14-19-20,1-3-6-7-8-10-13-14-15-17-19-20,6,12,0.538,3,"cnot_0->1,cross_on_target,features_normal,sim_manual",1.0,/Users/iratimush/xqml-thesis/data/qsvm-traindata-3.csv,/Users/iratimush/xqml-thesis/data/qsvm-testdata-3.csv,40x2,1000x2,x0|x1,y,11a4200d0f8576ffc90cfffa6fc0f744b5b64ecfb31d3cdb0fe01cff8acd6526,a7fdb0e3521072fcd2014ee5bcb60723153274a70ace998b56349d7992ba2ca8
3,6-7-13-14-19-20-21,6-7-13-14-19-20-21,1-3-6-7-8-10-13-14-15-17-19-20-21,7,13,0.538,3,"cnot_0->1,cross_on_target,features_normal,sim_manual",1.0,/Users/iratimush/xqml-thesis/data/qsvm-traindata-3.csv,/Users/iratimush/xqml-thesis/data/qsvm-testdata-3.csv,40x2,1000x2,x0|x1,y,11a4200d0f8576ffc90cfffa6fc0f744b5b64ecfb31d3cdb0fe01cff8acd6526,a7fdb0e3521072fcd2014ee5bcb60723153274a70ace998b56349d7992ba2ca8
3,6-7-13-14-20,6-7-13-14-20,1-3-6-7-8-10-13-14-15-17-20,5,11,0.538,3,"cnot_0->1,cross_on_target,features_normal,sim_manual",1.0,/Users/iratimush/xqml-thesis/data/qsvm-traindata-3.csv,/Users/iratimush/xqml-thesis/data/qsvm-testdata-3.csv,40x2,1000x2,x0|x1,y,11a4200d0f8576ffc90cfffa6fc0f744b5b64ecfb31d3cdb0fe01cff8acd6526,a7fdb0e3521072fcd2014ee5bcb60723153274a70ace998b56349d7992ba2ca8
3,6-7-13-14-20-21,6-7-13-14-20-21,1-3-6-7-8-10-13-14-15-17-20-21,6,12,0.538,3,"cnot_0->1,cross_on_target,features_normal,sim_manual",1.0,/Users/iratimush/xqml-thesis/data/qsvm-traindata-3.csv,/Users/iratimush/xqml-thesis/data/qsvm-testdata-3.csv,40x2,1000x2,x0|x1,y,11a4200d0f8576ffc90cfffa6fc0f744b5b64ecfb31d3cdb0fe01cff8acd6526,a7fdb0e3521072fcd2014ee5bcb60723153274a70ace998b56349d7992ba2ca8
3,6-7-13-19-20,6-7-13-19-20,1-3-6-7-8-10-13-15-17-19-20,5,11,0.555,3,"cnot_0->1,cross_on_target,features_normal,sim_manual",1.0,/Users/iratimush/xqml-thesis/data/qsvm-traindata-3.csv,/Users/iratimush/xqml-thesis/data/qsvm-testdata-3.csv,40x2,1000x2,x0|x1,y,11a4200d0f8576ffc90cfffa6fc0f744b5b64ecfb31d3cdb0fe01cff8acd6526,a7fdb0e3521072fcd2014ee5bcb60723153274a70ace998b56349d7992ba2ca8
3,6-7-13-19-20-21,6-7-13-19-20-21,1-3-6-7-8-10-13-15-17-19-20-21,6,12,0.555,3,"cnot_0->1,cross_on_target,features_normal,sim_manual",1.0,/Users/iratimush/xqml-thesis/data/qsvm-traindata-3.csv,/Users/iratimush/xqml-thesis/data/qsvm-testdata-3.csv,40x2,1000x2,x0|x1,y,11a4200d0f8576ffc90cfffa6fc0f744b5b64ecfb31d3cdb0fe01cff8acd6526,a7fdb0e3521072fcd2014ee5bcb60723153274a70ace998b56349d7992ba2ca8
3,6-7-13-20,6-7-13-20,1-3-6-7-8-10-13-15-17-20,4,10,0.538,3,"cnot_0->1,cross_on_target,features_normal,sim_manual",1.0,/Users/iratimush/xqml-thesis/data/qsvm-traindata-3.csv,/Users/iratimush/xqml-thesis/data/qsvm-testdata-3.csv,40x2,1000x2,x0|x1,y,11a4200d0f8576ffc90cfffa6fc0f744b5b64ecfb31d3cdb0fe01cff8acd6526,a7fdb0e3521072fcd2014ee5bcb60723153274a70ace998b56349d7992ba2ca8
3,6-7-13-20-21,6-7-13-20-21,1-3-6-7-8-10-13-15-17-20-21,5,11,0.538,3,"cnot_0->1,cross_on_target,features_normal,sim_manual",1.0,/Users/iratimush/xqml-thesis/data/qsvm-traindata-3.csv,/Users/iratimush/xqml-thesis/data/qsvm-testdata-3.csv,40x2,1000x2,x0|x1,y,11a4200d0f8576ffc90cfffa6fc0f744b5b64ecfb31d3cdb0fe01cff8acd6526,a7fdb0e3521072fcd2014ee5bcb60723153274a70ace998b56349d7992ba2ca8
3,6-9-11-13-16-18-20,6-9-11-13-16-18-20,1-3-6-8-9-10-11-13-15-16-17-18-20,7,13,0.602,3,"cnot_0->1,cross_on_target,features_normal,sim_manual",1.0,/Users/iratimush/xqml-thesis/data/qsvm-traindata-3.csv,/Users/iratimush/xqml-thesis/data/qsvm-testdata-3.csv,40x2,1000x2,x0|x1,y,11a4200d0f8576ffc90cfffa6fc0f744b5b64ecfb31d3cdb0fe01cff8acd6526,a7fdb0e3521072fcd2014ee5bcb60723153274a70ace998b56349d7992ba2ca8
3,6-9-11-13-16-20,6-9-11-13-16-20,1-3-6-8-9-10-11-13-15-16-17-20,6,12,0.608,3,"cnot_0->1,cross_on_target,features_normal,sim_manual",1.0,/Users/iratimush/xqml-thesis/data/qsvm-traindata-3.csv,/Users/iratimush/xqml-thesis/data/qsvm-testdata-3.csv,40x2,1000x2,x0|x1,y,11a4200d0f8576ffc90cfffa6fc0f744b5b64ecfb31d3cdb0fe01cff8acd6526,a7fdb0e3521072fcd2014ee5bcb60723153274a70ace998b56349d7992ba2ca8
3,6-9-11-13-18-20,6-9-11-13-18-20,1-3-6-8-9-10-11-13-15-17-18-20,6,12,0.516,3,"cnot_0->1,cross_on_target,features_normal,sim_manual",1.0,/Users/iratimush/xqml-thesis/data/qsvm-traindata-3.csv,/Users/iratimush/xqml-thesis/data/qsvm-testdata-3.csv,40x2,1000x2,x0|x1,y,11a4200d0f8576ffc90cfffa6fc0f744b5b64ecfb31d3cdb0fe01cff8acd6526,a7fdb0e3521072fcd2014ee5bcb60723153274a70ace998b56349d7992ba2ca8
3,6-9-11-13-20,6-9-11-13-20,1-3-6-8-9-10-11-13-15-17-20,5,11,0.541,3,"cnot_0->1,cross_on_target,features_normal,sim_manual",1.0,/Users/iratimush/xqml-thesis/data/qsvm-traindata-3.csv,/Users/iratimush/xqml-thesis/data/qsvm-testdata-3.csv,40x2,1000x2,x0|x1,y,11a4200d0f8576ffc90cfffa6fc0f744b5b64ecfb31d3cdb0fe01cff8acd6526,a7fdb0e3521072fcd2014ee5bcb60723153274a70ace998b56349d7992ba2ca8
3,6-9-13-16-18-20,6-9-13-16-18-20,1-3-6-8-9-10-13-15-16-17-18-20,6,12,0.534,3,"cnot_0->1,cross_on_target,features_normal,sim_manual",1.0,/Users/iratimush/xqml-thesis/data/qsvm-traindata-3.csv,/Users/iratimush/xqml-thesis/data/qsvm-testdata-3.csv,40x2,1000x2,x0|x1,y,11a4200d0f8576ffc90cfffa6fc0f744b5b64ecfb31d3cdb0fe01cff8acd6526,a7fdb0e3521072fcd2014ee5bcb60723153274a70ace998b56349d7992ba2ca8
3,6-9-13-16-20,6-9-13-16-20,1-3-6-8-9-10-13-15-16-17-20,5,11,0.54,3,"cnot_0->1,cross_on_target,features_normal,sim_manual",1.0,/Users/iratimush/xqml-thesis/data/qsvm-traindata-3.csv,/Users/iratimush/xqml-thesis/data/qsvm-testdata-3.csv,40x2,1000x2,x0|x1,y,11a4200d0f8576ffc90cfffa6fc0f744b5b64ecfb31d3cdb0fe01cff8acd6526,a7fdb0e3521072fcd2014ee5bcb60723153274a70ace998b56349d7992ba2ca8
3,6-9-13-18-20,6-9-13-18-20,1-3-6-8-9-10-13-15-17-18-20,5,11,0.534,3,"cnot_0->1,cross_on_target,features_normal,sim_manual",1.0,/Users/iratimush/xqml-thesis/data/qsvm-traindata-3.csv,/Users/iratimush/xqml-thesis/data/qsvm-testdata-3.csv,40x2,1000x2,x0|x1,y,11a4200d0f8576ffc90cfffa6fc0f744b5b64ecfb31d3cdb0fe01cff8acd6526,a7fdb0e3521072fcd2014ee5bcb60723153274a70ace998b56349d7992ba2ca8
3,6-9-13-20,6-9-13-20,1-3-6-8-9-10-13-15-17-20,4,10,0.555,3,"cnot_0->1,cross_on_target,features_normal,sim_manual",1.0,/Users/iratimush/xqml-thesis/data/qsvm-traindata-3.csv,/Users/iratimush/xqml-thesis/data/qsvm-testdata-3.csv,40x2,1000x2,x0|x1,y,11a4200d0f8576ffc90cfffa6fc0f744b5b64ecfb31d3cdb0fe01cff8acd6526,a7fdb0e3521072fcd2014ee5bcb60723153274a70ace998b56349d7992ba2ca8
3,6-11-13-16-18-20,6-11-13-16-18-20,1-3-6-8-10-11-13-15-16-17-18-20,6,12,0.602,3,"cnot_0->1,cross_on_target,features_normal,sim_manual",1.0,/Users/iratimush/xqml-thesis/data/qsvm-traindata-3.csv,/Users/iratimush/xqml-thesis/data/qsvm-testdata-3.csv,40x2,1000x2,x0|x1,y,11a4200d0f8576ffc90cfffa6fc0f744b5b64ecfb31d3cdb0fe01cff8acd6526,a7fdb0e3521072fcd2014ee5bcb60723153274a70ace998b56349d7992ba2ca8
3,6-11-13-16-20,6-11-13-16-20,1-3-6-8-10-11-13-15-16-17-20,5,11,0.608,3,"cnot_0->1,cross_on_target,features_normal,sim_manual",1.0,/Users/iratimush/xqml-thesis/data/qsvm-traindata-3.csv,/Users/iratimush/xqml-thesis/data/qsvm-testdata-3.csv,40x2,1000x2,x0|x1,y,11a4200d0f8576ffc90cfffa6fc0f744b5b64ecfb31d3cdb0fe01cff8acd6526,a7fdb0e3521072fcd2014ee5bcb60723153274a70ace998b56349d7992ba2ca8
3,6-11-13-18-20,6-11-13-18-20,1-3-6-8-10-11-13-15-17-18-20,5,11,0.516,3,"cnot_0->1,cross_on_target,features_normal,sim_manual",1.0,/Users/iratimush/xqml-thesis/data/qsvm-traindata-3.csv,/Users/iratimush/xqml-thesis/data/qsvm-testdata-3.csv,40x2,1000x2,x0|x1,y,11a4200d0f8576ffc90cfffa6fc0f744b5b64ecfb31d3cdb0fe01cff8acd6526,a7fdb0e3521072fcd2014ee5bcb60723153274a70ace998b56349d7992ba2ca8
3,6-11-13-20,6-11-13-20,1-3-6-8-10-11-13-15-17-20,4,10,0.541,3,"cnot_0->1,cross_on_target,features_normal,sim_manual",1.0,/Users/iratimush/xqml-thesis/data/qsvm-traindata-3.csv,/Users/iratimush/xqml-thesis/data/qsvm-testdata-3.csv,40x2,1000x2,x0|x1,y,11a4200d0f8576ffc90cfffa6fc0f744b5b64ecfb31d3cdb0fe01cff8acd6526,a7fdb0e3521072fcd2014ee5bcb60723153274a70ace998b56349d7992ba2ca8
3,6-12-13-14-19-20,6-12-13-14-19-20,1-3-6-8-10-12-13-14-15-17-19-20,6,12,0.538,3,"cnot_0->1,cross_on_target,features_normal,sim_manual",1.0,/Users/iratimush/xqml-thesis/data/qsvm-traindata-3.csv,/Users/iratimush/xqml-thesis/data/qsvm-testdata-3.csv,40x2,1000x2,x0|x1,y,11a4200d0f8576ffc90cfffa6fc0f744b5b64ecfb31d3cdb0fe01cff8acd6526,a7fdb0e3521072fcd2014ee5bcb60723153274a70ace998b56349d7992ba2ca8
3,6-12-13-14-19-20-21,6-12-13-14-19-20-21,1-3-6-8-10-12-13-14-15-17-19-20-21,7,13,0.538,3,"cnot_0->1,cross_on_target,features_normal,sim_manual",1.0,/Users/iratimush/xqml-thesis/data/qsvm-traindata-3.csv,/Users/iratimush/xqml-thesis/data/qsvm-testdata-3.csv,40x2,1000x2,x0|x1,y,11a4200d0f8576ffc90cfffa6fc0f744b5b64ecfb31d3cdb0fe01cff8acd6526,a7fdb0e3521072fcd2014ee5bcb60723153274a70ace998b56349d7992ba2ca8
3,6-12-13-14-20,6-12-13-14-20,1-3-6-8-10-12-13-14-15-17-20,5,11,0.555,3,"cnot_0->1,cross_on_target,features_normal,sim_manual",1.0,/Users/iratimush/xqml-thesis/data/qsvm-traindata-3.csv,/Users/iratimush/xqml-thesis/data/qsvm-testdata-3.csv,40x2,1000x2,x0|x1,y,11a4200d0f8576ffc90cfffa6fc0f744b5b64ecfb31d3cdb0fe01cff8acd6526,a7fdb0e3521072fcd2014ee5bcb60723153274a70ace998b56349d7992ba2ca8
3,6-12-13-14-20-21,6-12-13-14-20-21,1-3-6-8-10-12-13-14-15-17-20-21,6,12,0.555,3,"cnot_0->1,cross_on_target,features_normal,sim_manual",1.0,/Users/iratimush/xqml-thesis/data/qsvm-traindata-3.csv,/Users/iratimush/xqml-thesis/data/qsvm-testdata-3.csv,40x2,1000x2,x0|x1,y,11a4200d0f8576ffc90cfffa6fc0f744b5b64ecfb31d3cdb0fe01cff8acd6526,a7fdb0e3521072fcd2014ee5bcb60723153274a70ace998b56349d7992ba2ca8
3,6-12-13-19-20,6-12-13-19-20,1-3-6-8-10-12-13-15-17-19-20,5,11,0.538,3,"cnot_0->1,cross_on_target,features_normal,sim_manual",1.0,/Users/iratimush/xqml-thesis/data/qsvm-traindata-3.csv,/Users/iratimush/xqml-thesis/data/qsvm-testdata-3.csv,40x2,1000x2,x0|x1,y,11a4200d0f8576ffc90cfffa6fc0f744b5b64ecfb31d3cdb0fe01cff8acd6526,a7fdb0e3521072fcd2014ee5bcb60723153274a70ace998b56349d7992ba2ca8
3,6-12-13-19-20-21,6-12-13-19-20-21,1-3-6-8-10-12-13-15-17-19-20-21,6,12,0.538,3,"cnot_0->1,cross_on_target,features_normal,sim_manual",1.0,/Users/iratimush/xqml-thesis/data/qsvm-traindata-3.csv,/Users/iratimush/xqml-thesis/data/qsvm-testdata-3.csv,40x2,1000x2,x0|x1,y,11a4200d0f8576ffc90cfffa6fc0f744b5b64ecfb31d3cdb0fe01cff8acd6526,a7fdb0e3521072fcd2014ee5bcb60723153274a70ace998b56349d7992ba2ca8
3,6-12-13-20,6-12-13-20,1-3-6-8-10-12-13-15-17-20,4,10,0.555,3,"cnot_0->1,cross_on_target,features_normal,sim_manual",1.0,/Users/iratimush/xqml-thesis/data/qsvm-traindata-3.csv,/Users/iratimush/xqml-thesis/data/qsvm-testdata-3.csv,40x2,1000x2,x0|x1,y,11a4200d0f8576ffc90cfffa6fc0f744b5b64ecfb31d3cdb0fe01cff8acd6526,a7fdb0e3521072fcd2014ee5bcb60723153274a70ace998b56349d7992ba2ca8
3,6-12-13-20-21,6-12-13-20-21,1-3-6-8-10-12-13-15-17-20-21,5,11,0.555,3,"cnot_0->1,cross_on_target,features_normal,sim_manual",1.0,/Users/iratimush/xqml-thesis/data/qsvm-traindata-3.csv,/Users/iratimush/xqml-thesis/data/qsvm-testdata-3.csv,40x2,1000x2,x0|x1,y,11a4200d0f8576ffc90cfffa6fc0f744b5b64ecfb31d3cdb0fe01cff8acd6526,a7fdb0e3521072fcd2014ee5bcb60723153274a70ace998b56349d7992ba2ca8
3,6-13,6-13,1-3-6-8-10-13-15-17,2,8,0.547,3,"cnot_0->1,cross_on_target,features_normal,sim_manual",1.0,/Users/iratimush/xqml-thesis/data/qsvm-traindata-3.csv,/Users/iratimush/xqml-thesis/data/qsvm-testdata-3.csv,40x2,1000x2,x0|x1,y,11a4200d0f8576ffc90cfffa6fc0f744b5b64ecfb31d3cdb0fe01cff8acd6526,a7fdb0e3521072fcd2014ee5bcb60723153274a70ace998b56349d7992ba2ca8
3,6-13-14-19-20,6-13-14-19-20,1-3-6-8-10-13-14-15-17-19-20,5,11,0.538,3,"cnot_0->1,cross_on_target,features_normal,sim_manual",1.0,/Users/iratimush/xqml-thesis/data/qsvm-traindata-3.csv,/Users/iratimush/xqml-thesis/data/qsvm-testdata-3.csv,40x2,1000x2,x0|x1,y,11a4200d0f8576ffc90cfffa6fc0f744b5b64ecfb31d3cdb0fe01cff8acd6526,a7fdb0e3521072fcd2014ee5bcb60723153274a70ace998b56349d7992ba2ca8
3,6-13-14-19-20-21,6-13-14-19-20-21,1-3-6-8-10-13-14-15-17-19-20-21,6,12,0.538,3,"cnot_0->1,cross_on_target,features_normal,sim_manual",1.0,/Users/iratimush/xqml-thesis/data/qsvm-traindata-3.csv,/Users/iratimush/xqml-thesis/data/qsvm-testdata-3.csv,40x2,1000x2,x0|x1,y,11a4200d0f8576ffc90cfffa6fc0f744b5b64ecfb31d3cdb0fe01cff8acd6526,a7fdb0e3521072fcd2014ee5bcb60723153274a70ace998b56349d7992ba2ca8
3,6-13-14-20,6-13-14-20,1-3-6-8-10-13-14-15-17-20,4,10,0.555,3,"cnot_0->1,cross_on_target,features_normal,sim_manual",1.0,/Users/iratimush/xqml-thesis/data/qsvm-traindata-3.csv,/Users/iratimush/xqml-thesis/data/qsvm-testdata-3.csv,40x2,1000x2,x0|x1,y,11a4200d0f8576ffc90cfffa6fc0f744b5b64ecfb31d3cdb0fe01cff8acd6526,a7fdb0e3521072fcd2014ee5bcb60723153274a70ace998b56349d7992ba2ca8
3,6-13-14-20-21,6-13-14-20-21,1-3-6-8-10-13-14-15-17-20-21,5,11,0.555,3,"cnot_0->1,cross_on_target,features_normal,sim_manual",1.0,/Users/iratimush/xqml-thesis/data/qsvm-traindata-3.csv,/Users/iratimush/xqml-thesis/data/qsvm-testdata-3.csv,40x2,1000x2,x0|x1,y,11a4200d0f8576ffc90cfffa6fc0f744b5b64ecfb31d3cdb0fe01cff8acd6526,a7fdb0e3521072fcd2014ee5bcb60723153274a70ace998b56349d7992ba2ca8
3,6-13-16-18-20,6-13-16-18-20,1-3-6-8-10-13-15-16-17-18-20,5,11,0.534,3,"cnot_0->1,cross_on_target,features_normal,sim_manual",1.0,/Users/iratimush/xqml-thesis/data/qsvm-traindata-3.csv,/Users/iratimush/xqml-thesis/data/qsvm-testdata-3.csv,40x2,1000x2,x0|x1,y,11a4200d0f8576ffc90cfffa6fc0f744b5b64ecfb31d3cdb0fe01cff8acd6526,a7fdb0e3521072fcd2014ee5bcb60723153274a70ace998b56349d7992ba2ca8
3,6-13-16-20,6-13-16-20,1-3-6-8-10-13-15-16-17-20,4,10,0.54,3,"cnot_0->1,cross_on_target,features_normal,sim_manual",1.0,/Users/iratimush/xqml-thesis/data/qsvm-traindata-3.csv,/Users/iratimush/xqml-thesis/data/qsvm-testdata-3.csv,40x2,1000x2,x0|x1,y,11a4200d0f8576ffc90cfffa6fc0f744b5b64ecfb31d3cdb0fe01cff8acd6526,a7fdb0e3521072fcd2014ee5bcb60723153274a70ace998b56349d7992ba2ca8
3,6-13-18-20,6-13-18-20,1-3-6-8-10-13-15-17-18-20,4,10,0.534,3,"cnot_0->1,cross_on_target,features_normal,sim_manual",1.0,/Users/iratimush/xqml-thesis/data/qsvm-traindata-3.csv,/Users/iratimush/xqml-thesis/data/qsvm-testdata-3.csv,40x2,1000x2,x0|x1,y,11a4200d0f8576ffc90cfffa6fc0f744b5b64ecfb31d3cdb0fe01cff8acd6526,a7fdb0e3521072fcd2014ee5bcb60723153274a70ace998b56349d7992ba2ca8
3,6-13-19-20,6-13-19-20,1-3-6-8-10-13-15-17-19-20,4,10,0.538,3,"cnot_0->1,cross_on_target,features_normal,sim_manual",1.0,/Users/iratimush/xqml-thesis/data/qsvm-traindata-3.csv,/Users/iratimush/xqml-thesis/data/qsvm-testdata-3.csv,40x2,1000x2,x0|x1,y,11a4200d0f8576ffc90cfffa6fc0f744b5b64ecfb31d3cdb0fe01cff8acd6526,a7fdb0e3521072fcd2014ee5bcb60723153274a70ace998b56349d7992ba2ca8
3,6-13-19-20-21,6-13-19-20-21,1-3-6-8-10-13-15-17-19-20-21,5,11,0.538,3,"cnot_0->1,cross_on_target,features_normal,sim_manual",1.0,/Users/iratimush/xqml-thesis/data/qsvm-traindata-3.csv,/Users/iratimush/xqml-thesis/data/qsvm-testdata-3.csv,40x2,1000x2,x0|x1,y,11a4200d0f8576ffc90cfffa6fc0f744b5b64ecfb31d3cdb0fe01cff8acd6526,a7fdb0e3521072fcd2014ee5bcb60723153274a70ace998b56349d7992ba2ca8
3,6-13-20,6-13-20,1-3-6-8-10-13-15-17-20,3,9,0.555,3,"cnot_0->1,cross_on_target,features_normal,sim_manual",1.0,/Users/iratimush/xqml-thesis/data/qsvm-traindata-3.csv,/Users/iratimush/xqml-thesis/data/qsvm-testdata-3.csv,40x2,1000x2,x0|x1,y,11a4200d0f8576ffc90cfffa6fc0f744b5b64ecfb31d3cdb0fe01cff8acd6526,a7fdb0e3521072fcd2014ee5bcb60723153274a70ace998b56349d7992ba2ca8
3,6-13-20-21,6-13-20-21,1-3-6-8-10-13-15-17-20-21,4,10,0.555,3,"cnot_0->1,cross_on_target,features_normal,sim_manual",1.0,/Users/iratimush/xqml-thesis/data/qsvm-traindata-3.csv,/Users/iratimush/xqml-thesis/data/qsvm-testdata-3.csv,40x2,1000x2,x0|x1,y,11a4200d0f8576ffc90cfffa6fc0f744b5b64ecfb31d3cdb0fe01cff8acd6526,a7fdb0e3521072fcd2014ee5bcb60723153274a70ace998b56349d7992ba2ca8
3,6-20,6-20,1-3-6-8-10-15-17-20,2,8,0.551,3,"cnot_0->1,cross_on_target,features_normal,sim_manual",1.0,/Users/iratimush/xqml-thesis/data/qsvm-traindata-3.csv,/Users/iratimush/xqml-thesis/data/qsvm-testdata-3.csv,40x2,1000x2,x0|x1,y,11a4200d0f8576ffc90cfffa6fc0f744b5b64ecfb31d3cdb0fe01cff8acd6526,a7fdb0e3521072fcd2014ee5bcb60723153274a70ace998b56349d7992ba2ca8
3,7,7,1-3-7-8-10-15-17,1,7,0.5,3,"cnot_0->1,cross_on_target,features_normal,sim_manual",1.0,/Users/iratimush/xqml-thesis/data/qsvm-traindata-3.csv,/Users/iratimush/xqml-thesis/data/qsvm-testdata-3.csv,40x2,1000x2,x0|x1,y,11a4200d0f8576ffc90cfffa6fc0f744b5b64ecfb31d3cdb0fe01cff8acd6526,a7fdb0e3521072fcd2014ee5bcb60723153274a70ace998b56349d7992ba2ca8
3,7-12,7-12,1-3-7-8-10-12-15-17,2,8,0.5,3,"cnot_0->1,cross_on_target,features_normal,sim_manual",1.0,/Users/iratimush/xqml-thesis/data/qsvm-traindata-3.csv,/Users/iratimush/xqml-thesis/data/qsvm-testdata-3.csv,40x2,1000x2,x0|x1,y,11a4200d0f8576ffc90cfffa6fc0f744b5b64ecfb31d3cdb0fe01cff8acd6526,a7fdb0e3521072fcd2014ee5bcb60723153274a70ace998b56349d7992ba2ca8
3,7-12-14,7-12-14,1-3-7-8-10-12-14-15-17,3,9,0.5,3,"cnot_0->1,cross_on_target,features_normal,sim_manual",1.0,/Users/iratimush/xqml-thesis/data/qsvm-traindata-3.csv,/Users/iratimush/xqml-thesis/data/qsvm-testdata-3.csv,40x2,1000x2,x0|x1,y,11a4200d0f8576ffc90cfffa6fc0f744b5b64ecfb31d3cdb0fe01cff8acd6526,a7fdb0e3521072fcd2014ee5bcb60723153274a70ace998b56349d7992ba2ca8
3,7-12-14-19,7-12-14-19,1-3-7-8-10-12-14-15-17-19,4,10,0.5,3,"cnot_0->1,cross_on_target,features_normal,sim_manual",1.0,/Users/iratimush/xqml-thesis/data/qsvm-traindata-3.csv,/Users/iratimush/xqml-thesis/data/qsvm-testdata-3.csv,40x2,1000x2,x0|x1,y,11a4200d0f8576ffc90cfffa6fc0f744b5b64ecfb31d3cdb0fe01cff8acd6526,a7fdb0e3521072fcd2014ee5bcb60723153274a70ace998b56349d7992ba2ca8
3,7-12-14-19-21,7-12-14-19-21,1-3-7-8-10-12-14-15-17-19-21,5,11,0.5,3,"cnot_0->1,cross_on_target,features_normal,sim_manual",1.0,/Users/iratimush/xqml-thesis/data/qsvm-traindata-3.csv,/Users/iratimush/xqml-thesis/data/qsvm-testdata-3.csv,40x2,1000x2,x0|x1,y,11a4200d0f8576ffc90cfffa6fc0f744b5b64ecfb31d3cdb0fe01cff8acd6526,a7fdb0e3521072fcd2014ee5bcb60723153274a70ace998b56349d7992ba2ca8
3,7-12-14-21,7-12-14-21,1-3-7-8-10-12-14-15-17-21,4,10,0.5,3,"cnot_0->1,cross_on_target,features_normal,sim_manual",1.0,/Users/iratimush/xqml-thesis/data/qsvm-traindata-3.csv,/Users/iratimush/xqml-thesis/data/qsvm-testdata-3.csv,40x2,1000x2,x0|x1,y,11a4200d0f8576ffc90cfffa6fc0f744b5b64ecfb31d3cdb0fe01cff8acd6526,a7fdb0e3521072fcd2014ee5bcb60723153274a70ace998b56349d7992ba2ca8
3,7-12-19,7-12-19,1-3-7-8-10-12-15-17-19,3,9,0.5,3,"cnot_0->1,cross_on_target,features_normal,sim_manual",1.0,/Users/iratimush/xqml-thesis/data/qsvm-traindata-3.csv,/Users/iratimush/xqml-thesis/data/qsvm-testdata-3.csv,40x2,1000x2,x0|x1,y,11a4200d0f8576ffc90cfffa6fc0f744b5b64ecfb31d3cdb0fe01cff8acd6526,a7fdb0e3521072fcd2014ee5bcb60723153274a70ace998b56349d7992ba2ca8
3,7-12-19-21,7-12-19-21,1-3-7-8-10-12-15-17-19-21,4,10,0.5,3,"cnot_0->1,cross_on_target,features_normal,sim_manual",1.0,/Users/iratimush/xqml-thesis/data/qsvm-traindata-3.csv,/Users/iratimush/xqml-thesis/data/qsvm-testdata-3.csv,40x2,1000x2,x0|x1,y,11a4200d0f8576ffc90cfffa6fc0f744b5b64ecfb31d3cdb0fe01cff8acd6526,a7fdb0e3521072fcd2014ee5bcb60723153274a70ace998b56349d7992ba2ca8
3,7-12-21,7-12-21,1-3-7-8-10-12-15-17-21,3,9,0.5,3,"cnot_0->1,cross_on_target,features_normal,sim_manual",1.0,/Users/iratimush/xqml-thesis/data/qsvm-traindata-3.csv,/Users/iratimush/xqml-thesis/data/qsvm-testdata-3.csv,40x2,1000x2,x0|x1,y,11a4200d0f8576ffc90cfffa6fc0f744b5b64ecfb31d3cdb0fe01cff8acd6526,a7fdb0e3521072fcd2014ee5bcb60723153274a70ace998b56349d7992ba2ca8
3,7-14,7-14,1-3-7-8-10-14-15-17,2,8,0.5,3,"cnot_0->1,cross_on_target,features_normal,sim_manual",1.0,/Users/iratimush/xqml-thesis/data/qsvm-traindata-3.csv,/Users/iratimush/xqml-thesis/data/qsvm-testdata-3.csv,40x2,1000x2,x0|x1,y,11a4200d0f8576ffc90cfffa6fc0f744b5b64ecfb31d3cdb0fe01cff8acd6526,a7fdb0e3521072fcd2014ee5bcb60723153274a70ace998b56349d7992ba2ca8
3,7-14-19,7-14-19,1-3-7-8-10-14-15-17-19,3,9,0.5,3,"cnot_0->1,cross_on_target,features_normal,sim_manual",1.0,/Users/iratimush/xqml-thesis/data/qsvm-traindata-3.csv,/Users/iratimush/xqml-thesis/data/qsvm-testdata-3.csv,40x2,1000x2,x0|x1,y,11a4200d0f8576ffc90cfffa6fc0f744b5b64ecfb31d3cdb0fe01cff8acd6526,a7fdb0e3521072fcd2014ee5bcb60723153274a70ace998b56349d7992ba2ca8
3,7-14-19-21,7-14-19-21,1-3-7-8-10-14-15-17-19-21,4,10,0.5,3,"cnot_0->1,cross_on_target,features_normal,sim_manual",1.0,/Users/iratimush/xqml-thesis/data/qsvm-traindata-3.csv,/Users/iratimush/xqml-thesis/data/qsvm-testdata-3.csv,40x2,1000x2,x0|x1,y,11a4200d0f8576ffc90cfffa6fc0f744b5b64ecfb31d3cdb0fe01cff8acd6526,a7fdb0e3521072fcd2014ee5bcb60723153274a70ace998b56349d7992ba2ca8
3,7-14-21,7-14-21,1-3-7-8-10-14-15-17-21,3,9,0.5,3,"cnot_0->1,cross_on_target,features_normal,sim_manual",1.0,/Users/iratimush/xqml-thesis/data/qsvm-traindata-3.csv,/Users/iratimush/xqml-thesis/data/qsvm-testdata-3.csv,40x2,1000x2,x0|x1,y,11a4200d0f8576ffc90cfffa6fc0f744b5b64ecfb31d3cdb0fe01cff8acd6526,a7fdb0e3521072fcd2014ee5bcb60723153274a70ace998b56349d7992ba2ca8
3,7-19,7-19,1-3-7-8-10-15-17-19,2,8,0.5,3,"cnot_0->1,cross_on_target,features_normal,sim_manual",1.0,/Users/iratimush/xqml-thesis/data/qsvm-traindata-3.csv,/Users/iratimush/xqml-thesis/data/qsvm-testdata-3.csv,40x2,1000x2,x0|x1,y,11a4200d0f8576ffc90cfffa6fc0f744b5b64ecfb31d3cdb0fe01cff8acd6526,a7fdb0e3521072fcd2014ee5bcb60723153274a70ace998b56349d7992ba2ca8
3,7-19-21,7-19-21,1-3-7-8-10-15-17-19-21,3,9,0.5,3,"cnot_0->1,cross_on_target,features_normal,sim_manual",1.0,/Users/iratimush/xqml-thesis/data/qsvm-traindata-3.csv,/Users/iratimush/xqml-thesis/data/qsvm-testdata-3.csv,40x2,1000x2,x0|x1,y,11a4200d0f8576ffc90cfffa6fc0f744b5b64ecfb31d3cdb0fe01cff8acd6526,a7fdb0e3521072fcd2014ee5bcb60723153274a70ace998b56349d7992ba2ca8
3,7-21,7-21,1-3-7-8-10-15-17-21,2,8,0.5,3,"cnot_0->1,cross_on_target,features_normal,sim_manual",1.0,/Users/iratimush/xqml-thesis/data/qsvm-traindata-3.csv,/Users/iratimush/xqml-thesis/data/qsvm-testdata-3.csv,40x2,1000x2,x0|x1,y,11a4200d0f8576ffc90cfffa6fc0f744b5b64ecfb31d3cdb0fe01cff8acd6526,a7fdb0e3521072fcd2014ee5bcb60723153274a70ace998b56349d7992ba2ca8
3,9,9,1-3-8-9-10-15-17,1,7,0.5,3,"cnot_0->1,cross_on_target,features_normal,sim_manual",1.0,/Users/iratimush/xqml-thesis/data/qsvm-traindata-3.csv,/Users/iratimush/xqml-thesis/data/qsvm-testdata-3.csv,40x2,1000x2,x0|x1,y,11a4200d0f8576ffc90cfffa6fc0f744b5b64ecfb31d3cdb0fe01cff8acd6526,a7fdb0e3521072fcd2014ee5bcb60723153274a70ace998b56349d7992ba2ca8
3,9-11,9-11,1-3-8-9-10-11-15-17,2,8,0.5,3,"cnot_0->1,cross_on_target,features_normal,sim_manual",1.0,/Users/iratimush/xqml-thesis/data/qsvm-traindata-3.csv,/Users/iratimush/xqml-thesis/data/qsvm-testdata-3.csv,40x2,1000x2,x0|x1,y,11a4200d0f8576ffc90cfffa6fc0f744b5b64ecfb31d3cdb0fe01cff8acd6526,a7fdb0e3521072fcd2014ee5bcb60723153274a70ace998b56349d7992ba2ca8
3,9-11-16,9-11-16,1-3-8-9-10-11-15-16-17,3,9,0.514,3,"cnot_0->1,cross_on_target,features_normal,sim_manual",1.0,/Users/iratimush/xqml-thesis/data/qsvm-traindata-3.csv,/Users/iratimush/xqml-thesis/data/qsvm-testdata-3.csv,40x2,1000x2,x0|x1,y,11a4200d0f8576ffc90cfffa6fc0f744b5b64ecfb31d3cdb0fe01cff8acd6526,a7fdb0e3521072fcd2014ee5bcb60723153274a70ace998b56349d7992ba2ca8
3,9-11-16-18,9-11-16-18,1-3-8-9-10-11-15-16-17-18,4,10,0.654,3,"cnot_0->1,cross_on_target,features_normal,sim_manual",1.0,/Users/iratimush/xqml-thesis/data/qsvm-traindata-3.csv,/Users/iratimush/xqml-thesis/data/qsvm-testdata-3.csv,40x2,1000x2,x0|x1,y,11a4200d0f8576ffc90cfffa6fc0f744b5b64ecfb31d3cdb0fe01cff8acd6526,a7fdb0e3521072fcd2014ee5bcb60723153274a70ace998b56349d7992ba2ca8
3,9-11-18,9-11-18,1-3-8-9-10-11-15-17-18,3,9,0.495,3,"cnot_0->1,cross_on_target,features_normal,sim_manual",1.0,/Users/iratimush/xqml-thesis/data/qsvm-traindata-3.csv,/Users/iratimush/xqml-thesis/data/qsvm-testdata-3.csv,40x2,1000x2,x0|x1,y,11a4200d0f8576ffc90cfffa6fc0f744b5b64ecfb31d3cdb0fe01cff8acd6526,a7fdb0e3521072fcd2014ee5bcb60723153274a70ace998b56349d7992ba2ca8
3,9-16,9-16,1-3-8-9-10-15-16-17,2,8,0.514,3,"cnot_0->1,cross_on_target,features_normal,sim_manual",1.0,/Users/iratimush/xqml-thesis/data/qsvm-traindata-3.csv,/Users/iratimush/xqml-thesis/data/qsvm-testdata-3.csv,40x2,1000x2,x0|x1,y,11a4200d0f8576ffc90cfffa6fc0f744b5b64ecfb31d3cdb0fe01cff8acd6526,a7fdb0e3521072fcd2014ee5bcb60723153274a70ace998b56349d7992ba2ca8
3,9-16-18,9-16-18,1-3-8-9-10-15-16-17-18,3,9,0.654,3,"cnot_0->1,cross_on_target,features_normal,sim_manual",1.0,/Users/iratimush/xqml-thesis/data/qsvm-traindata-3.csv,/Users/iratimush/xqml-thesis/data/qsvm-testdata-3.csv,40x2,1000x2,x0|x1,y,11a4200d0f8576ffc90cfffa6fc0f744b5b64ecfb31d3cdb0fe01cff8acd6526,a7fdb0e3521072fcd2014ee5bcb60723153274a70ace998b56349d7992ba2ca8
3,9-18,9-18,1-3-8-9-10-15-17-18,2,8,0.495,3,"cnot_0->1,cross_on_target,features_normal,sim_manual",1.0,/Users/iratimush/xqml-thesis/data/qsvm-traindata-3.csv,/Users/iratimush/xqml-thesis/data/qsvm-testdata-3.csv,40x2,1000x2,x0|x1,y,11a4200d0f8576ffc90cfffa6fc0f744b5b64ecfb31d3cdb0fe01cff8acd6526,a7fdb0e3521072fcd2014ee5bcb60723153274a70ace998b56349d7992ba2ca8
3,11,11,1-3-8-10-11-15-17,1,7,0.5,3,"cnot_0->1,cross_on_target,features_normal,sim_manual",1.0,/Users/iratimush/xqml-thesis/data/qsvm-traindata-3.csv,/Users/iratimush/xqml-thesis/data/qsvm-testdata-3.csv,40x2,1000x2,x0|x1,y,11a4200d0f8576ffc90cfffa6fc0f744b5b64ecfb31d3cdb0fe01cff8acd6526,a7fdb0e3521072fcd2014ee5bcb60723153274a70ace998b56349d7992ba2ca8
3,11-16,11-16,1-3-8-10-11-15-16-17,2,8,0.514,3,"cnot_0->1,cross_on_target,features_normal,sim_manual",1.0,/Users/iratimush/xqml-thesis/data/qsvm-traindata-3.csv,/Users/iratimush/xqml-thesis/data/qsvm-testdata-3.csv,40x2,1000x2,x0|x1,y,11a4200d0f8576ffc90cfffa6fc0f744b5b64ecfb31d3cdb0fe01cff8acd6526,a7fdb0e3521072fcd2014ee5bcb60723153274a70ace998b56349d7992ba2ca8
3,11-16-18,11-16-18,1-3-8-10-11-15-16-17-18,3,9,0.654,3,"cnot_0->1,cross_on_target,features_normal,sim_manual",1.0,/Users/iratimush/xqml-thesis/data/qsvm-traindata-3.csv,/Users/iratimush/xqml-thesis/data/qsvm-testdata-3.csv,40x2,1000x2,x0|x1,y,11a4200d0f8576ffc90cfffa6fc0f744b5b64ecfb31d3cdb0fe01cff8acd6526,a7fdb0e3521072fcd2014ee5bcb60723153274a70ace998b56349d7992ba2ca8
3,11-18,11-18,1-3-8-10-11-15-17-18,2,8,0.495,3,"cnot_0->1,cross_on_target,features_normal,sim_manual",1.0,/Users/iratimush/xqml-thesis/data/qsvm-traindata-3.csv,/Users/iratimush/xqml-thesis/data/qsvm-testdata-3.csv,40x2,1000x2,x0|x1,y,11a4200d0f8576ffc90cfffa6fc0f744b5b64ecfb31d3cdb0fe01cff8acd6526,a7fdb0e3521072fcd2014ee5bcb60723153274a70ace998b56349d7992ba2ca8
3,12,12,1-3-8-10-12-15-17,1,7,0.5,3,"cnot_0->1,cross_on_target,features_normal,sim_manual",1.0,/Users/iratimush/xqml-thesis/data/qsvm-traindata-3.csv,/Users/iratimush/xqml-thesis/data/qsvm-testdata-3.csv,40x2,1000x2,x0|x1,y,11a4200d0f8576ffc90cfffa6fc0f744b5b64ecfb31d3cdb0fe01cff8acd6526,a7fdb0e3521072fcd2014ee5bcb60723153274a70ace998b56349d7992ba2ca8
3,12-14,12-14,1-3-8-10-12-14-15-17,2,8,0.5,3,"cnot_0->1,cross_on_target,features_normal,sim_manual",1.0,/Users/iratimush/xqml-thesis/data/qsvm-traindata-3.csv,/Users/iratimush/xqml-thesis/data/qsvm-testdata-3.csv,40x2,1000x2,x0|x1,y,11a4200d0f8576ffc90cfffa6fc0f744b5b64ecfb31d3cdb0fe01cff8acd6526,a7fdb0e3521072fcd2014ee5bcb60723153274a70ace998b56349d7992ba2ca8
3,12-14-19,12-14-19,1-3-8-10-12-14-15-17-19,3,9,0.5,3,"cnot_0->1,cross_on_target,features_normal,sim_manual",1.0,/Users/iratimush/xqml-thesis/data/qsvm-traindata-3.csv,/Users/iratimush/xqml-thesis/data/qsvm-testdata-3.csv,40x2,1000x2,x0|x1,y,11a4200d0f8576ffc90cfffa6fc0f744b5b64ecfb31d3cdb0fe01cff8acd6526,a7fdb0e3521072fcd2014ee5bcb60723153274a70ace998b56349d7992ba2ca8
3,12-14-19-21,12-14-19-21,1-3-8-10-12-14-15-17-19-21,4,10,0.5,3,"cnot_0->1,cross_on_target,features_normal,sim_manual",1.0,/Users/iratimush/xqml-thesis/data/qsvm-traindata-3.csv,/Users/iratimush/xqml-thesis/data/qsvm-testdata-3.csv,40x2,1000x2,x0|x1,y,11a4200d0f8576ffc90cfffa6fc0f744b5b64ecfb31d3cdb0fe01cff8acd6526,a7fdb0e3521072fcd2014ee5bcb60723153274a70ace998b56349d7992ba2ca8
3,12-14-21,12-14-21,1-3-8-10-12-14-15-17-21,3,9,0.5,3,"cnot_0->1,cross_on_target,features_normal,sim_manual",1.0,/Users/iratimush/xqml-thesis/data/qsvm-traindata-3.csv,/Users/iratimush/xqml-thesis/data/qsvm-testdata-3.csv,40x2,1000x2,x0|x1,y,11a4200d0f8576ffc90cfffa6fc0f744b5b64ecfb31d3cdb0fe01cff8acd6526,a7fdb0e3521072fcd2014ee5bcb60723153274a70ace998b56349d7992ba2ca8
3,12-19,12-19,1-3-8-10-12-15-17-19,2,8,0.5,3,"cnot_0->1,cross_on_target,features_normal,sim_manual",1.0,/Users/iratimush/xqml-thesis/data/qsvm-traindata-3.csv,/Users/iratimush/xqml-thesis/data/qsvm-testdata-3.csv,40x2,1000x2,x0|x1,y,11a4200d0f8576ffc90cfffa6fc0f744b5b64ecfb31d3cdb0fe01cff8acd6526,a7fdb0e3521072fcd2014ee5bcb60723153274a70ace998b56349d7992ba2ca8
3,12-19-21,12-19-21,1-3-8-10-12-15-17-19-21,3,9,0.5,3,"cnot_0->1,cross_on_target,features_normal,sim_manual",1.0,/Users/iratimush/xqml-thesis/data/qsvm-traindata-3.csv,/Users/iratimush/xqml-thesis/data/qsvm-testdata-3.csv,40x2,1000x2,x0|x1,y,11a4200d0f8576ffc90cfffa6fc0f744b5b64ecfb31d3cdb0fe01cff8acd6526,a7fdb0e3521072fcd2014ee5bcb60723153274a70ace998b56349d7992ba2ca8
3,12-21,12-21,1-3-8-10-12-15-17-21,2,8,0.5,3,"cnot_0->1,cross_on_target,features_normal,sim_manual",1.0,/Users/iratimush/xqml-thesis/data/qsvm-traindata-3.csv,/Users/iratimush/xqml-thesis/data/qsvm-testdata-3.csv,40x2,1000x2,x0|x1,y,11a4200d0f8576ffc90cfffa6fc0f744b5b64ecfb31d3cdb0fe01cff8acd6526,a7fdb0e3521072fcd2014ee5bcb60723153274a70ace998b56349d7992ba2ca8
3,13,13,1-3-8-10-13-15-17,1,7,0.5,3,"cnot_0->1,cross_on_target,features_normal,sim_manual",1.0,/Users/iratimush/xqml-thesis/data/qsvm-traindata-3.csv,/Users/iratimush/xqml-thesis/data/qsvm-testdata-3.csv,40x2,1000x2,x0|x1,y,11a4200d0f8576ffc90cfffa6fc0f744b5b64ecfb31d3cdb0fe01cff8acd6526,a7fdb0e3521072fcd2014ee5bcb60723153274a70ace998b56349d7992ba2ca8
3,13-20,13-20,1-3-8-10-13-15-17-20,2,8,0.51,3,"cnot_0->1,cross_on_target,features_normal,sim_manual",1.0,/Users/iratimush/xqml-thesis/data/qsvm-traindata-3.csv,/Users/iratimush/xqml-thesis/data/qsvm-testdata-3.csv,40x2,1000x2,x0|x1,y,11a4200d0f8576ffc90cfffa6fc0f744b5b64ecfb31d3cdb0fe01cff8acd6526,a7fdb0e3521072fcd2014ee5bcb60723153274a70ace998b56349d7992ba2ca8
3,14,14,1-3-8-10-14-15-17,1,7,0.5,3,"cnot_0->1,cross_on_target,features_normal,sim_manual",1.0,/Users/iratimush/xqml-thesis/data/qsvm-traindata-3.csv,/Users/iratimush/xqml-thesis/data/qsvm-testdata-3.csv,40x2,1000x2,x0|x1,y,11a4200d0f8576ffc90cfffa6fc0f744b5b64ecfb31d3cdb0fe01cff8acd6526,a7fdb0e3521072fcd2014ee5bcb60723153274a70ace998b56349d7992ba2ca8
3,14-19,14-19,1-3-8-10-14-15-17-19,2,8,0.5,3,"cnot_0->1,cross_on_target,features_normal,sim_manual",1.0,/Users/iratimush/xqml-thesis/data/qsvm-traindata-3.csv,/Users/iratimush/xqml-thesis/data/qsvm-testdata-3.csv,40x2,1000x2,x0|x1,y,11a4200d0f8576ffc90cfffa6fc0f744b5b64ecfb31d3cdb0fe01cff8acd6526,a7fdb0e3521072fcd2014ee5bcb60723153274a70ace998b56349d7992ba2ca8
3,14-19-21,14-19-21,1-3-8-10-14-15-17-19-21,3,9,0.5,3,"cnot_0->1,cross_on_target,features_normal,sim_manual",1.0,/Users/iratimush/xqml-thesis/data/qsvm-traindata-3.csv,/Users/iratimush/xqml-thesis/data/qsvm-testdata-3.csv,40x2,1000x2,x0|x1,y,11a4200d0f8576ffc90cfffa6fc0f744b5b64ecfb31d3cdb0fe01cff8acd6526,a7fdb0e3521072fcd2014ee5bcb60723153274a70ace998b56349d7992ba2ca8
3,14-21,14-21,1-3-8-10-14-15-17-21,2,8,0.5,3,"cnot_0->1,cross_on_target,features_normal,sim_manual",1.0,/Users/iratimush/xqml-thesis/data/qsvm-traindata-3.csv,/Users/iratimush/xqml-thesis/data/qsvm-testdata-3.csv,40x2,1000x2,x0|x1,y,11a4200d0f8576ffc90cfffa6fc0f744b5b64ecfb31d3cdb0fe01cff8acd6526,a7fdb0e3521072fcd2014ee5bcb60723153274a70ace998b56349d7992ba2ca8
3,16,16,1-3-8-10-15-16-17,1,7,0.514,3,"cnot_0->1,cross_on_target,features_normal,sim_manual",1.0,/Users/iratimush/xqml-thesis/data/qsvm-traindata-3.csv,/Users/iratimush/xqml-thesis/data/qsvm-testdata-3.csv,40x2,1000x2,x0|x1,y,11a4200d0f8576ffc90cfffa6fc0f744b5b64ecfb31d3cdb0fe01cff8acd6526,a7fdb0e3521072fcd2014ee5bcb60723153274a70ace998b56349d7992ba2ca8
3,16-18,16-18,1-3-8-10-15-16-17-18,2,8,0.654,3,"cnot_0->1,cross_on_target,features_normal,sim_manual",1.0,/Users/iratimush/xqml-thesis/data/qsvm-traindata-3.csv,/Users/iratimush/xqml-thesis/data/qsvm-testdata-3.csv,40x2,1000x2,x0|x1,y,11a4200d0f8576ffc90cfffa6fc0f744b5b64ecfb31d3cdb0fe01cff8acd6526,a7fdb0e3521072fcd2014ee5bcb60723153274a70ace998b56349d7992ba2ca8
3,18,18,1-3-8-10-15-17-18,1,7,0.495,3,"cnot_0->1,cross_on_target,features_normal,sim_manual",1.0,/Users/iratimush/xqml-thesis/data/qsvm-traindata-3.csv,/Users/iratimush/xqml-thesis/data/qsvm-testdata-3.csv,40x2,1000x2,x0|x1,y,11a4200d0f8576ffc90cfffa6fc0f744b5b64ecfb31d3cdb0fe01cff8acd6526,a7fdb0e3521072fcd2014ee5bcb60723153274a70ace998b56349d7992ba2ca8
3,19,19,1-3-8-10-15-17-19,1,7,0.5,3,"cnot_0->1,cross_on_target,features_normal,sim_manual",1.0,/Users/iratimush/xqml-thesis/data/qsvm-traindata-3.csv,/Users/iratimush/xqml-thesis/data/qsvm-testdata-3.csv,40x2,1000x2,x0|x1,y,11a4200d0f8576ffc90cfffa6fc0f744b5b64ecfb31d3cdb0fe01cff8acd6526,a7fdb0e3521072fcd2014ee5bcb60723153274a70ace998b56349d7992ba2ca8
3,19-21,19-21,1-3-8-10-15-17-19-21,2,8,0.5,3,"cnot_0->1,cross_on_target,features_normal,sim_manual",1.0,/Users/iratimush/xqml-thesis/data/qsvm-traindata-3.csv,/Users/iratimush/xqml-thesis/data/qsvm-testdata-3.csv,40x2,1000x2,x0|x1,y,11a4200d0f8576ffc90cfffa6fc0f744b5b64ecfb31d3cdb0fe01cff8acd6526,a7fdb0e3521072fcd2014ee5bcb60723153274a70ace998b56349d7992ba2ca8
3,20,20,1-3-8-10-15-17-20,1,7,0.51,3,"cnot_0->1,cross_on_target,features_normal,sim_manual",1.0,/Users/iratimush/xqml-thesis/data/qsvm-traindata-3.csv,/Users/iratimush/xqml-thesis/data/qsvm-testdata-3.csv,40x2,1000x2,x0|x1,y,11a4200d0f8576ffc90cfffa6fc0f744b5b64ecfb31d3cdb0fe01cff8acd6526,a7fdb0e3521072fcd2014ee5bcb60723153274a70ace998b56349d7992ba2ca8
3,21,21,1-3-8-10-15-17-21,1,7,0.5,3,"cnot_0->1,cross_on_target,features_normal,sim_manual",1.0,/Users/iratimush/xqml-thesis/data/qsvm-traindata-3.csv,/Users/iratimush/xqml-thesis/data/qsvm-testdata-3.csv,40x2,1000x2,x0|x1,y,11a4200d0f8576ffc90cfffa6fc0f744b5b64ecfb31d3cdb0fe01cff8acd6526,a7fdb0e3521072fcd2014ee5bcb60723153274a70ace998b56349d7992ba2ca8
